Institute,Academic Program Name,Quota,Seat Type,Gender,Opening Rank,Closing Rank
Indian Institute of Technology Bhubaneswar,"Civil Engineering (4 Years, Bachelor of Technology)",AI,OPEN,Gender-Neutral,10752,16868
Indian Institute of Technology Bhubaneswar,"Civil Engineering (4 Years, Bachelor of Technology)",AI,OPEN,Female-only (including Supernumerary),15637,24750
Indian Institute of Technology Bhubaneswar,"Civil Engineering (4 Years, Bachelor of Technology)",AI,EWS,Gender-Neutral,2343,2510
Indian Institute of Technology Bhubaneswar,"Civil Engineering (4 Years, Bachelor of Technology)",AI,EWS,Female-only (including Supernumerary),4180,4281
Indian Institute of Technology Bhubaneswar,"Civil Engineering (4 Years, Bachelor of Technology)",AI,OBC-NCL,Gender-Neutral,4528,5550
Indian Institute of Technology Bhubaneswar,"Civil Engineering (4 Years, Bachelor of Technology)",AI,OBC-NCL,Female-only (including Supernumerary),8841,10132
Indian Institute of Technology Bhubaneswar,"Civil Engineering (4 Years, Bachelor of Technology)",AI,SC,Gender-Neutral,2260,2799
Indian Institute of Technology Bhubaneswar,"Civil Engineering (4 Years, Bachelor of Technology)",AI,SC,Female-only (including Supernumerary),4117,4371
Indian Institute of Technology Bhubaneswar,"Civil Engineering (4 Years, Bachelor of Technology)",AI,ST,Gender-Neutral,989,1080
Indian Institute of Technology Bhubaneswar,"Civil Engineering (4 Years, Bachelor of Technology)",AI,ST,Female-only (including Supernumerary),1128,1338
Indian Institute of Technology Bhubaneswar,"Computer Science and Engineering (4 Years, Bachelor of Technology)",AI,OPEN,Gender-Neutral,3022,4899
Indian Institute of Technology Bhubaneswar,"Computer Science and Engineering (4 Years, Bachelor of Technology)",AI,OPEN,Female-only (including Supernumerary),5759,8782
Indian Institute of Technology Bhubaneswar,"Computer Science and Engineering (4 Years, Bachelor of Technology)",AI,OPEN (PwD),Female-only (including Supernumerary),227,227
Indian Institute of Technology Bhubaneswar,"Computer Science and Engineering (4 Years, Bachelor of Technology)",AI,EWS,Gender-Neutral,583,696
Indian Institute of Technology Bhubaneswar,"Computer Science and Engineering (4 Years, Bachelor of Technology)",AI,EWS,Female-only (including Supernumerary),1274,1393
Indian Institute of Technology Bhubaneswar,"Computer Science and Engineering (4 Years, Bachelor of Technology)",AI,OBC-NCL,Gender-Neutral,1242,1551
Indian Institute of Technology Bhubaneswar,"Computer Science and Engineering (4 Years, Bachelor of Technology)",AI,OBC-NCL,Female-only (including Supernumerary),2762,3481
Indian Institute of Technology Bhubaneswar,"Computer Science and Engineering (4 Years, Bachelor of Technology)",AI,OBC-NCL (PwD),Gender-Neutral,41,41
Indian Institute of Technology Bhubaneswar,"Computer Science and Engineering (4 Years, Bachelor of Technology)",AI,SC,Gender-Neutral,368,899
Indian Institute of Technology Bhubaneswar,"Computer Science and Engineering (4 Years, Bachelor of Technology)",AI,SC,Female-only (including Supernumerary),1201,1260
Indian Institute of Technology Bhubaneswar,"Computer Science and Engineering (4 Years, Bachelor of Technology)",AI,ST,Gender-Neutral,264,326
Indian Institute of Technology Bhubaneswar,"Computer Science and Engineering (4 Years, Bachelor of Technology)",AI,ST,Female-only (including Supernumerary),649,649
Indian Institute of Technology Bhubaneswar,"Electrical Engineering (4 Years, Bachelor of Technology)",AI,OPEN,Gender-Neutral,6930,8668
Indian Institute of Technology Bhubaneswar,"Electrical Engineering (4 Years, Bachelor of Technology)",AI,OPEN,Female-only (including Supernumerary),13304,15477
Indian Institute of Technology Bhubaneswar,"Electrical Engineering (4 Years, Bachelor of Technology)",AI,OPEN (PwD),Gender-Neutral,260P,260P
Indian Institute of Technology Bhubaneswar,"Electrical Engineering (4 Years, Bachelor of Technology)",AI,EWS,Gender-Neutral,1134,1180
Indian Institute of Technology Bhubaneswar,"Electrical Engineering (4 Years, Bachelor of Technology)",AI,EWS,Female-only (including Supernumerary),2219,2267
Indian Institute of Technology Bhubaneswar,"Electrical Engineering (4 Years, Bachelor of Technology)",AI,OBC-NCL,Gender-Neutral,2394,2970
Indian Institute of Technology Bhubaneswar,"Electrical Engineering (4 Years, Bachelor of Technology)",AI,OBC-NCL,Female-only (including Supernumerary),5616,6113
Indian Institute of Technology Bhubaneswar,"Electrical Engineering (4 Years, Bachelor of Technology)",AI,SC,Gender-Neutral,1364,1692
Indian Institute of Technology Bhubaneswar,"Electrical Engineering (4 Years, Bachelor of Technology)",AI,SC,Female-only (including Supernumerary),2605,2643
Indian Institute of Technology Bhubaneswar,"Electrical Engineering (4 Years, Bachelor of Technology)",AI,ST,Gender-Neutral,613,787
Indian Institute of Technology Bhubaneswar,"Electrical Engineering (4 Years, Bachelor of Technology)",AI,ST,Female-only (including Supernumerary),1086,1086
Indian Institute of Technology Bhubaneswar,"Electronics and Communication Engineering (4 Years, Bachelor of Technology)",AI,OPEN,Gender-Neutral,3866,6314
Indian Institute of Technology Bhubaneswar,"Electronics and Communication Engineering (4 Years, Bachelor of Technology)",AI,OPEN,Female-only (including Supernumerary),10097,12172
Indian Institute of Technology Bhubaneswar,"Electronics and Communication Engineering (4 Years, Bachelor of Technology)",AI,OPEN (PwD),Gender-Neutral,43,43
Indian Institute of Technology Bhubaneswar,"Electronics and Communication Engineering (4 Years, Bachelor of Technology)",AI,EWS,Gender-Neutral,811,891
Indian Institute of Technology Bhubaneswar,"Electronics and Communication Engineering (4 Years, Bachelor of Technology)",AI,EWS,Female-only (including Supernumerary),1745,1745
Indian Institute of Technology Bhubaneswar,"Electronics and Communication Engineering (4 Years, Bachelor of Technology)",AI,OBC-NCL,Gender-Neutral,1553,2132
Indian Institute of Technology Bhubaneswar,"Electronics and Communication Engineering (4 Years, Bachelor of Technology)",AI,OBC-NCL,Female-only (including Supernumerary),3745,4475
Indian Institute of Technology Bhubaneswar,"Electronics and Communication Engineering (4 Years, Bachelor of Technology)",AI,SC,Gender-Neutral,946,1187
Indian Institute of Technology Bhubaneswar,"Electronics and Communication Engineering (4 Years, Bachelor of Technology)",AI,SC,Female-only (including Supernumerary),1273,1273
Indian Institute of Technology Bhubaneswar,"Electronics and Communication Engineering (4 Years, Bachelor of Technology)",AI,ST,Gender-Neutral,501,657
Indian Institute of Technology Bhubaneswar,"Electronics and Communication Engineering (4 Years, Bachelor of Technology)",AI,ST,Female-only (including Supernumerary),838,838
Indian Institute of Technology Bhubaneswar,"Engineering Physics (4 Years, Bachelor of Technology)",AI,OPEN,Gender-Neutral,9276,12622
Indian Institute of Technology Bhubaneswar,"Engineering Physics (4 Years, Bachelor of Technology)",AI,OPEN,Female-only (including Supernumerary),18129,18668
Indian Institute of Technology Bhubaneswar,"Engineering Physics (4 Years, Bachelor of Technology)",AI,EWS,Gender-Neutral,1724,2163
Indian Institute of Technology Bhubaneswar,"Engineering Physics (4 Years, Bachelor of Technology)",AI,OBC-NCL,Gender-Neutral,4399,4967
Indian Institute of Technology Bhubaneswar,"Engineering Physics (4 Years, Bachelor of Technology)",AI,OBC-NCL,Female-only (including Supernumerary),8625,8625
Indian Institute of Technology Bhubaneswar,"Engineering Physics (4 Years, Bachelor of Technology)",AI,SC,Gender-Neutral,2505,2592
Indian Institute of Technology Bhubaneswar,"Engineering Physics (4 Years, Bachelor of Technology)",AI,SC,Female-only (including Supernumerary),3934,3934
Indian Institute of Technology Bhubaneswar,"Engineering Physics (4 Years, Bachelor of Technology)",AI,ST,Gender-Neutral,988,1029
Indian Institute of Technology Bhubaneswar,"Mathematics and Computing (4 Years, Bachelor of Technology)",AI,OPEN,Gender-Neutral,2982,5273
Indian Institute of Technology Bhubaneswar,"Mathematics and Computing (4 Years, Bachelor of Technology)",AI,OPEN,Female-only (including Supernumerary),9845,10002
Indian Institute of Technology Bhubaneswar,"Mathematics and Computing (4 Years, Bachelor of Technology)",AI,EWS,Gender-Neutral,762,816
Indian Institute of Technology Bhubaneswar,"Mathematics and Computing (4 Years, Bachelor of Technology)",AI,OBC-NCL,Gender-Neutral,1750,1959
Indian Institute of Technology Bhubaneswar,"Mathematics and Computing (4 Years, Bachelor of Technology)",AI,OBC-NCL,Female-only (including Supernumerary),4264,4264
Indian Institute of Technology Bhubaneswar,"Mathematics and Computing (4 Years, Bachelor of Technology)",AI,SC,Gender-Neutral,1104,1145
Indian Institute of Technology Bhubaneswar,"Mathematics and Computing (4 Years, Bachelor of Technology)",AI,SC,Female-only (including Supernumerary),2287,2287
Indian Institute of Technology Bhubaneswar,"Mathematics and Computing (4 Years, Bachelor of Technology)",AI,ST,Gender-Neutral,600,600
Indian Institute of Technology Bhubaneswar,"Mechanical Engineering (4 Years, Bachelor of Technology)",AI,OPEN,Gender-Neutral,8080,12064
Indian Institute of Technology Bhubaneswar,"Mechanical Engineering (4 Years, Bachelor of Technology)",AI,OPEN,Female-only (including Supernumerary),16427,21855
Indian Institute of Technology Bhubaneswar,"Mechanical Engineering (4 Years, Bachelor of Technology)",AI,OPEN (PwD),Gender-Neutral,354P,354P
Indian Institute of Technology Bhubaneswar,"Mechanical Engineering (4 Years, Bachelor of Technology)",AI,EWS,Gender-Neutral,1630,1927
Indian Institute of Technology Bhubaneswar,"Mechanical Engineering (4 Years, Bachelor of Technology)",AI,EWS,Female-only (including Supernumerary),3550,3639
Indian Institute of Technology Bhubaneswar,"Mechanical Engineering (4 Years, Bachelor of Technology)",AI,OBC-NCL,Gender-Neutral,3454,4352
Indian Institute of Technology Bhubaneswar,"Mechanical Engineering (4 Years, Bachelor of Technology)",AI,OBC-NCL,Female-only (including Supernumerary),7589,8560
Indian Institute of Technology Bhubaneswar,"Mechanical Engineering (4 Years, Bachelor of Technology)",AI,SC,Gender-Neutral,1760,2401
Indian Institute of Technology Bhubaneswar,"Mechanical Engineering (4 Years, Bachelor of Technology)",AI,SC,Female-only (including Supernumerary),3548,3925
Indian Institute of Technology Bhubaneswar,"Mechanical Engineering (4 Years, Bachelor of Technology)",AI,ST,Gender-Neutral,744,981
Indian Institute of Technology Bhubaneswar,"Mechanical Engineering (4 Years, Bachelor of Technology)",AI,ST,Female-only (including Supernumerary),1136,1298
Indian Institute of Technology Bhubaneswar,"Metallurgical and Materials Engineering (4 Years, Bachelor of Technology)",AI,OPEN,Gender-Neutral,13446,15556
Indian Institute of Technology Bhubaneswar,"Metallurgical and Materials Engineering (4 Years, Bachelor of Technology)",AI,OPEN,Female-only (including Supernumerary),22136,25097
Indian Institute of Technology Bhubaneswar,"Metallurgical and Materials Engineering (4 Years, Bachelor of Technology)",AI,EWS,Gender-Neutral,2281,2435
Indian Institute of Technology Bhubaneswar,"Metallurgical and Materials Engineering (4 Years, Bachelor of Technology)",AI,OBC-NCL,Gender-Neutral,4913,5825
Indian Institute of Technology Bhubaneswar,"Metallurgical and Materials Engineering (4 Years, Bachelor of Technology)",AI,OBC-NCL,Female-only (including Supernumerary),9826,10420
Indian Institute of Technology Bhubaneswar,"Metallurgical and Materials Engineering (4 Years, Bachelor of Technology)",AI,SC,Gender-Neutral,2589,2901
Indian Institute of Technology Bhubaneswar,"Metallurgical and Materials Engineering (4 Years, Bachelor of Technology)",AI,SC,Female-only (including Supernumerary),4519,4519
Indian Institute of Technology Bhubaneswar,"Metallurgical and Materials Engineering (4 Years, Bachelor of Technology)",AI,ST,Gender-Neutral,1373,1375
Indian Institute of Technology Bhubaneswar,"Metallurgical and Materials Engineering (4 Years, Bachelor of Technology)",AI,ST,Female-only (including Supernumerary),1828,1828
Indian Institute of Technology Bombay,"Aerospace Engineering (4 Years, Bachelor of Technology)",AI,OPEN,Gender-Neutral,1785,2638
Indian Institute of Technology Bombay,"Aerospace Engineering (4 Years, Bachelor of Technology)",AI,OPEN,Female-only (including Supernumerary),4949,6885
Indian Institute of Technology Bombay,"Aerospace Engineering (4 Years, Bachelor of Technology)",AI,OPEN (PwD),Gender-Neutral,103,103
Indian Institute of Technology Bombay,"Aerospace Engineering (4 Years, Bachelor of Technology)",AI,EWS,Gender-Neutral,395,589
Indian Institute of Technology Bombay,"Aerospace Engineering (4 Years, Bachelor of Technology)",AI,EWS,Female-only (including Supernumerary),970,970
Indian Institute of Technology Bombay,"Aerospace Engineering (4 Years, Bachelor of Technology)",AI,OBC-NCL,Gender-Neutral,517,1546
Indian Institute of Technology Bombay,"Aerospace Engineering (4 Years, Bachelor of Technology)",AI,OBC-NCL,Female-only (including Supernumerary),2638,3632
Indian Institute of Technology Bombay,"Aerospace Engineering (4 Years, Bachelor of Technology)",AI,OBC-NCL (PwD),Gender-Neutral,62,62
Indian Institute of Technology Bombay,"Aerospace Engineering (4 Years, Bachelor of Technology)",AI,SC,Gender-Neutral,336,731
Indian Institute of Technology Bombay,"Aerospace Engineering (4 Years, Bachelor of Technology)",AI,SC,Female-only (including Supernumerary),804,889
Indian Institute of Technology Bombay,"Aerospace Engineering (4 Years, Bachelor of Technology)",AI,SC (PwD),Gender-Neutral,14P,14P
Indian Institute of Technology Bombay,"Aerospace Engineering (4 Years, Bachelor of Technology)",AI,ST,Gender-Neutral,412,458
Indian Institute of Technology Bombay,"Aerospace Engineering (4 Years, Bachelor of Technology)",AI,ST,Female-only (including Supernumerary),533,533
Indian Institute of Technology Bombay,"Applied Geophysics (4 Years, Bachelor of Science)",AI,OPEN,Gender-Neutral,5649,7301
Indian Institute of Technology Bombay,"Applied Geophysics (4 Years, Bachelor of Science)",AI,OPEN,Female-only (including Supernumerary),11877,14289
Indian Institute of Technology Bombay,"Applied Geophysics (4 Years, Bachelor of Science)",AI,EWS,Gender-Neutral,1317,1636
Indian Institute of Technology Bombay,"Applied Geophysics (4 Years, Bachelor of Science)",AI,OBC-NCL,Gender-Neutral,3217,3641
Indian Institute of Technology Bombay,"Applied Geophysics (4 Years, Bachelor of Science)",AI,OBC-NCL,Female-only (including Supernumerary),7744,7744
Indian Institute of Technology Bombay,"Applied Geophysics (4 Years, Bachelor of Science)",AI,SC,Gender-Neutral,1505,2142
Indian Institute of Technology Bombay,"Applied Geophysics (4 Years, Bachelor of Science)",AI,SC,Female-only (including Supernumerary),3660,3660
Indian Institute of Technology Bombay,"Applied Geophysics (4 Years, Bachelor of Science)",AI,ST,Gender-Neutral,910,998
Indian Institute of Technology Bombay,"Applied Geophysics (4 Years, Bachelor of Science)",AI,ST,Female-only (including Supernumerary),1466,1466
Indian Institute of Technology Bombay,"BS in Mathematics (4 Years, Bachelor of Science)",AI,OPEN,Gender-Neutral,827,1042
Indian Institute of Technology Bombay,"BS in Mathematics (4 Years, Bachelor of Science)",AI,OPEN,Female-only (including Supernumerary),3727,3727
Indian Institute of Technology Bombay,"BS in Mathematics (4 Years, Bachelor of Science)",AI,EWS,Gender-Neutral,287,287
Indian Institute of Technology Bombay,"BS in Mathematics (4 Years, Bachelor of Science)",AI,EWS,Female-only (including Supernumerary),1357,1357
Indian Institute of Technology Bombay,"BS in Mathematics (4 Years, Bachelor of Science)",AI,OBC-NCL,Gender-Neutral,667,888
Indian Institute of Technology Bombay,"BS in Mathematics (4 Years, Bachelor of Science)",AI,OBC-NCL,Female-only (including Supernumerary),3185,3185
Indian Institute of Technology Bombay,"BS in Mathematics (4 Years, Bachelor of Science)",AI,SC,Gender-Neutral,516,634
Indian Institute of Technology Bombay,"BS in Mathematics (4 Years, Bachelor of Science)",AI,ST,Gender-Neutral,470,470
Indian Institute of Technology Bombay,"BS in Mathematics (4 Years, Bachelor of Science)",AI,ST,Female-only (including Supernumerary),652,652
Indian Institute of Technology Bombay,"Chemical Engineering (4 Years, Bachelor of Technology)",AI,OPEN,Gender-Neutral,1933,2833
Indian Institute of Technology Bombay,"Chemical Engineering (4 Years, Bachelor of Technology)",AI,OPEN,Female-only (including Supernumerary),3970,6336
Indian Institute of Technology Bombay,"Chemical Engineering (4 Years, Bachelor of Technology)",AI,OPEN (PwD),Gender-Neutral,173,250
Indian Institute of Technology Bombay,"Chemical Engineering (4 Years, Bachelor of Technology)",AI,EWS,Gender-Neutral,422,574
Indian Institute of Technology Bombay,"Chemical Engineering (4 Years, Bachelor of Technology)",AI,EWS,Female-only (including Supernumerary),860,1139
Indian Institute of Technology Bombay,"Chemical Engineering (4 Years, Bachelor of Technology)",AI,OBC-NCL,Gender-Neutral,762,1354
Indian Institute of Technology Bombay,"Chemical Engineering (4 Years, Bachelor of Technology)",AI,OBC-NCL,Female-only (including Supernumerary),2926,3280
Indian Institute of Technology Bombay,"Chemical Engineering (4 Years, Bachelor of Technology)",AI,OBC-NCL (PwD),Gender-Neutral,141P,202P
Indian Institute of Technology Bombay,"Chemical Engineering (4 Years, Bachelor of Technology)",AI,SC,Gender-Neutral,557,814
Indian Institute of Technology Bombay,"Chemical Engineering (4 Years, Bachelor of Technology)",AI,SC,Female-only (including Supernumerary),1404,1565
Indian Institute of Technology Bombay,"Chemical Engineering (4 Years, Bachelor of Technology)",AI,ST,Gender-Neutral,340,471
Indian Institute of Technology Bombay,"Chemical Engineering (4 Years, Bachelor of Technology)",AI,ST,Female-only (including Supernumerary),810,885
Indian Institute of Technology Bombay,"Chemistry (4 Years, Bachelor of Science)",AI,OPEN,Gender-Neutral,5773,7838
Indian Institute of Technology Bombay,"Chemistry (4 Years, Bachelor of Science)",AI,OPEN,Female-only (including Supernumerary),13099,16204
Indian Institute of Technology Bombay,"Chemistry (4 Years, Bachelor of Science)",AI,OPEN (PwD),Gender-Neutral,520P,520P
Indian Institute of Technology Bombay,"Chemistry (4 Years, Bachelor of Science)",AI,EWS,Gender-Neutral,1321,1691
Indian Institute of Technology Bombay,"Chemistry (4 Years, Bachelor of Science)",AI,EWS,Female-only (including Supernumerary),3398,3398
Indian Institute of Technology Bombay,"Chemistry (4 Years, Bachelor of Science)",AI,OBC-NCL,Gender-Neutral,3065,4062
Indian Institute of Technology Bombay,"Chemistry (4 Years, Bachelor of Science)",AI,OBC-NCL,Female-only (including Supernumerary),7623,7860
Indian Institute of Technology Bombay,"Chemistry (4 Years, Bachelor of Science)",AI,SC,Gender-Neutral,1992,2207
Indian Institute of Technology Bombay,"Chemistry (4 Years, Bachelor of Science)",AI,SC,Female-only (including Supernumerary),2657,2657
Indian Institute of Technology Bombay,"Chemistry (4 Years, Bachelor of Science)",AI,ST,Gender-Neutral,946,975
Indian Institute of Technology Bombay,"Civil Engineering (4 Years, Bachelor of Technology)",AI,OPEN,Gender-Neutral,385,4417
Indian Institute of Technology Bombay,"Civil Engineering (4 Years, Bachelor of Technology)",AI,OPEN,Female-only (including Supernumerary),6456,8730
Indian Institute of Technology Bombay,"Civil Engineering (4 Years, Bachelor of Technology)",AI,OPEN (PwD),Gender-Neutral,142,308
Indian Institute of Technology Bombay,"Civil Engineering (4 Years, Bachelor of Technology)",AI,OPEN (PwD),Female-only (including Supernumerary),128,128
Indian Institute of Technology Bombay,"Civil Engineering (4 Years, Bachelor of Technology)",AI,EWS,Gender-Neutral,599,711
Indian Institute of Technology Bombay,"Civil Engineering (4 Years, Bachelor of Technology)",AI,EWS,Female-only (including Supernumerary),1246,1625
Indian Institute of Technology Bombay,"Civil Engineering (4 Years, Bachelor of Technology)",AI,OBC-NCL,Gender-Neutral,1023,2025
Indian Institute of Technology Bombay,"Civil Engineering (4 Years, Bachelor of Technology)",AI,OBC-NCL,Female-only (including Supernumerary),2681,4410
Indian Institute of Technology Bombay,"Civil Engineering (4 Years, Bachelor of Technology)",AI,OBC-NCL (PwD),Gender-Neutral,36P,36P
Indian Institute of Technology Bombay,"Civil Engineering (4 Years, Bachelor of Technology)",AI,SC,Gender-Neutral,716,1027
Indian Institute of Technology Bombay,"Civil Engineering (4 Years, Bachelor of Technology)",AI,SC,Female-only (including Supernumerary),460,1806
Indian Institute of Technology Bombay,"Civil Engineering (4 Years, Bachelor of Technology)",AI,ST,Gender-Neutral,80,339
Indian Institute of Technology Bombay,"Civil Engineering (4 Years, Bachelor of Technology)",AI,ST,Female-only (including Supernumerary),601,611
Indian Institute of Technology Bombay,"Computer Science and Engineering (4 Years, Bachelor of Technology)",AI,OPEN,Gender-Neutral,1,67
Indian Institute of Technology Bombay,"Computer Science and Engineering (4 Years, Bachelor of Technology)",AI,OPEN,Female-only (including Supernumerary),77,395
Indian Institute of Technology Bombay,"Computer Science and Engineering (4 Years, Bachelor of Technology)",AI,OPEN (PwD),Gender-Neutral,1,6
Indian Institute of Technology Bombay,"Computer Science and Engineering (4 Years, Bachelor of Technology)",AI,OPEN (PwD),Female-only (including Supernumerary),55,55
Indian Institute of Technology Bombay,"Computer Science and Engineering (4 Years, Bachelor of Technology)",AI,EWS,Gender-Neutral,6,20
Indian Institute of Technology Bombay,"Computer Science and Engineering (4 Years, Bachelor of Technology)",AI,EWS,Female-only (including Supernumerary),71,127
Indian Institute of Technology Bombay,"Computer Science and Engineering (4 Years, Bachelor of Technology)",AI,EWS (PwD),Gender-Neutral,2,2
Indian Institute of Technology Bombay,"Computer Science and Engineering (4 Years, Bachelor of Technology)",AI,OBC-NCL,Gender-Neutral,12,62
Indian Institute of Technology Bombay,"Computer Science and Engineering (4 Years, Bachelor of Technology)",AI,OBC-NCL,Female-only (including Supernumerary),88,280
Indian Institute of Technology Bombay,"Computer Science and Engineering (4 Years, Bachelor of Technology)",AI,OBC-NCL (PwD),Gender-Neutral,5,7
Indian Institute of Technology Bombay,"Computer Science and Engineering (4 Years, Bachelor of Technology)",AI,SC,Gender-Neutral,1,39
Indian Institute of Technology Bombay,"Computer Science and Engineering (4 Years, Bachelor of Technology)",AI,SC,Female-only (including Supernumerary),27,95
Indian Institute of Technology Bombay,"Computer Science and Engineering (4 Years, Bachelor of Technology)",AI,SC (PwD),Gender-Neutral,3,3
Indian Institute of Technology Bombay,"Computer Science and Engineering (4 Years, Bachelor of Technology)",AI,ST,Gender-Neutral,1,16
Indian Institute of Technology Bombay,"Computer Science and Engineering (4 Years, Bachelor of Technology)",AI,ST,Female-only (including Supernumerary),6,22
Indian Institute of Technology Bombay,"Computer Science and Engineering (4 Years, Bachelor of Technology)",AI,ST (PwD),Female-only (including Supernumerary),1,1
Indian Institute of Technology Bombay,"Economics (4 Years, Bachelor of Science)",AI,OPEN,Gender-Neutral,1296,2272
Indian Institute of Technology Bombay,"Economics (4 Years, Bachelor of Science)",AI,OPEN,Female-only (including Supernumerary),5053,5998
Indian Institute of Technology Bombay,"Economics (4 Years, Bachelor of Science)",AI,OPEN (PwD),Gender-Neutral,48,48
Indian Institute of Technology Bombay,"Economics (4 Years, Bachelor of Science)",AI,EWS,Gender-Neutral,502,573
Indian Institute of Technology Bombay,"Economics (4 Years, Bachelor of Science)",AI,EWS,Female-only (including Supernumerary),790,790
Indian Institute of Technology Bombay,"Economics (4 Years, Bachelor of Science)",AI,OBC-NCL,Gender-Neutral,882,1449
Indian Institute of Technology Bombay,"Economics (4 Years, Bachelor of Science)",AI,OBC-NCL,Female-only (including Supernumerary),2749,3139
Indian Institute of Technology Bombay,"Economics (4 Years, Bachelor of Science)",AI,OBC-NCL (PwD),Gender-Neutral,16,16
Indian Institute of Technology Bombay,"Economics (4 Years, Bachelor of Science)",AI,SC,Gender-Neutral,646,727
Indian Institute of Technology Bombay,"Economics (4 Years, Bachelor of Science)",AI,SC,Female-only (including Supernumerary),1424,1424
Indian Institute of Technology Bombay,"Economics (4 Years, Bachelor of Science)",AI,ST,Gender-Neutral,308,404
Indian Institute of Technology Bombay,"Economics (4 Years, Bachelor of Science)",AI,ST,Female-only (including Supernumerary),484,484
Indian Institute of Technology Bombay,"Electrical Engineering (4 Years, Bachelor of Technology)",AI,OPEN,Gender-Neutral,175,411
Indian Institute of Technology Bombay,"Electrical Engineering (4 Years, Bachelor of Technology)",AI,OPEN,Female-only (including Supernumerary),920,1600
Indian Institute of Technology Bombay,"Electrical Engineering (4 Years, Bachelor of Technology)",AI,OPEN (PwD),Gender-Neutral,5,7
Indian Institute of Technology Bombay,"Electrical Engineering (4 Years, Bachelor of Technology)",AI,EWS,Gender-Neutral,52,110
Indian Institute of Technology Bombay,"Electrical Engineering (4 Years, Bachelor of Technology)",AI,EWS,Female-only (including Supernumerary),190,366
Indian Institute of Technology Bombay,"Electrical Engineering (4 Years, Bachelor of Technology)",AI,OBC-NCL,Gender-Neutral,106,281
Indian Institute of Technology Bombay,"Electrical Engineering (4 Years, Bachelor of Technology)",AI,OBC-NCL,Female-only (including Supernumerary),322,885
Indian Institute of Technology Bombay,"Electrical Engineering (4 Years, Bachelor of Technology)",AI,OBC-NCL (PwD),Gender-Neutral,10,22
Indian Institute of Technology Bombay,"Electrical Engineering (4 Years, Bachelor of Technology)",AI,SC,Gender-Neutral,18,130
Indian Institute of Technology Bombay,"Electrical Engineering (4 Years, Bachelor of Technology)",AI,SC,Female-only (including Supernumerary),136,302
Indian Institute of Technology Bombay,"Electrical Engineering (4 Years, Bachelor of Technology)",AI,SC (PwD),Female-only (including Supernumerary),4,4
Indian Institute of Technology Bombay,"Electrical Engineering (4 Years, Bachelor of Technology)",AI,ST,Gender-Neutral,29,90
Indian Institute of Technology Bombay,"Electrical Engineering (4 Years, Bachelor of Technology)",AI,ST,Female-only (including Supernumerary),58,93
Indian Institute of Technology Bombay,"Electrical Engineering (5 Years, Bachelor and Master of Technology (Dual Degree))",AI,OPEN,Gender-Neutral,420,844
Indian Institute of Technology Bombay,"Electrical Engineering (5 Years, Bachelor and Master of Technology (Dual Degree))",AI,OPEN,Female-only (including Supernumerary),1756,2693
Indian Institute of Technology Bombay,"Electrical Engineering (5 Years, Bachelor and Master of Technology (Dual Degree))",AI,OPEN (PwD),Gender-Neutral,25,25
Indian Institute of Technology Bombay,"Electrical Engineering (5 Years, Bachelor and Master of Technology (Dual Degree))",AI,OPEN (PwD),Female-only (including Supernumerary),134,134
Indian Institute of Technology Bombay,"Electrical Engineering (5 Years, Bachelor and Master of Technology (Dual Degree))",AI,EWS,Gender-Neutral,150,211
Indian Institute of Technology Bombay,"Electrical Engineering (5 Years, Bachelor and Master of Technology (Dual Degree))",AI,EWS,Female-only (including Supernumerary),718,916
Indian Institute of Technology Bombay,"Electrical Engineering (5 Years, Bachelor and Master of Technology (Dual Degree))",AI,EWS (PwD),Gender-Neutral,27,27
Indian Institute of Technology Bombay,"Electrical Engineering (5 Years, Bachelor and Master of Technology (Dual Degree))",AI,OBC-NCL,Gender-Neutral,296,545
Indian Institute of Technology Bombay,"Electrical Engineering (5 Years, Bachelor and Master of Technology (Dual Degree))",AI,OBC-NCL,Female-only (including Supernumerary),1147,1651
Indian Institute of Technology Bombay,"Electrical Engineering (5 Years, Bachelor and Master of Technology (Dual Degree))",AI,OBC-NCL (PwD),Gender-Neutral,26,26
Indian Institute of Technology Bombay,"Electrical Engineering (5 Years, Bachelor and Master of Technology (Dual Degree))",AI,SC,Gender-Neutral,165,294
Indian Institute of Technology Bombay,"Electrical Engineering (5 Years, Bachelor and Master of Technology (Dual Degree))",AI,SC,Female-only (including Supernumerary),563,807
Indian Institute of Technology Bombay,"Electrical Engineering (5 Years, Bachelor and Master of Technology (Dual Degree))",AI,ST,Gender-Neutral,126,167
Indian Institute of Technology Bombay,"Electrical Engineering (5 Years, Bachelor and Master of Technology (Dual Degree))",AI,ST,Female-only (including Supernumerary),227,227
Indian Institute of Technology Bombay,"Electrical Engineering (5 Years, Bachelor and Master of Technology (Dual Degree))",AI,ST (PwD),Gender-Neutral,8P,8P
Indian Institute of Technology Bombay,"Energy Engineering (4 Years, Bachelor of Technology)",AI,OPEN,Gender-Neutral,1858,2605
Indian Institute of Technology Bombay,"Energy Engineering (4 Years, Bachelor of Technology)",AI,OPEN,Female-only (including Supernumerary),6089,6945
Indian Institute of Technology Bombay,"Energy Engineering (4 Years, Bachelor of Technology)",AI,OPEN (PwD),Gender-Neutral,244,244
Indian Institute of Technology Bombay,"Energy Engineering (4 Years, Bachelor of Technology)",AI,EWS,Gender-Neutral,365,606
Indian Institute of Technology Bombay,"Energy Engineering (4 Years, Bachelor of Technology)",AI,EWS,Female-only (including Supernumerary),1143,1143
Indian Institute of Technology Bombay,"Energy Engineering (4 Years, Bachelor of Technology)",AI,OBC-NCL,Gender-Neutral,1363,1577
Indian Institute of Technology Bombay,"Energy Engineering (4 Years, Bachelor of Technology)",AI,OBC-NCL,Female-only (including Supernumerary),3273,4313
Indian Institute of Technology Bombay,"Energy Engineering (4 Years, Bachelor of Technology)",AI,SC,Gender-Neutral,558,870
Indian Institute of Technology Bombay,"Energy Engineering (4 Years, Bachelor of Technology)",AI,SC,Female-only (including Supernumerary),1398,1398
Indian Institute of Technology Bombay,"Energy Engineering (4 Years, Bachelor of Technology)",AI,ST,Gender-Neutral,526,607
Indian Institute of Technology Bombay,"Energy Engineering (4 Years, Bachelor of Technology)",AI,ST,Female-only (including Supernumerary),741,741
Indian Institute of Technology Bombay,"Engineering Physics (4 Years, Bachelor of Technology)",AI,OPEN,Gender-Neutral,496,1575
Indian Institute of Technology Bombay,"Engineering Physics (4 Years, Bachelor of Technology)",AI,OPEN,Female-only (including Supernumerary),3459,4541
Indian Institute of Technology Bombay,"Engineering Physics (4 Years, Bachelor of Technology)",AI,OPEN (PwD),Gender-Neutral,139,139
Indian Institute of Technology Bombay,"Engineering Physics (4 Years, Bachelor of Technology)",AI,EWS,Gender-Neutral,349,425
Indian Institute of Technology Bombay,"Engineering Physics (4 Years, Bachelor of Technology)",AI,EWS,Female-only (including Supernumerary),1156,1156
Indian Institute of Technology Bombay,"Engineering Physics (4 Years, Bachelor of Technology)",AI,EWS (PwD),Gender-Neutral,37P,37P
Indian Institute of Technology Bombay,"Engineering Physics (4 Years, Bachelor of Technology)",AI,OBC-NCL,Gender-Neutral,277,1162
Indian Institute of Technology Bombay,"Engineering Physics (4 Years, Bachelor of Technology)",AI,OBC-NCL,Female-only (including Supernumerary),3029,3840
Indian Institute of Technology Bombay,"Engineering Physics (4 Years, Bachelor of Technology)",AI,SC,Gender-Neutral,81,949
Indian Institute of Technology Bombay,"Engineering Physics (4 Years, Bachelor of Technology)",AI,SC,Female-only (including Supernumerary),782,917
Indian Institute of Technology Bombay,"Engineering Physics (4 Years, Bachelor of Technology)",AI,ST,Gender-Neutral,632,786
Indian Institute of Technology Bombay,"Engineering Physics (4 Years, Bachelor of Technology)",AI,ST,Female-only (including Supernumerary),1054,1054
Indian Institute of Technology Bombay,"Environmental Science and Engineering (4 Years, Bachelor of Technology)",AI,OPEN,Gender-Neutral,3374,5473
Indian Institute of Technology Bombay,"Environmental Science and Engineering (4 Years, Bachelor of Technology)",AI,OPEN,Female-only (including Supernumerary),8758,9532
Indian Institute of Technology Bombay,"Environmental Science and Engineering (4 Years, Bachelor of Technology)",AI,OPEN (PwD),Gender-Neutral,291,291
Indian Institute of Technology Bombay,"Environmental Science and Engineering (4 Years, Bachelor of Technology)",AI,EWS,Gender-Neutral,899,1002
Indian Institute of Technology Bombay,"Environmental Science and Engineering (4 Years, Bachelor of Technology)",AI,EWS,Female-only (including Supernumerary),2068,2068
Indian Institute of Technology Bombay,"Environmental Science and Engineering (4 Years, Bachelor of Technology)",AI,OBC-NCL,Gender-Neutral,2055,2648
Indian Institute of Technology Bombay,"Environmental Science and Engineering (4 Years, Bachelor of Technology)",AI,OBC-NCL,Female-only (including Supernumerary),4511,5353
Indian Institute of Technology Bombay,"Environmental Science and Engineering (4 Years, Bachelor of Technology)",AI,SC,Gender-Neutral,1307,1570
Indian Institute of Technology Bombay,"Environmental Science and Engineering (4 Years, Bachelor of Technology)",AI,SC,Female-only (including Supernumerary),2435,2435
Indian Institute of Technology Bombay,"Environmental Science and Engineering (4 Years, Bachelor of Technology)",AI,ST,Gender-Neutral,820,931
Indian Institute of Technology Bombay,"Environmental Science and Engineering (4 Years, Bachelor of Technology)",AI,ST,Female-only (including Supernumerary),1055,1055
Indian Institute of Technology Bombay,"Industrial Engineering and Operations Research (4 Years, Bachelor of Technology)",AI,OPEN,Gender-Neutral,448,834
Indian Institute of Technology Bombay,"Industrial Engineering and Operations Research (4 Years, Bachelor of Technology)",AI,OPEN,Female-only (including Supernumerary),2825,3189
Indian Institute of Technology Bombay,"Industrial Engineering and Operations Research (4 Years, Bachelor of Technology)",AI,EWS,Gender-Neutral,113,128
Indian Institute of Technology Bombay,"Industrial Engineering and Operations Research (4 Years, Bachelor of Technology)",AI,EWS,Female-only (including Supernumerary),695,695
Indian Institute of Technology Bombay,"Industrial Engineering and Operations Research (4 Years, Bachelor of Technology)",AI,EWS (PwD),Gender-Neutral,68P,68P
Indian Institute of Technology Bombay,"Industrial Engineering and Operations Research (4 Years, Bachelor of Technology)",AI,OBC-NCL,Gender-Neutral,350,864
Indian Institute of Technology Bombay,"Industrial Engineering and Operations Research (4 Years, Bachelor of Technology)",AI,OBC-NCL,Female-only (including Supernumerary),1986,2608
Indian Institute of Technology Bombay,"Industrial Engineering and Operations Research (4 Years, Bachelor of Technology)",AI,SC,Gender-Neutral,156,433
Indian Institute of Technology Bombay,"Industrial Engineering and Operations Research (4 Years, Bachelor of Technology)",AI,SC,Female-only (including Supernumerary),1114,1114
Indian Institute of Technology Bombay,"Industrial Engineering and Operations Research (4 Years, Bachelor of Technology)",AI,ST,Gender-Neutral,192,248
Indian Institute of Technology Bombay,"Industrial Engineering and Operations Research (4 Years, Bachelor of Technology)",AI,ST,Female-only (including Supernumerary),605,605
Indian Institute of Technology Bombay,"Mechanical Engineering (4 Years, Bachelor of Technology)",AI,OPEN,Gender-Neutral,380,1900
Indian Institute of Technology Bombay,"Mechanical Engineering (4 Years, Bachelor of Technology)",AI,OPEN,Female-only (including Supernumerary),2963,4903
Indian Institute of Technology Bombay,"Mechanical Engineering (4 Years, Bachelor of Technology)",AI,OPEN (PwD),Gender-Neutral,77,93
Indian Institute of Technology Bombay,"Mechanical Engineering (4 Years, Bachelor of Technology)",AI,OPEN (PwD),Female-only (including Supernumerary),176,176
Indian Institute of Technology Bombay,"Mechanical Engineering (4 Years, Bachelor of Technology)",AI,EWS,Gender-Neutral,258,452
Indian Institute of Technology Bombay,"Mechanical Engineering (4 Years, Bachelor of Technology)",AI,EWS,Female-only (including Supernumerary),972,1185
Indian Institute of Technology Bombay,"Mechanical Engineering (4 Years, Bachelor of Technology)",AI,EWS (PwD),Gender-Neutral,21,21
Indian Institute of Technology Bombay,"Mechanical Engineering (4 Years, Bachelor of Technology)",AI,OBC-NCL,Gender-Neutral,489,1048
Indian Institute of Technology Bombay,"Mechanical Engineering (4 Years, Bachelor of Technology)",AI,OBC-NCL,Female-only (including Supernumerary),1288,2990
Indian Institute of Technology Bombay,"Mechanical Engineering (4 Years, Bachelor of Technology)",AI,OBC-NCL (PwD),Gender-Neutral,53,104
Indian Institute of Technology Bombay,"Mechanical Engineering (4 Years, Bachelor of Technology)",AI,OBC-NCL (PwD),Female-only (including Supernumerary),86,86
Indian Institute of Technology Bombay,"Mechanical Engineering (4 Years, Bachelor of Technology)",AI,SC,Gender-Neutral,116,610
Indian Institute of Technology Bombay,"Mechanical Engineering (4 Years, Bachelor of Technology)",AI,SC,Female-only (including Supernumerary),977,1282
Indian Institute of Technology Bombay,"Mechanical Engineering (4 Years, Bachelor of Technology)",AI,SC (PwD),Gender-Neutral,8,9P
Indian Institute of Technology Bombay,"Mechanical Engineering (4 Years, Bachelor of Technology)",AI,ST,Gender-Neutral,173,325
Indian Institute of Technology Bombay,"Mechanical Engineering (4 Years, Bachelor of Technology)",AI,ST,Female-only (including Supernumerary),413,606
Indian Institute of Technology Bombay,"Metallurgical Engineering and Materials Science (4 Years, Bachelor of Technology)",AI,OPEN,Gender-Neutral,2650,3995
Indian Institute of Technology Bombay,"Metallurgical Engineering and Materials Science (4 Years, Bachelor of Technology)",AI,OPEN,Female-only (including Supernumerary),7213,8335
Indian Institute of Technology Bombay,"Metallurgical Engineering and Materials Science (4 Years, Bachelor of Technology)",AI,OPEN (PwD),Gender-Neutral,141P,141P
Indian Institute of Technology Bombay,"Metallurgical Engineering and Materials Science (4 Years, Bachelor of Technology)",AI,EWS,Gender-Neutral,585,788
Indian Institute of Technology Bombay,"Metallurgical Engineering and Materials Science (4 Years, Bachelor of Technology)",AI,EWS,Female-only (including Supernumerary),1577,1949
Indian Institute of Technology Bombay,"Metallurgical Engineering and Materials Science (4 Years, Bachelor of Technology)",AI,OBC-NCL,Gender-Neutral,1649,2289
Indian Institute of Technology Bombay,"Metallurgical Engineering and Materials Science (4 Years, Bachelor of Technology)",AI,OBC-NCL,Female-only (including Supernumerary),3417,4498
Indian Institute of Technology Bombay,"Metallurgical Engineering and Materials Science (4 Years, Bachelor of Technology)",AI,OBC-NCL (PwD),Gender-Neutral,200P,200P
Indian Institute of Technology Bombay,"Metallurgical Engineering and Materials Science (4 Years, Bachelor of Technology)",AI,SC,Gender-Neutral,772,1239
Indian Institute of Technology Bombay,"Metallurgical Engineering and Materials Science (4 Years, Bachelor of Technology)",AI,SC,Female-only (including Supernumerary),2163,2319
Indian Institute of Technology Bombay,"Metallurgical Engineering and Materials Science (4 Years, Bachelor of Technology)",AI,ST,Gender-Neutral,399,662
Indian Institute of Technology Bombay,"Metallurgical Engineering and Materials Science (4 Years, Bachelor of Technology)",AI,ST,Female-only (including Supernumerary),1183,1294
Indian Institute of Technology Mandi,"Agricultural Engineering with Data Analytics (4 Years, Bachelor of Technology)",AI,OPEN,Gender-Neutral,14334,16689
Indian Institute of Technology Mandi,"Agricultural Engineering with Data Analytics (4 Years, Bachelor of Technology)",AI,OPEN,Female-only (including Supernumerary),22808,25733
Indian Institute of Technology Mandi,"Agricultural Engineering with Data Analytics (4 Years, Bachelor of Technology)",AI,EWS,Gender-Neutral,2406,2417
Indian Institute of Technology Mandi,"Agricultural Engineering with Data Analytics (4 Years, Bachelor of Technology)",AI,EWS,Female-only (including Supernumerary),4282,4282
Indian Institute of Technology Mandi,"Agricultural Engineering with Data Analytics (4 Years, Bachelor of Technology)",AI,OBC-NCL,Gender-Neutral,4814,5705
Indian Institute of Technology Mandi,"Agricultural Engineering with Data Analytics (4 Years, Bachelor of Technology)",AI,OBC-NCL,Female-only (including Supernumerary),10194,10542
Indian Institute of Technology Mandi,"Agricultural Engineering with Data Analytics (4 Years, Bachelor of Technology)",AI,SC,Gender-Neutral,2941,3273
Indian Institute of Technology Mandi,"Agricultural Engineering with Data Analytics (4 Years, Bachelor of Technology)",AI,SC,Female-only (including Supernumerary),4748,4748
Indian Institute of Technology Mandi,"Agricultural Engineering with Data Analytics (4 Years, Bachelor of Technology)",AI,ST,Gender-Neutral,1072,1233
Indian Institute of Technology Mandi,"B.Tech in General Engineering (4 Years, Bachelor of Technology)",AI,OPEN,Gender-Neutral,6760,9733
Indian Institute of Technology Mandi,"B.Tech in General Engineering (4 Years, Bachelor of Technology)",AI,OPEN,Female-only (including Supernumerary),14571,16277
Indian Institute of Technology Mandi,"B.Tech in General Engineering (4 Years, Bachelor of Technology)",AI,EWS,Gender-Neutral,1367,1672
Indian Institute of Technology Mandi,"B.Tech in General Engineering (4 Years, Bachelor of Technology)",AI,EWS,Female-only (including Supernumerary),2703,2703
Indian Institute of Technology Mandi,"B.Tech in General Engineering (4 Years, Bachelor of Technology)",AI,OBC-NCL,Gender-Neutral,3357,4208
Indian Institute of Technology Mandi,"B.Tech in General Engineering (4 Years, Bachelor of Technology)",AI,OBC-NCL,Female-only (including Supernumerary),7952,7966
Indian Institute of Technology Mandi,"B.Tech in General Engineering (4 Years, Bachelor of Technology)",AI,SC,Gender-Neutral,1730,2461
Indian Institute of Technology Mandi,"B.Tech in General Engineering (4 Years, Bachelor of Technology)",AI,SC,Female-only (including Supernumerary),3672,3672
Indian Institute of Technology Mandi,"B.Tech in General Engineering (4 Years, Bachelor of Technology)",AI,ST,Gender-Neutral,1431,1584
Indian Institute of Technology Mandi,"B.Tech in Materials Science and Engineering (4 Years, Bachelor of Technology)",AI,OPEN,Gender-Neutral,10970,13925
Indian Institute of Technology Mandi,"B.Tech in Materials Science and Engineering (4 Years, Bachelor of Technology)",AI,OPEN,Female-only (including Supernumerary),26528,27454
Indian Institute of Technology Mandi,"B.Tech in Materials Science and Engineering (4 Years, Bachelor of Technology)",AI,EWS,Gender-Neutral,2213,2265
Indian Institute of Technology Mandi,"B.Tech in Materials Science and Engineering (4 Years, Bachelor of Technology)",AI,EWS,Female-only (including Supernumerary),4220,4220
Indian Institute of Technology Mandi,"B.Tech in Materials Science and Engineering (4 Years, Bachelor of Technology)",AI,OBC-NCL,Gender-Neutral,4564,5734
Indian Institute of Technology Mandi,"B.Tech in Materials Science and Engineering (4 Years, Bachelor of Technology)",AI,OBC-NCL,Female-only (including Supernumerary),9281,10058
Indian Institute of Technology Mandi,"B.Tech in Materials Science and Engineering (4 Years, Bachelor of Technology)",AI,SC,Gender-Neutral,2631,3002
Indian Institute of Technology Mandi,"B.Tech in Materials Science and Engineering (4 Years, Bachelor of Technology)",AI,SC,Female-only (including Supernumerary),4711,4711
Indian Institute of Technology Mandi,"B.Tech in Materials Science and Engineering (4 Years, Bachelor of Technology)",AI,ST,Gender-Neutral,1406,1461
Indian Institute of Technology Mandi,"B.Tech in Mathematics and Computing (4 Years, Bachelor of Technology)",AI,OPEN,Gender-Neutral,4300,5251
Indian Institute of Technology Mandi,"B.Tech in Mathematics and Computing (4 Years, Bachelor of Technology)",AI,OPEN,Female-only (including Supernumerary),9518,10630
Indian Institute of Technology Mandi,"B.Tech in Mathematics and Computing (4 Years, Bachelor of Technology)",AI,OPEN (PwD),Female-only (including Supernumerary),564P,564P
Indian Institute of Technology Mandi,"B.Tech in Mathematics and Computing (4 Years, Bachelor of Technology)",AI,EWS,Gender-Neutral,640,786
Indian Institute of Technology Mandi,"B.Tech in Mathematics and Computing (4 Years, Bachelor of Technology)",AI,EWS,Female-only (including Supernumerary),1669,1669
Indian Institute of Technology Mandi,"B.Tech in Mathematics and Computing (4 Years, Bachelor of Technology)",AI,OBC-NCL,Gender-Neutral,1391,1920
Indian Institute of Technology Mandi,"B.Tech in Mathematics and Computing (4 Years, Bachelor of Technology)",AI,OBC-NCL,Female-only (including Supernumerary),4022,4295
Indian Institute of Technology Mandi,"B.Tech in Mathematics and Computing (4 Years, Bachelor of Technology)",AI,OBC-NCL (PwD),Gender-Neutral,160P,160P
Indian Institute of Technology Mandi,"B.Tech in Mathematics and Computing (4 Years, Bachelor of Technology)",AI,SC,Gender-Neutral,1028,1289
Indian Institute of Technology Mandi,"B.Tech in Mathematics and Computing (4 Years, Bachelor of Technology)",AI,SC,Female-only (including Supernumerary),1788,1788
Indian Institute of Technology Mandi,"B.Tech in Mathematics and Computing (4 Years, Bachelor of Technology)",AI,ST,Gender-Neutral,528,640
Indian Institute of Technology Mandi,"B.Tech in Mathematics and Computing (4 Years, Bachelor of Technology)",AI,ST,Female-only (including Supernumerary),1272,1272
Indian Institute of Technology Mandi,"B.Tech in Microelectronics & VLSI (4 Years, Bachelor of Technology)",AI,OPEN,Gender-Neutral,5092,6316
Indian Institute of Technology Mandi,"B.Tech in Microelectronics & VLSI (4 Years, Bachelor of Technology)",AI,OPEN,Female-only (including Supernumerary),11381,13194
Indian Institute of Technology Mandi,"B.Tech in Microelectronics & VLSI (4 Years, Bachelor of Technology)",AI,OPEN (PwD),Gender-Neutral,160P,160P
Indian Institute of Technology Mandi,"B.Tech in Microelectronics & VLSI (4 Years, Bachelor of Technology)",AI,EWS,Gender-Neutral,915,954
Indian Institute of Technology Mandi,"B.Tech in Microelectronics & VLSI (4 Years, Bachelor of Technology)",AI,EWS,Female-only (including Supernumerary),1834,1834
Indian Institute of Technology Mandi,"B.Tech in Microelectronics & VLSI (4 Years, Bachelor of Technology)",AI,OBC-NCL,Gender-Neutral,2070,2543
Indian Institute of Technology Mandi,"B.Tech in Microelectronics & VLSI (4 Years, Bachelor of Technology)",AI,OBC-NCL,Female-only (including Supernumerary),3887,6124
Indian Institute of Technology Mandi,"B.Tech in Microelectronics & VLSI (4 Years, Bachelor of Technology)",AI,SC,Gender-Neutral,1509,1673
Indian Institute of Technology Mandi,"B.Tech in Microelectronics & VLSI (4 Years, Bachelor of Technology)",AI,SC,Female-only (including Supernumerary),2522,2522
Indian Institute of Technology Mandi,"B.Tech in Microelectronics & VLSI (4 Years, Bachelor of Technology)",AI,ST,Gender-Neutral,708,872
Indian Institute of Technology Mandi,"Bio Engineering (4 Years, Bachelor of Technology)",AI,OPEN,Gender-Neutral,14040,16526
Indian Institute of Technology Mandi,"Bio Engineering (4 Years, Bachelor of Technology)",AI,OPEN,Female-only (including Supernumerary),23255,23813
Indian Institute of Technology Mandi,"Bio Engineering (4 Years, Bachelor of Technology)",AI,EWS,Gender-Neutral,2341,2491
Indian Institute of Technology Mandi,"Bio Engineering (4 Years, Bachelor of Technology)",AI,EWS,Female-only (including Supernumerary),4649,4649
Indian Institute of Technology Mandi,"Bio Engineering (4 Years, Bachelor of Technology)",AI,OBC-NCL,Gender-Neutral,5536,5979
Indian Institute of Technology Mandi,"Bio Engineering (4 Years, Bachelor of Technology)",AI,OBC-NCL,Female-only (including Supernumerary),10225,10546
Indian Institute of Technology Mandi,"Bio Engineering (4 Years, Bachelor of Technology)",AI,SC,Gender-Neutral,2802,3191
Indian Institute of Technology Mandi,"Bio Engineering (4 Years, Bachelor of Technology)",AI,SC,Female-only (including Supernumerary),4823,4823
Indian Institute of Technology Mandi,"Bio Engineering (4 Years, Bachelor of Technology)",AI,ST,Gender-Neutral,1487,1590
Indian Institute of Technology Mandi,"BS in Chemical Sciences (4 Years, Bachelor of Science)",AI,OPEN,Gender-Neutral,17835,18835
Indian Institute of Technology Mandi,"BS in Chemical Sciences (4 Years, Bachelor of Science)",AI,OPEN,Female-only (including Supernumerary),24082,27211
Indian Institute of Technology Mandi,"BS in Chemical Sciences (4 Years, Bachelor of Science)",AI,EWS,Gender-Neutral,2671,2782
Indian Institute of Technology Mandi,"BS in Chemical Sciences (4 Years, Bachelor of Science)",AI,EWS,Female-only (including Supernumerary),4724,4724
Indian Institute of Technology Mandi,"BS in Chemical Sciences (4 Years, Bachelor of Science)",AI,OBC-NCL,Gender-Neutral,6078,6312
Indian Institute of Technology Mandi,"BS in Chemical Sciences (4 Years, Bachelor of Science)",AI,OBC-NCL,Female-only (including Supernumerary),10600,10910
Indian Institute of Technology Mandi,"BS in Chemical Sciences (4 Years, Bachelor of Science)",AI,SC,Gender-Neutral,3316,3378
Indian Institute of Technology Mandi,"BS in Chemical Sciences (4 Years, Bachelor of Science)",AI,SC,Female-only (including Supernumerary),4833,4833
Indian Institute of Technology Mandi,"BS in Chemical Sciences (4 Years, Bachelor of Science)",AI,ST,Gender-Neutral,1596,1628
Indian Institute of Technology Mandi,"Chemical Engineering with Data Analytics (4 Years, Bachelor of Technology)",AI,OPEN,Gender-Neutral,9510,12307
Indian Institute of Technology Mandi,"Chemical Engineering with Data Analytics (4 Years, Bachelor of Technology)",AI,OPEN,Female-only (including Supernumerary),17249,18689
Indian Institute of Technology Mandi,"Chemical Engineering with Data Analytics (4 Years, Bachelor of Technology)",AI,EWS,Gender-Neutral,1651,1802
Indian Institute of Technology Mandi,"Chemical Engineering with Data Analytics (4 Years, Bachelor of Technology)",AI,EWS,Female-only (including Supernumerary),3064,3064
Indian Institute of Technology Mandi,"Chemical Engineering with Data Analytics (4 Years, Bachelor of Technology)",AI,OBC-NCL,Gender-Neutral,3531,4623
Indian Institute of Technology Mandi,"Chemical Engineering with Data Analytics (4 Years, Bachelor of Technology)",AI,OBC-NCL,Female-only (including Supernumerary),8490,8629
Indian Institute of Technology Mandi,"Chemical Engineering with Data Analytics (4 Years, Bachelor of Technology)",AI,SC,Gender-Neutral,2347,2525
Indian Institute of Technology Mandi,"Chemical Engineering with Data Analytics (4 Years, Bachelor of Technology)",AI,SC,Female-only (including Supernumerary),4022,4022
Indian Institute of Technology Mandi,"Chemical Engineering with Data Analytics (4 Years, Bachelor of Technology)",AI,ST,Gender-Neutral,1000,1273
Indian Institute of Technology Mandi,"Civil Engineering (4 Years, Bachelor of Technology)",AI,OPEN,Gender-Neutral,12086,15702
Indian Institute of Technology Mandi,"Civil Engineering (4 Years, Bachelor of Technology)",AI,OPEN,Female-only (including Supernumerary),21124,23863
Indian Institute of Technology Mandi,"Civil Engineering (4 Years, Bachelor of Technology)",AI,EWS,Gender-Neutral,2238,2334
Indian Institute of Technology Mandi,"Civil Engineering (4 Years, Bachelor of Technology)",AI,EWS,Female-only (including Supernumerary),3992,3992
Indian Institute of Technology Mandi,"Civil Engineering (4 Years, Bachelor of Technology)",AI,OBC-NCL,Gender-Neutral,4765,5432
Indian Institute of Technology Mandi,"Civil Engineering (4 Years, Bachelor of Technology)",AI,OBC-NCL,Female-only (including Supernumerary),8698,9090
Indian Institute of Technology Mandi,"Civil Engineering (4 Years, Bachelor of Technology)",AI,SC,Gender-Neutral,2060,2580
Indian Institute of Technology Mandi,"Civil Engineering (4 Years, Bachelor of Technology)",AI,SC,Female-only (including Supernumerary),4400,4447
Indian Institute of Technology Mandi,"Civil Engineering (4 Years, Bachelor of Technology)",AI,ST,Gender-Neutral,925,1074
Indian Institute of Technology Mandi,"Civil Engineering (4 Years, Bachelor of Technology)",AI,ST,Female-only (including Supernumerary),1107,1107
Indian Institute of Technology Mandi,"Computer Science and Engineering (4 Years, Bachelor of Technology)",AI,OPEN,Gender-Neutral,2532,3762
Indian Institute of Technology Mandi,"Computer Science and Engineering (4 Years, Bachelor of Technology)",AI,OPEN,Female-only (including Supernumerary),5961,8245
Indian Institute of Technology Mandi,"Computer Science and Engineering (4 Years, Bachelor of Technology)",AI,OPEN (PwD),Gender-Neutral,131,131
Indian Institute of Technology Mandi,"Computer Science and Engineering (4 Years, Bachelor of Technology)",AI,EWS,Gender-Neutral,488,590
Indian Institute of Technology Mandi,"Computer Science and Engineering (4 Years, Bachelor of Technology)",AI,EWS,Female-only (including Supernumerary),1394,1415
Indian Institute of Technology Mandi,"Computer Science and Engineering (4 Years, Bachelor of Technology)",AI,EWS (PwD),Gender-Neutral,2P,2P
Indian Institute of Technology Mandi,"Computer Science and Engineering (4 Years, Bachelor of Technology)",AI,OBC-NCL,Gender-Neutral,1131,1434
Indian Institute of Technology Mandi,"Computer Science and Engineering (4 Years, Bachelor of Technology)",AI,OBC-NCL,Female-only (including Supernumerary),2975,3809
Indian Institute of Technology Mandi,"Computer Science and Engineering (4 Years, Bachelor of Technology)",AI,OBC-NCL (PwD),Gender-Neutral,80,80
Indian Institute of Technology Mandi,"Computer Science and Engineering (4 Years, Bachelor of Technology)",AI,SC,Gender-Neutral,554,856
Indian Institute of Technology Mandi,"Computer Science and Engineering (4 Years, Bachelor of Technology)",AI,SC,Female-only (including Supernumerary),805,1654
Indian Institute of Technology Mandi,"Computer Science and Engineering (4 Years, Bachelor of Technology)",AI,ST,Gender-Neutral,390,489
Indian Institute of Technology Mandi,"Computer Science and Engineering (4 Years, Bachelor of Technology)",AI,ST,Female-only (including Supernumerary),563,563
Indian Institute of Technology Mandi,"Data Science and Artificial Intelligence (4 Years, Bachelor of Technology)",AI,OPEN,Gender-Neutral,3878,4916
Indian Institute of Technology Mandi,"Data Science and Artificial Intelligence (4 Years, Bachelor of Technology)",AI,OPEN,Female-only (including Supernumerary),8006,9859
Indian Institute of Technology Mandi,"Data Science and Artificial Intelligence (4 Years, Bachelor of Technology)",AI,OPEN (PwD),Female-only (including Supernumerary),209P,209P
Indian Institute of Technology Mandi,"Data Science and Artificial Intelligence (4 Years, Bachelor of Technology)",AI,EWS,Gender-Neutral,601,656
Indian Institute of Technology Mandi,"Data Science and Artificial Intelligence (4 Years, Bachelor of Technology)",AI,EWS,Female-only (including Supernumerary),1585,1585
Indian Institute of Technology Mandi,"Data Science and Artificial Intelligence (4 Years, Bachelor of Technology)",AI,OBC-NCL,Gender-Neutral,1494,1850
Indian Institute of Technology Mandi,"Data Science and Artificial Intelligence (4 Years, Bachelor of Technology)",AI,OBC-NCL,Female-only (including Supernumerary),4228,4684
Indian Institute of Technology Mandi,"Data Science and Artificial Intelligence (4 Years, Bachelor of Technology)",AI,OBC-NCL (PwD),Gender-Neutral,49P,49P
Indian Institute of Technology Mandi,"Data Science and Artificial Intelligence (4 Years, Bachelor of Technology)",AI,SC,Gender-Neutral,656,1098
Indian Institute of Technology Mandi,"Data Science and Artificial Intelligence (4 Years, Bachelor of Technology)",AI,SC,Female-only (including Supernumerary),1820,1840
Indian Institute of Technology Mandi,"Data Science and Artificial Intelligence (4 Years, Bachelor of Technology)",AI,ST,Gender-Neutral,503,562
Indian Institute of Technology Mandi,"Data Science and Artificial Intelligence (4 Years, Bachelor of Technology)",AI,ST,Female-only (including Supernumerary),937,937
Indian Institute of Technology Mandi,"Electrical Engineering (4 Years, Bachelor of Technology)",AI,OPEN,Gender-Neutral,5693,7947
Indian Institute of Technology Mandi,"Electrical Engineering (4 Years, Bachelor of Technology)",AI,OPEN,Female-only (including Supernumerary),13302,14320
Indian Institute of Technology Mandi,"Electrical Engineering (4 Years, Bachelor of Technology)",AI,OPEN (PwD),Gender-Neutral,276,276
Indian Institute of Technology Mandi,"Electrical Engineering (4 Years, Bachelor of Technology)",AI,EWS,Gender-Neutral,1022,1118
Indian Institute of Technology Mandi,"Electrical Engineering (4 Years, Bachelor of Technology)",AI,EWS,Female-only (including Supernumerary),2119,2119
Indian Institute of Technology Mandi,"Electrical Engineering (4 Years, Bachelor of Technology)",AI,OBC-NCL,Gender-Neutral,2182,3005
Indian Institute of Technology Mandi,"Electrical Engineering (4 Years, Bachelor of Technology)",AI,OBC-NCL,Female-only (including Supernumerary),5819,6932
Indian Institute of Technology Mandi,"Electrical Engineering (4 Years, Bachelor of Technology)",AI,SC,Gender-Neutral,1359,1751
Indian Institute of Technology Mandi,"Electrical Engineering (4 Years, Bachelor of Technology)",AI,SC,Female-only (including Supernumerary),2958,3096
Indian Institute of Technology Mandi,"Electrical Engineering (4 Years, Bachelor of Technology)",AI,ST,Gender-Neutral,759,876
Indian Institute of Technology Mandi,"Electrical Engineering (4 Years, Bachelor of Technology)",AI,ST,Female-only (including Supernumerary),892,892
Indian Institute of Technology Mandi,"Engineering Physics (4 Years, Bachelor of Technology)",AI,OPEN,Gender-Neutral,7712,11744
Indian Institute of Technology Mandi,"Engineering Physics (4 Years, Bachelor of Technology)",AI,OPEN,Female-only (including Supernumerary),16366,19931
Indian Institute of Technology Mandi,"Engineering Physics (4 Years, Bachelor of Technology)",AI,EWS,Gender-Neutral,1771,1876
Indian Institute of Technology Mandi,"Engineering Physics (4 Years, Bachelor of Technology)",AI,EWS,Female-only (including Supernumerary),3044,3044
Indian Institute of Technology Mandi,"Engineering Physics (4 Years, Bachelor of Technology)",AI,OBC-NCL,Gender-Neutral,4480,5041
Indian Institute of Technology Mandi,"Engineering Physics (4 Years, Bachelor of Technology)",AI,OBC-NCL,Female-only (including Supernumerary),9790,10363
Indian Institute of Technology Mandi,"Engineering Physics (4 Years, Bachelor of Technology)",AI,SC,Gender-Neutral,2464,2811
Indian Institute of Technology Mandi,"Engineering Physics (4 Years, Bachelor of Technology)",AI,SC,Female-only (including Supernumerary),3748,3748
Indian Institute of Technology Mandi,"Engineering Physics (4 Years, Bachelor of Technology)",AI,ST,Gender-Neutral,1464,1480
Indian Institute of Technology Mandi,"Mechanical Engineering (4 Years, Bachelor of Technology)",AI,OPEN,Gender-Neutral,8234,11085
Indian Institute of Technology Mandi,"Mechanical Engineering (4 Years, Bachelor of Technology)",AI,OPEN,Female-only (including Supernumerary),17016,22360
Indian Institute of Technology Mandi,"Mechanical Engineering (4 Years, Bachelor of Technology)",AI,OPEN (PwD),Gender-Neutral,554P,554P
Indian Institute of Technology Mandi,"Mechanical Engineering (4 Years, Bachelor of Technology)",AI,EWS,Gender-Neutral,1496,1761
Indian Institute of Technology Mandi,"Mechanical Engineering (4 Years, Bachelor of Technology)",AI,EWS,Female-only (including Supernumerary),4113,4113
Indian Institute of Technology Mandi,"Mechanical Engineering (4 Years, Bachelor of Technology)",AI,OBC-NCL,Gender-Neutral,3304,4459
Indian Institute of Technology Mandi,"Mechanical Engineering (4 Years, Bachelor of Technology)",AI,OBC-NCL,Female-only (including Supernumerary),8628,8826
Indian Institute of Technology Mandi,"Mechanical Engineering (4 Years, Bachelor of Technology)",AI,SC,Gender-Neutral,2070,2191
Indian Institute of Technology Mandi,"Mechanical Engineering (4 Years, Bachelor of Technology)",AI,SC,Female-only (including Supernumerary),3916,3995
Indian Institute of Technology Mandi,"Mechanical Engineering (4 Years, Bachelor of Technology)",AI,ST,Gender-Neutral,859,1081
Indian Institute of Technology Mandi,"Mechanical Engineering (4 Years, Bachelor of Technology)",AI,ST,Female-only (including Supernumerary),1532,1532
Indian Institute of Technology Mandi,"Quantum Science and Engineering (4 Years, Bachelor of Technology)",AI,OPEN,Gender-Neutral,5442,7351
Indian Institute of Technology Mandi,"Quantum Science and Engineering (4 Years, Bachelor of Technology)",AI,OPEN,Female-only (including Supernumerary),13617,14182
Indian Institute of Technology Mandi,"Quantum Science and Engineering (4 Years, Bachelor of Technology)",AI,EWS,Gender-Neutral,1031,1295
Indian Institute of Technology Mandi,"Quantum Science and Engineering (4 Years, Bachelor of Technology)",AI,EWS,Female-only (including Supernumerary),2674,2674
Indian Institute of Technology Mandi,"Quantum Science and Engineering (4 Years, Bachelor of Technology)",AI,OBC-NCL,Gender-Neutral,2254,3219
Indian Institute of Technology Mandi,"Quantum Science and Engineering (4 Years, Bachelor of Technology)",AI,OBC-NCL,Female-only (including Supernumerary),7359,7633
Indian Institute of Technology Mandi,"Quantum Science and Engineering (4 Years, Bachelor of Technology)",AI,SC,Gender-Neutral,1309,2020
Indian Institute of Technology Mandi,"Quantum Science and Engineering (4 Years, Bachelor of Technology)",AI,SC,Female-only (including Supernumerary),2810,2810
Indian Institute of Technology Mandi,"Quantum Science and Engineering (4 Years, Bachelor of Technology)",AI,ST,Gender-Neutral,870,926
Indian Institute of Technology Delhi,"Abu Dhabi Campus - Chemical Engineering (4 Years, Bachelor of Technology)",AI,OPEN,Gender-Neutral,5544,6145
Indian Institute of Technology Delhi,"Abu Dhabi Campus - Chemical Engineering (4 Years, Bachelor of Technology)",AI,OPEN,Female-only (including Supernumerary),11269,11269
Indian Institute of Technology Delhi,"Abu Dhabi Campus - Chemical Engineering (4 Years, Bachelor of Technology)",AI,EWS,Gender-Neutral,1221,1221
Indian Institute of Technology Delhi,"Abu Dhabi Campus - Chemical Engineering (4 Years, Bachelor of Technology)",AI,OBC-NCL,Gender-Neutral,1834,2351
Indian Institute of Technology Delhi,"Abu Dhabi Campus - Chemical Engineering (4 Years, Bachelor of Technology)",AI,OBC-NCL,Female-only (including Supernumerary),5381,5381
Indian Institute of Technology Delhi,"Abu Dhabi Campus - Chemical Engineering (4 Years, Bachelor of Technology)",AI,SC,Gender-Neutral,1326,1618
Indian Institute of Technology Delhi,"Abu Dhabi Campus - Computer Science and Engineering (4 Years, Bachelor of Technology)",AI,OPEN,Gender-Neutral,1154,1788
Indian Institute of Technology Delhi,"Abu Dhabi Campus - Computer Science and Engineering (4 Years, Bachelor of Technology)",AI,OPEN,Female-only (including Supernumerary),5125,5125
Indian Institute of Technology Delhi,"Abu Dhabi Campus - Computer Science and Engineering (4 Years, Bachelor of Technology)",AI,EWS,Gender-Neutral,311,311
Indian Institute of Technology Delhi,"Abu Dhabi Campus - Computer Science and Engineering (4 Years, Bachelor of Technology)",AI,OBC-NCL,Gender-Neutral,543,543
Indian Institute of Technology Delhi,"Abu Dhabi Campus - Computer Science and Engineering (4 Years, Bachelor of Technology)",AI,OBC-NCL,Female-only (including Supernumerary),3554,3554
Indian Institute of Technology Delhi,"Abu Dhabi Campus - Computer Science and Engineering (4 Years, Bachelor of Technology)",AI,OBC-NCL (PwD),Gender-Neutral,50,50
Indian Institute of Technology Delhi,"Abu Dhabi Campus - Computer Science and Engineering (4 Years, Bachelor of Technology)",AI,SC,Gender-Neutral,355,355
Indian Institute of Technology Delhi,"Abu Dhabi Campus - Computer Science and Engineering (4 Years, Bachelor of Technology)",AI,ST,Gender-Neutral,211,211
Indian Institute of Technology Delhi,"Abu Dhabi Campus - Electrical Engineering (4 Years, Bachelor of Technology)",AI,OPEN,Gender-Neutral,2301,3436
Indian Institute of Technology Delhi,"Abu Dhabi Campus - Electrical Engineering (4 Years, Bachelor of Technology)",AI,OPEN,Female-only (including Supernumerary),10850,10850
Indian Institute of Technology Delhi,"Abu Dhabi Campus - Electrical Engineering (4 Years, Bachelor of Technology)",AI,EWS,Gender-Neutral,466,466
Indian Institute of Technology Delhi,"Abu Dhabi Campus - Electrical Engineering (4 Years, Bachelor of Technology)",AI,OBC-NCL,Gender-Neutral,1107,1107
Indian Institute of Technology Delhi,"Abu Dhabi Campus - Electrical Engineering (4 Years, Bachelor of Technology)",AI,OBC-NCL,Female-only (including Supernumerary),4618,4618
Indian Institute of Technology Delhi,"Abu Dhabi Campus - Electrical Engineering (4 Years, Bachelor of Technology)",AI,SC,Gender-Neutral,668,714
Indian Institute of Technology Delhi,"Abu Dhabi Campus - Electrical Engineering (4 Years, Bachelor of Technology)",AI,ST,Gender-Neutral,453,453
Indian Institute of Technology Delhi,"Abu Dhabi Campus - Energy Engineering (4 Years, Bachelor of Technology)",AI,OPEN,Gender-Neutral,3251,4465
Indian Institute of Technology Delhi,"Abu Dhabi Campus - Energy Engineering (4 Years, Bachelor of Technology)",AI,OPEN,Female-only (including Supernumerary),9837,9837
Indian Institute of Technology Delhi,"Abu Dhabi Campus - Energy Engineering (4 Years, Bachelor of Technology)",AI,OPEN (PwD),Gender-Neutral,309P,309P
Indian Institute of Technology Delhi,"Abu Dhabi Campus - Energy Engineering (4 Years, Bachelor of Technology)",AI,EWS,Gender-Neutral,1025,1025
Indian Institute of Technology Delhi,"Abu Dhabi Campus - Energy Engineering (4 Years, Bachelor of Technology)",AI,OBC-NCL,Gender-Neutral,1827,1827
Indian Institute of Technology Delhi,"Abu Dhabi Campus - Energy Engineering (4 Years, Bachelor of Technology)",AI,OBC-NCL,Female-only (including Supernumerary),6189,6189
Indian Institute of Technology Delhi,"Abu Dhabi Campus - Energy Engineering (4 Years, Bachelor of Technology)",AI,SC,Gender-Neutral,1611,1611
Indian Institute of Technology Delhi,"Abu Dhabi Campus - Energy Engineering (4 Years, Bachelor of Technology)",AI,ST,Gender-Neutral,541,541
Indian Institute of Technology Delhi,"Biotechnology and Biochemical Engineering (4 Years, Bachelor of Technology)",AI,OPEN,Gender-Neutral,3810,4990
Indian Institute of Technology Delhi,"Biotechnology and Biochemical Engineering (4 Years, Bachelor of Technology)",AI,OPEN,Female-only (including Supernumerary),7677,10812
Indian Institute of Technology Delhi,"Biotechnology and Biochemical Engineering (4 Years, Bachelor of Technology)",AI,OPEN (PwD),Gender-Neutral,92,92
Indian Institute of Technology Delhi,"Biotechnology and Biochemical Engineering (4 Years, Bachelor of Technology)",AI,EWS,Gender-Neutral,904,1092
Indian Institute of Technology Delhi,"Biotechnology and Biochemical Engineering (4 Years, Bachelor of Technology)",AI,EWS,Female-only (including Supernumerary),2493,2493
Indian Institute of Technology Delhi,"Biotechnology and Biochemical Engineering (4 Years, Bachelor of Technology)",AI,OBC-NCL,Gender-Neutral,1950,3035
Indian Institute of Technology Delhi,"Biotechnology and Biochemical Engineering (4 Years, Bachelor of Technology)",AI,OBC-NCL,Female-only (including Supernumerary),6552,6855
Indian Institute of Technology Delhi,"Biotechnology and Biochemical Engineering (4 Years, Bachelor of Technology)",AI,SC,Gender-Neutral,1198,1665
Indian Institute of Technology Delhi,"Biotechnology and Biochemical Engineering (4 Years, Bachelor of Technology)",AI,SC,Female-only (including Supernumerary),2555,2703
Indian Institute of Technology Delhi,"Biotechnology and Biochemical Engineering (4 Years, Bachelor of Technology)",AI,ST,Gender-Neutral,689,982
Indian Institute of Technology Delhi,"Biotechnology and Biochemical Engineering (4 Years, Bachelor of Technology)",AI,ST,Female-only (including Supernumerary),1106,1106
Indian Institute of Technology Delhi,"Chemical Engineering (4 Years, Bachelor of Technology)",AI,OPEN,Gender-Neutral,2208,2724
Indian Institute of Technology Delhi,"Chemical Engineering (4 Years, Bachelor of Technology)",AI,OPEN,Female-only (including Supernumerary),4939,6370
Indian Institute of Technology Delhi,"Chemical Engineering (4 Years, Bachelor of Technology)",AI,OPEN (PwD),Gender-Neutral,179,179
Indian Institute of Technology Delhi,"Chemical Engineering (4 Years, Bachelor of Technology)",AI,EWS,Gender-Neutral,465,577
Indian Institute of Technology Delhi,"Chemical Engineering (4 Years, Bachelor of Technology)",AI,EWS,Female-only (including Supernumerary),1490,1490
Indian Institute of Technology Delhi,"Chemical Engineering (4 Years, Bachelor of Technology)",AI,OBC-NCL,Gender-Neutral,1091,1452
Indian Institute of Technology Delhi,"Chemical Engineering (4 Years, Bachelor of Technology)",AI,OBC-NCL,Female-only (including Supernumerary),3401,4023
Indian Institute of Technology Delhi,"Chemical Engineering (4 Years, Bachelor of Technology)",AI,OBC-NCL (PwD),Gender-Neutral,94,94
Indian Institute of Technology Delhi,"Chemical Engineering (4 Years, Bachelor of Technology)",AI,SC,Gender-Neutral,443,848
Indian Institute of Technology Delhi,"Chemical Engineering (4 Years, Bachelor of Technology)",AI,SC,Female-only (including Supernumerary),1208,1595
Indian Institute of Technology Delhi,"Chemical Engineering (4 Years, Bachelor of Technology)",AI,ST,Gender-Neutral,436,474
Indian Institute of Technology Delhi,"Chemical Engineering (4 Years, Bachelor of Technology)",AI,ST,Female-only (including Supernumerary),371,371
Indian Institute of Technology Delhi,"Chemical Engineering (5 Years, Bachelor and Master of Technology (Dual Degree))",AI,OPEN,Gender-Neutral,2758,3968
Indian Institute of Technology Delhi,"Chemical Engineering (5 Years, Bachelor and Master of Technology (Dual Degree))",AI,OPEN,Female-only (including Supernumerary),7810,8394
Indian Institute of Technology Delhi,"Chemical Engineering (5 Years, Bachelor and Master of Technology (Dual Degree))",AI,OPEN (PwD),Gender-Neutral,233,233
Indian Institute of Technology Delhi,"Chemical Engineering (5 Years, Bachelor and Master of Technology (Dual Degree))",AI,EWS,Gender-Neutral,628,671
Indian Institute of Technology Delhi,"Chemical Engineering (5 Years, Bachelor and Master of Technology (Dual Degree))",AI,EWS,Female-only (including Supernumerary),1877,1877
Indian Institute of Technology Delhi,"Chemical Engineering (5 Years, Bachelor and Master of Technology (Dual Degree))",AI,OBC-NCL,Gender-Neutral,1539,2198
Indian Institute of Technology Delhi,"Chemical Engineering (5 Years, Bachelor and Master of Technology (Dual Degree))",AI,OBC-NCL,Female-only (including Supernumerary),4126,5075
Indian Institute of Technology Delhi,"Chemical Engineering (5 Years, Bachelor and Master of Technology (Dual Degree))",AI,SC,Gender-Neutral,816,1009
Indian Institute of Technology Delhi,"Chemical Engineering (5 Years, Bachelor and Master of Technology (Dual Degree))",AI,SC,Female-only (including Supernumerary),2551,2767
Indian Institute of Technology Delhi,"Chemical Engineering (5 Years, Bachelor and Master of Technology (Dual Degree))",AI,ST,Gender-Neutral,522,618
Indian Institute of Technology Delhi,"Chemical Engineering (5 Years, Bachelor and Master of Technology (Dual Degree))",AI,ST,Female-only (including Supernumerary),995,995
Indian Institute of Technology Delhi,"Chemistry (4 Years, Bachelor of Science)",AI,OPEN,Gender-Neutral,6437,8823
Indian Institute of Technology Delhi,"Chemistry (4 Years, Bachelor of Science)",AI,OPEN,Female-only (including Supernumerary),14627,15833
Indian Institute of Technology Delhi,"Chemistry (4 Years, Bachelor of Science)",AI,EWS,Gender-Neutral,1483,1527
Indian Institute of Technology Delhi,"Chemistry (4 Years, Bachelor of Science)",AI,EWS,Female-only (including Supernumerary),3734,3734
Indian Institute of Technology Delhi,"Chemistry (4 Years, Bachelor of Science)",AI,OBC-NCL,Gender-Neutral,4233,4691
Indian Institute of Technology Delhi,"Chemistry (4 Years, Bachelor of Science)",AI,OBC-NCL,Female-only (including Supernumerary),8487,9163
Indian Institute of Technology Delhi,"Chemistry (4 Years, Bachelor of Science)",AI,SC,Gender-Neutral,1900,2267
Indian Institute of Technology Delhi,"Chemistry (4 Years, Bachelor of Science)",AI,SC,Female-only (including Supernumerary),3939,3939
Indian Institute of Technology Delhi,"Chemistry (4 Years, Bachelor of Science)",AI,ST,Gender-Neutral,1148,1291
Indian Institute of Technology Delhi,"Chemistry (4 Years, Bachelor of Science)",AI,ST,Female-only (including Supernumerary),1721,1721
Indian Institute of Technology Delhi,"Civil Engineering (4 Years, Bachelor of Technology)",AI,OPEN,Gender-Neutral,179,4901
Indian Institute of Technology Delhi,"Civil Engineering (4 Years, Bachelor of Technology)",AI,OPEN,Female-only (including Supernumerary),8994,10332
Indian Institute of Technology Delhi,"Civil Engineering (4 Years, Bachelor of Technology)",AI,OPEN (PwD),Gender-Neutral,28P,28P
Indian Institute of Technology Delhi,"Civil Engineering (4 Years, Bachelor of Technology)",AI,OPEN (PwD),Female-only (including Supernumerary),326P,326P
Indian Institute of Technology Delhi,"Civil Engineering (4 Years, Bachelor of Technology)",AI,EWS,Gender-Neutral,684,813
Indian Institute of Technology Delhi,"Civil Engineering (4 Years, Bachelor of Technology)",AI,EWS,Female-only (including Supernumerary),1946,2132
Indian Institute of Technology Delhi,"Civil Engineering (4 Years, Bachelor of Technology)",AI,EWS (PwD),Gender-Neutral,78P,78P
Indian Institute of Technology Delhi,"Civil Engineering (4 Years, Bachelor of Technology)",AI,OBC-NCL,Gender-Neutral,1510,2318
Indian Institute of Technology Delhi,"Civil Engineering (4 Years, Bachelor of Technology)",AI,OBC-NCL,Female-only (including Supernumerary),3574,5414
Indian Institute of Technology Delhi,"Civil Engineering (4 Years, Bachelor of Technology)",AI,OBC-NCL (PwD),Gender-Neutral,44P,44P
Indian Institute of Technology Delhi,"Civil Engineering (4 Years, Bachelor of Technology)",AI,SC,Gender-Neutral,126,1156
Indian Institute of Technology Delhi,"Civil Engineering (4 Years, Bachelor of Technology)",AI,SC,Female-only (including Supernumerary),2054,2274
Indian Institute of Technology Delhi,"Civil Engineering (4 Years, Bachelor of Technology)",AI,SC (PwD),Gender-Neutral,30P,30P
Indian Institute of Technology Delhi,"Civil Engineering (4 Years, Bachelor of Technology)",AI,ST,Gender-Neutral,71,164
Indian Institute of Technology Delhi,"Civil Engineering (4 Years, Bachelor of Technology)",AI,ST,Female-only (including Supernumerary),360,566
Indian Institute of Technology Delhi,"Computer Science and Engineering (4 Years, Bachelor of Technology)",AI,OPEN,Gender-Neutral,35,128
Indian Institute of Technology Delhi,"Computer Science and Engineering (4 Years, Bachelor of Technology)",AI,OPEN,Female-only (including Supernumerary),266,733
Indian Institute of Technology Delhi,"Computer Science and Engineering (4 Years, Bachelor of Technology)",AI,OPEN (PwD),Gender-Neutral,8,9
Indian Institute of Technology Delhi,"Computer Science and Engineering (4 Years, Bachelor of Technology)",AI,EWS,Gender-Neutral,24,35
Indian Institute of Technology Delhi,"Computer Science and Engineering (4 Years, Bachelor of Technology)",AI,EWS,Female-only (including Supernumerary),101,101
Indian Institute of Technology Delhi,"Computer Science and Engineering (4 Years, Bachelor of Technology)",AI,EWS (PwD),Gender-Neutral,4,4
Indian Institute of Technology Delhi,"Computer Science and Engineering (4 Years, Bachelor of Technology)",AI,EWS (PwD),Female-only (including Supernumerary),11,11
Indian Institute of Technology Delhi,"Computer Science and Engineering (4 Years, Bachelor of Technology)",AI,OBC-NCL,Gender-Neutral,53,108
Indian Institute of Technology Delhi,"Computer Science and Engineering (4 Years, Bachelor of Technology)",AI,OBC-NCL,Female-only (including Supernumerary),307,375
Indian Institute of Technology Delhi,"Computer Science and Engineering (4 Years, Bachelor of Technology)",AI,OBC-NCL (PwD),Gender-Neutral,6,6
Indian Institute of Technology Delhi,"Computer Science and Engineering (4 Years, Bachelor of Technology)",AI,SC,Gender-Neutral,30,62
Indian Institute of Technology Delhi,"Computer Science and Engineering (4 Years, Bachelor of Technology)",AI,SC,Female-only (including Supernumerary),199,232
Indian Institute of Technology Delhi,"Computer Science and Engineering (4 Years, Bachelor of Technology)",AI,ST,Gender-Neutral,13,28
Indian Institute of Technology Delhi,"Computer Science and Engineering (4 Years, Bachelor of Technology)",AI,ST,Female-only (including Supernumerary),42,59
Indian Institute of Technology Delhi,"Computer Science and Engineering (5 Years, Bachelor and Master of Technology (Dual Degree))",AI,OPEN,Gender-Neutral,132,212
Indian Institute of Technology Delhi,"Computer Science and Engineering (5 Years, Bachelor and Master of Technology (Dual Degree))",AI,OPEN,Female-only (including Supernumerary),741,767
Indian Institute of Technology Delhi,"Computer Science and Engineering (5 Years, Bachelor and Master of Technology (Dual Degree))",AI,OPEN (PwD),Gender-Neutral,16,16
Indian Institute of Technology Delhi,"Computer Science and Engineering (5 Years, Bachelor and Master of Technology (Dual Degree))",AI,OPEN (PwD),Female-only (including Supernumerary),104,104
Indian Institute of Technology Delhi,"Computer Science and Engineering (5 Years, Bachelor and Master of Technology (Dual Degree))",AI,EWS,Gender-Neutral,38,50
Indian Institute of Technology Delhi,"Computer Science and Engineering (5 Years, Bachelor and Master of Technology (Dual Degree))",AI,EWS,Female-only (including Supernumerary),280,280
Indian Institute of Technology Delhi,"Computer Science and Engineering (5 Years, Bachelor and Master of Technology (Dual Degree))",AI,OBC-NCL,Gender-Neutral,109,166
Indian Institute of Technology Delhi,"Computer Science and Engineering (5 Years, Bachelor and Master of Technology (Dual Degree))",AI,OBC-NCL,Female-only (including Supernumerary),457,563
Indian Institute of Technology Delhi,"Computer Science and Engineering (5 Years, Bachelor and Master of Technology (Dual Degree))",AI,SC,Gender-Neutral,65,89
Indian Institute of Technology Delhi,"Computer Science and Engineering (5 Years, Bachelor and Master of Technology (Dual Degree))",AI,SC,Female-only (including Supernumerary),400,400
Indian Institute of Technology Delhi,"Computer Science and Engineering (5 Years, Bachelor and Master of Technology (Dual Degree))",AI,SC (PwD),Gender-Neutral,1,1
Indian Institute of Technology Delhi,"Computer Science and Engineering (5 Years, Bachelor and Master of Technology (Dual Degree))",AI,ST,Gender-Neutral,31,37
Indian Institute of Technology Delhi,"Computer Science and Engineering (5 Years, Bachelor and Master of Technology (Dual Degree))",AI,ST,Female-only (including Supernumerary),157,157
Indian Institute of Technology Delhi,"Design (4 Years, Bachelor of Technology)",AI,OPEN,Gender-Neutral,4492,12730
Indian Institute of Technology Delhi,"Design (4 Years, Bachelor of Technology)",AI,OPEN,Female-only (including Supernumerary),15429,16295
Indian Institute of Technology Delhi,"Design (4 Years, Bachelor of Technology)",AI,EWS,Gender-Neutral,3434,3628
Indian Institute of Technology Delhi,"Design (4 Years, Bachelor of Technology)",AI,OBC-NCL,Gender-Neutral,3916,5459
Indian Institute of Technology Delhi,"Design (4 Years, Bachelor of Technology)",AI,OBC-NCL,Female-only (including Supernumerary),5238,5238
Indian Institute of Technology Delhi,"Design (4 Years, Bachelor of Technology)",AI,SC,Gender-Neutral,1448,2018
Indian Institute of Technology Delhi,"Design (4 Years, Bachelor of Technology)",AI,SC,Female-only (including Supernumerary),4442,4442
Indian Institute of Technology Delhi,"Design (4 Years, Bachelor of Technology)",AI,ST,Gender-Neutral,1856,1856
Indian Institute of Technology Delhi,"Electrical Engineering (4 Years, Bachelor of Technology)",AI,OPEN,Gender-Neutral,428,612
Indian Institute of Technology Delhi,"Electrical Engineering (4 Years, Bachelor of Technology)",AI,OPEN,Female-only (including Supernumerary),1519,1974
Indian Institute of Technology Delhi,"Electrical Engineering (4 Years, Bachelor of Technology)",AI,OPEN (PwD),Gender-Neutral,63,70
Indian Institute of Technology Delhi,"Electrical Engineering (4 Years, Bachelor of Technology)",AI,OPEN (PwD),Female-only (including Supernumerary),145,145
Indian Institute of Technology Delhi,"Electrical Engineering (4 Years, Bachelor of Technology)",AI,EWS,Gender-Neutral,94,166
Indian Institute of Technology Delhi,"Electrical Engineering (4 Years, Bachelor of Technology)",AI,EWS,Female-only (including Supernumerary),493,528
Indian Institute of Technology Delhi,"Electrical Engineering (4 Years, Bachelor of Technology)",AI,OBC-NCL,Gender-Neutral,325,425
Indian Institute of Technology Delhi,"Electrical Engineering (4 Years, Bachelor of Technology)",AI,OBC-NCL,Female-only (including Supernumerary),1015,1238
Indian Institute of Technology Delhi,"Electrical Engineering (4 Years, Bachelor of Technology)",AI,OBC-NCL (PwD),Gender-Neutral,28,28
Indian Institute of Technology Delhi,"Electrical Engineering (4 Years, Bachelor of Technology)",AI,SC,Gender-Neutral,124,196
Indian Institute of Technology Delhi,"Electrical Engineering (4 Years, Bachelor of Technology)",AI,SC,Female-only (including Supernumerary),568,597
Indian Institute of Technology Delhi,"Electrical Engineering (4 Years, Bachelor of Technology)",AI,ST,Gender-Neutral,102,139
Indian Institute of Technology Delhi,"Electrical Engineering (4 Years, Bachelor of Technology)",AI,ST,Female-only (including Supernumerary),97,135
Indian Institute of Technology Delhi,"Electrical Engineering (4 Years, Bachelor of Technology)",AI,ST (PwD),Gender-Neutral,10P,10P
Indian Institute of Technology Delhi,"Electrical Engineering (Power and Automation) (4 Years, Bachelor of Technology)",AI,OPEN,Gender-Neutral,637,823
Indian Institute of Technology Delhi,"Electrical Engineering (Power and Automation) (4 Years, Bachelor of Technology)",AI,OPEN,Female-only (including Supernumerary),1982,2406
Indian Institute of Technology Delhi,"Electrical Engineering (Power and Automation) (4 Years, Bachelor of Technology)",AI,OPEN (PwD),Gender-Neutral,80,80
Indian Institute of Technology Delhi,"Electrical Engineering (Power and Automation) (4 Years, Bachelor of Technology)",AI,EWS,Gender-Neutral,172,195
Indian Institute of Technology Delhi,"Electrical Engineering (Power and Automation) (4 Years, Bachelor of Technology)",AI,EWS,Female-only (including Supernumerary),912,912
Indian Institute of Technology Delhi,"Electrical Engineering (Power and Automation) (4 Years, Bachelor of Technology)",AI,OBC-NCL,Gender-Neutral,289,524
Indian Institute of Technology Delhi,"Electrical Engineering (Power and Automation) (4 Years, Bachelor of Technology)",AI,OBC-NCL,Female-only (including Supernumerary),1270,1965
Indian Institute of Technology Delhi,"Electrical Engineering (Power and Automation) (4 Years, Bachelor of Technology)",AI,OBC-NCL (PwD),Gender-Neutral,105,105
Indian Institute of Technology Delhi,"Electrical Engineering (Power and Automation) (4 Years, Bachelor of Technology)",AI,SC,Gender-Neutral,227,281
Indian Institute of Technology Delhi,"Electrical Engineering (Power and Automation) (4 Years, Bachelor of Technology)",AI,SC,Female-only (including Supernumerary),691,704
Indian Institute of Technology Delhi,"Electrical Engineering (Power and Automation) (4 Years, Bachelor of Technology)",AI,ST,Gender-Neutral,154,181
Indian Institute of Technology Delhi,"Electrical Engineering (Power and Automation) (4 Years, Bachelor of Technology)",AI,ST,Female-only (including Supernumerary),370,370
Indian Institute of Technology Delhi,"Energy Engineering (4 Years, Bachelor of Technology)",AI,OPEN,Gender-Neutral,2357,2965
Indian Institute of Technology Delhi,"Energy Engineering (4 Years, Bachelor of Technology)",AI,OPEN,Female-only (including Supernumerary),7056,7662
Indian Institute of Technology Delhi,"Energy Engineering (4 Years, Bachelor of Technology)",AI,OPEN (PwD),Gender-Neutral,182,182
Indian Institute of Technology Delhi,"Energy Engineering (4 Years, Bachelor of Technology)",AI,EWS,Gender-Neutral,433,610
Indian Institute of Technology Delhi,"Energy Engineering (4 Years, Bachelor of Technology)",AI,EWS,Female-only (including Supernumerary),1730,1730
Indian Institute of Technology Delhi,"Energy Engineering (4 Years, Bachelor of Technology)",AI,OBC-NCL,Gender-Neutral,1406,1821
Indian Institute of Technology Delhi,"Energy Engineering (4 Years, Bachelor of Technology)",AI,OBC-NCL,Female-only (including Supernumerary),4115,4249
Indian Institute of Technology Delhi,"Energy Engineering (4 Years, Bachelor of Technology)",AI,SC,Gender-Neutral,529,875
Indian Institute of Technology Delhi,"Energy Engineering (4 Years, Bachelor of Technology)",AI,SC,Female-only (including Supernumerary),2829,2829
Indian Institute of Technology Delhi,"Energy Engineering (4 Years, Bachelor of Technology)",AI,ST,Gender-Neutral,464,524
Indian Institute of Technology Delhi,"Energy Engineering (4 Years, Bachelor of Technology)",AI,ST,Female-only (including Supernumerary),884,884
Indian Institute of Technology Delhi,"Engineering and Computational Mechanics (4 Years, Bachelor of Technology)",AI,OPEN,Gender-Neutral,851,1107
Indian Institute of Technology Delhi,"Engineering and Computational Mechanics (4 Years, Bachelor of Technology)",AI,OPEN,Female-only (including Supernumerary),2458,2740
Indian Institute of Technology Delhi,"Engineering and Computational Mechanics (4 Years, Bachelor of Technology)",AI,OPEN (PwD),Female-only (including Supernumerary),399P,399P
Indian Institute of Technology Delhi,"Engineering and Computational Mechanics (4 Years, Bachelor of Technology)",AI,EWS,Gender-Neutral,300,321
Indian Institute of Technology Delhi,"Engineering and Computational Mechanics (4 Years, Bachelor of Technology)",AI,EWS,Female-only (including Supernumerary),997,997
Indian Institute of Technology Delhi,"Engineering and Computational Mechanics (4 Years, Bachelor of Technology)",AI,OBC-NCL,Gender-Neutral,578,783
Indian Institute of Technology Delhi,"Engineering and Computational Mechanics (4 Years, Bachelor of Technology)",AI,OBC-NCL,Female-only (including Supernumerary),1996,2020
Indian Institute of Technology Delhi,"Engineering and Computational Mechanics (4 Years, Bachelor of Technology)",AI,OBC-NCL (PwD),Gender-Neutral,95,95
Indian Institute of Technology Delhi,"Engineering and Computational Mechanics (4 Years, Bachelor of Technology)",AI,SC,Gender-Neutral,308,454
Indian Institute of Technology Delhi,"Engineering and Computational Mechanics (4 Years, Bachelor of Technology)",AI,SC,Female-only (including Supernumerary),1193,1193
Indian Institute of Technology Delhi,"Engineering and Computational Mechanics (4 Years, Bachelor of Technology)",AI,ST,Gender-Neutral,229,256
Indian Institute of Technology Delhi,"Engineering and Computational Mechanics (4 Years, Bachelor of Technology)",AI,ST,Female-only (including Supernumerary),842,842
Indian Institute of Technology Delhi,"Engineering Physics (4 Years, Bachelor of Technology)",AI,OPEN,Gender-Neutral,1614,2435
Indian Institute of Technology Delhi,"Engineering Physics (4 Years, Bachelor of Technology)",AI,OPEN,Female-only (including Supernumerary),5534,6657
Indian Institute of Technology Delhi,"Engineering Physics (4 Years, Bachelor of Technology)",AI,OPEN (PwD),Gender-Neutral,236,236
Indian Institute of Technology Delhi,"Engineering Physics (4 Years, Bachelor of Technology)",AI,EWS,Gender-Neutral,489,636
Indian Institute of Technology Delhi,"Engineering Physics (4 Years, Bachelor of Technology)",AI,EWS,Female-only (including Supernumerary),1532,1532
Indian Institute of Technology Delhi,"Engineering Physics (4 Years, Bachelor of Technology)",AI,OBC-NCL,Gender-Neutral,764,1679
Indian Institute of Technology Delhi,"Engineering Physics (4 Years, Bachelor of Technology)",AI,OBC-NCL,Female-only (including Supernumerary),3036,4968
Indian Institute of Technology Delhi,"Engineering Physics (4 Years, Bachelor of Technology)",AI,OBC-NCL (PwD),Gender-Neutral,24P,24P
Indian Institute of Technology Delhi,"Engineering Physics (4 Years, Bachelor of Technology)",AI,SC,Gender-Neutral,575,1008
Indian Institute of Technology Delhi,"Engineering Physics (4 Years, Bachelor of Technology)",AI,SC,Female-only (including Supernumerary),1678,2095
Indian Institute of Technology Delhi,"Engineering Physics (4 Years, Bachelor of Technology)",AI,ST,Gender-Neutral,514,580
Indian Institute of Technology Delhi,"Engineering Physics (4 Years, Bachelor of Technology)",AI,ST,Female-only (including Supernumerary),1124,1124
Indian Institute of Technology Delhi,"Materials Engineering (4 Years, Bachelor of Technology)",AI,OPEN,Gender-Neutral,2700,3706
Indian Institute of Technology Delhi,"Materials Engineering (4 Years, Bachelor of Technology)",AI,OPEN,Female-only (including Supernumerary),9468,9547
Indian Institute of Technology Delhi,"Materials Engineering (4 Years, Bachelor of Technology)",AI,EWS,Gender-Neutral,805,833
Indian Institute of Technology Delhi,"Materials Engineering (4 Years, Bachelor of Technology)",AI,EWS,Female-only (including Supernumerary),1959,1959
Indian Institute of Technology Delhi,"Materials Engineering (4 Years, Bachelor of Technology)",AI,OBC-NCL,Gender-Neutral,1952,2359
Indian Institute of Technology Delhi,"Materials Engineering (4 Years, Bachelor of Technology)",AI,OBC-NCL,Female-only (including Supernumerary),5532,5611
Indian Institute of Technology Delhi,"Materials Engineering (4 Years, Bachelor of Technology)",AI,SC,Gender-Neutral,1195,1276
Indian Institute of Technology Delhi,"Materials Engineering (4 Years, Bachelor of Technology)",AI,SC,Female-only (including Supernumerary),2455,2455
Indian Institute of Technology Delhi,"Materials Engineering (4 Years, Bachelor of Technology)",AI,ST,Gender-Neutral,835,844
Indian Institute of Technology Delhi,"Materials Engineering (4 Years, Bachelor of Technology)",AI,ST,Female-only (including Supernumerary),1048,1048
Indian Institute of Technology Delhi,"Mathematics and Computing (4 Years, Bachelor of Technology)",AI,OPEN,Gender-Neutral,137,338
Indian Institute of Technology Delhi,"Mathematics and Computing (4 Years, Bachelor of Technology)",AI,OPEN,Female-only (including Supernumerary),729,1090
Indian Institute of Technology Delhi,"Mathematics and Computing (4 Years, Bachelor of Technology)",AI,OPEN (PwD),Gender-Neutral,19,19
Indian Institute of Technology Delhi,"Mathematics and Computing (4 Years, Bachelor of Technology)",AI,OPEN (PwD),Female-only (including Supernumerary),113,113
Indian Institute of Technology Delhi,"Mathematics and Computing (4 Years, Bachelor of Technology)",AI,EWS,Gender-Neutral,58,77
Indian Institute of Technology Delhi,"Mathematics and Computing (4 Years, Bachelor of Technology)",AI,EWS,Female-only (including Supernumerary),185,278
Indian Institute of Technology Delhi,"Mathematics and Computing (4 Years, Bachelor of Technology)",AI,OBC-NCL,Gender-Neutral,131,199
Indian Institute of Technology Delhi,"Mathematics and Computing (4 Years, Bachelor of Technology)",AI,OBC-NCL,Female-only (including Supernumerary),661,956
Indian Institute of Technology Delhi,"Mathematics and Computing (4 Years, Bachelor of Technology)",AI,OBC-NCL (PwD),Gender-Neutral,36,36
Indian Institute of Technology Delhi,"Mathematics and Computing (4 Years, Bachelor of Technology)",AI,SC,Gender-Neutral,8,115
Indian Institute of Technology Delhi,"Mathematics and Computing (4 Years, Bachelor of Technology)",AI,SC,Female-only (including Supernumerary),310,458
Indian Institute of Technology Delhi,"Mathematics and Computing (4 Years, Bachelor of Technology)",AI,SC (PwD),Gender-Neutral,13P,13P
Indian Institute of Technology Delhi,"Mathematics and Computing (4 Years, Bachelor of Technology)",AI,ST,Gender-Neutral,34,67
Indian Institute of Technology Delhi,"Mathematics and Computing (4 Years, Bachelor of Technology)",AI,ST,Female-only (including Supernumerary),197,197
Indian Institute of Technology Delhi,"Mathematics and Computing (4 Years, Bachelor of Technology)",AI,ST (PwD),Gender-Neutral,3P,3P
Indian Institute of Technology Delhi,"Mathematics and Computing (5 Years, Bachelor and Master of Technology (Dual Degree))",AI,OPEN,Gender-Neutral,341,403
Indian Institute of Technology Delhi,"Mathematics and Computing (5 Years, Bachelor and Master of Technology (Dual Degree))",AI,OPEN,Female-only (including Supernumerary),1168,1937
Indian Institute of Technology Delhi,"Mathematics and Computing (5 Years, Bachelor and Master of Technology (Dual Degree))",AI,OPEN (PwD),Gender-Neutral,35,35
Indian Institute of Technology Delhi,"Mathematics and Computing (5 Years, Bachelor and Master of Technology (Dual Degree))",AI,EWS,Gender-Neutral,80,92
Indian Institute of Technology Delhi,"Mathematics and Computing (5 Years, Bachelor and Master of Technology (Dual Degree))",AI,EWS,Female-only (including Supernumerary),399,399
Indian Institute of Technology Delhi,"Mathematics and Computing (5 Years, Bachelor and Master of Technology (Dual Degree))",AI,OBC-NCL,Gender-Neutral,200,247
Indian Institute of Technology Delhi,"Mathematics and Computing (5 Years, Bachelor and Master of Technology (Dual Degree))",AI,OBC-NCL,Female-only (including Supernumerary),981,1135
Indian Institute of Technology Delhi,"Mathematics and Computing (5 Years, Bachelor and Master of Technology (Dual Degree))",AI,SC,Gender-Neutral,100,129
Indian Institute of Technology Delhi,"Mathematics and Computing (5 Years, Bachelor and Master of Technology (Dual Degree))",AI,SC,Female-only (including Supernumerary),504,504
Indian Institute of Technology Delhi,"Mathematics and Computing (5 Years, Bachelor and Master of Technology (Dual Degree))",AI,ST,Gender-Neutral,107,151
Indian Institute of Technology Delhi,"Mechanical Engineering (4 Years, Bachelor of Technology)",AI,OPEN,Gender-Neutral,861,2205
Indian Institute of Technology Delhi,"Mechanical Engineering (4 Years, Bachelor of Technology)",AI,OPEN,Female-only (including Supernumerary),4655,5955
Indian Institute of Technology Delhi,"Mechanical Engineering (4 Years, Bachelor of Technology)",AI,OPEN (PwD),Gender-Neutral,11,11
Indian Institute of Technology Delhi,"Mechanical Engineering (4 Years, Bachelor of Technology)",AI,EWS,Gender-Neutral,331,428
Indian Institute of Technology Delhi,"Mechanical Engineering (4 Years, Bachelor of Technology)",AI,EWS,Female-only (including Supernumerary),1258,1342
Indian Institute of Technology Delhi,"Mechanical Engineering (4 Years, Bachelor of Technology)",AI,EWS (PwD),Gender-Neutral,33,33
Indian Institute of Technology Delhi,"Mechanical Engineering (4 Years, Bachelor of Technology)",AI,OBC-NCL,Gender-Neutral,811,1090
Indian Institute of Technology Delhi,"Mechanical Engineering (4 Years, Bachelor of Technology)",AI,OBC-NCL,Female-only (including Supernumerary),2792,3321
Indian Institute of Technology Delhi,"Mechanical Engineering (4 Years, Bachelor of Technology)",AI,OBC-NCL (PwD),Gender-Neutral,102P,102P
Indian Institute of Technology Delhi,"Mechanical Engineering (4 Years, Bachelor of Technology)",AI,SC,Gender-Neutral,319,667
Indian Institute of Technology Delhi,"Mechanical Engineering (4 Years, Bachelor of Technology)",AI,SC,Female-only (including Supernumerary),1250,1569
Indian Institute of Technology Delhi,"Mechanical Engineering (4 Years, Bachelor of Technology)",AI,ST,Gender-Neutral,177,333
Indian Institute of Technology Delhi,"Mechanical Engineering (4 Years, Bachelor of Technology)",AI,ST,Female-only (including Supernumerary),614,614
Indian Institute of Technology Delhi,"Production and Industrial Engineering (4 Years, Bachelor of Technology)",AI,OPEN,Gender-Neutral,2235,3402
Indian Institute of Technology Delhi,"Production and Industrial Engineering (4 Years, Bachelor of Technology)",AI,OPEN,Female-only (including Supernumerary),6374,8445
Indian Institute of Technology Delhi,"Production and Industrial Engineering (4 Years, Bachelor of Technology)",AI,OPEN (PwD),Gender-Neutral,160,160
Indian Institute of Technology Delhi,"Production and Industrial Engineering (4 Years, Bachelor of Technology)",AI,EWS,Gender-Neutral,479,782
Indian Institute of Technology Delhi,"Production and Industrial Engineering (4 Years, Bachelor of Technology)",AI,EWS,Female-only (including Supernumerary),1501,1960
Indian Institute of Technology Delhi,"Production and Industrial Engineering (4 Years, Bachelor of Technology)",AI,OBC-NCL,Gender-Neutral,1325,2207
Indian Institute of Technology Delhi,"Production and Industrial Engineering (4 Years, Bachelor of Technology)",AI,OBC-NCL,Female-only (including Supernumerary),4726,5756
Indian Institute of Technology Delhi,"Production and Industrial Engineering (4 Years, Bachelor of Technology)",AI,SC,Gender-Neutral,963,1180
Indian Institute of Technology Delhi,"Production and Industrial Engineering (4 Years, Bachelor of Technology)",AI,SC,Female-only (including Supernumerary),2309,2684
Indian Institute of Technology Delhi,"Production and Industrial Engineering (4 Years, Bachelor of Technology)",AI,ST,Gender-Neutral,572,766
Indian Institute of Technology Delhi,"Production and Industrial Engineering (4 Years, Bachelor of Technology)",AI,ST,Female-only (including Supernumerary),1037,1037
Indian Institute of Technology Delhi,"Textile Technology (4 Years, Bachelor of Technology)",AI,OPEN,Gender-Neutral,5007,6580
Indian Institute of Technology Delhi,"Textile Technology (4 Years, Bachelor of Technology)",AI,OPEN,Female-only (including Supernumerary),10707,12984
Indian Institute of Technology Delhi,"Textile Technology (4 Years, Bachelor of Technology)",AI,OPEN (PwD),Gender-Neutral,212P,212P
Indian Institute of Technology Delhi,"Textile Technology (4 Years, Bachelor of Technology)",AI,EWS,Gender-Neutral,1067,1264
Indian Institute of Technology Delhi,"Textile Technology (4 Years, Bachelor of Technology)",AI,EWS,Female-only (including Supernumerary),2592,2742
Indian Institute of Technology Delhi,"Textile Technology (4 Years, Bachelor of Technology)",AI,OBC-NCL,Gender-Neutral,2559,3313
Indian Institute of Technology Delhi,"Textile Technology (4 Years, Bachelor of Technology)",AI,OBC-NCL,Female-only (including Supernumerary),5659,6765
Indian Institute of Technology Delhi,"Textile Technology (4 Years, Bachelor of Technology)",AI,SC,Gender-Neutral,1291,1775
Indian Institute of Technology Delhi,"Textile Technology (4 Years, Bachelor of Technology)",AI,SC,Female-only (including Supernumerary),3142,3546
Indian Institute of Technology Delhi,"Textile Technology (4 Years, Bachelor of Technology)",AI,ST,Gender-Neutral,934,1189
Indian Institute of Technology Delhi,"Textile Technology (4 Years, Bachelor of Technology)",AI,ST,Female-only (including Supernumerary),1341,1341
Indian Institute of Technology Indore,"Applied and Industrial Chemistry (4 Years, Bachelor of Science)",AI,OPEN,Gender-Neutral,12653,15409
Indian Institute of Technology Indore,"Applied and Industrial Chemistry (4 Years, Bachelor of Science)",AI,OPEN,Female-only (including Supernumerary),20499,22724
Indian Institute of Technology Indore,"Applied and Industrial Chemistry (4 Years, Bachelor of Science)",AI,EWS,Gender-Neutral,2400,2460
Indian Institute of Technology Indore,"Applied and Industrial Chemistry (4 Years, Bachelor of Science)",AI,OBC-NCL,Gender-Neutral,5746,5870
Indian Institute of Technology Indore,"Applied and Industrial Chemistry (4 Years, Bachelor of Science)",AI,OBC-NCL,Female-only (including Supernumerary),10050,10050
Indian Institute of Technology Indore,"Applied and Industrial Chemistry (4 Years, Bachelor of Science)",AI,SC,Gender-Neutral,3090,3225
Indian Institute of Technology Indore,"Applied and Industrial Chemistry (4 Years, Bachelor of Science)",AI,SC,Female-only (including Supernumerary),4725,4725
Indian Institute of Technology Indore,"Applied and Industrial Chemistry (4 Years, Bachelor of Science)",AI,ST,Gender-Neutral,1526,1624
Indian Institute of Technology Indore,"Biomedical Engineering and Data Science (4 Years, Bachelor of Technology)",AI,OPEN,Gender-Neutral,9069,11519
Indian Institute of Technology Indore,"Biomedical Engineering and Data Science (4 Years, Bachelor of Technology)",AI,OPEN,Female-only (including Supernumerary),15523,17879
Indian Institute of Technology Indore,"Biomedical Engineering and Data Science (4 Years, Bachelor of Technology)",AI,EWS,Gender-Neutral,1695,1733
Indian Institute of Technology Indore,"Biomedical Engineering and Data Science (4 Years, Bachelor of Technology)",AI,EWS,Female-only (including Supernumerary),2569,2569
Indian Institute of Technology Indore,"Biomedical Engineering and Data Science (4 Years, Bachelor of Technology)",AI,OBC-NCL,Gender-Neutral,3964,4430
Indian Institute of Technology Indore,"Biomedical Engineering and Data Science (4 Years, Bachelor of Technology)",AI,OBC-NCL,Female-only (including Supernumerary),5781,5781
Indian Institute of Technology Indore,"Biomedical Engineering and Data Science (4 Years, Bachelor of Technology)",AI,SC,Gender-Neutral,2576,2744
Indian Institute of Technology Indore,"Biomedical Engineering and Data Science (4 Years, Bachelor of Technology)",AI,SC,Female-only (including Supernumerary),3573,3573
Indian Institute of Technology Indore,"Biomedical Engineering and Data Science (4 Years, Bachelor of Technology)",AI,ST,Gender-Neutral,1396,1419
Indian Institute of Technology Indore,"Chemical Engineering (4 Years, Bachelor of Technology)",AI,OPEN,Gender-Neutral,7795,9168
Indian Institute of Technology Indore,"Chemical Engineering (4 Years, Bachelor of Technology)",AI,OPEN,Female-only (including Supernumerary),13607,16420
Indian Institute of Technology Indore,"Chemical Engineering (4 Years, Bachelor of Technology)",AI,EWS,Gender-Neutral,1202,1286
Indian Institute of Technology Indore,"Chemical Engineering (4 Years, Bachelor of Technology)",AI,EWS,Female-only (including Supernumerary),2459,2459
Indian Institute of Technology Indore,"Chemical Engineering (4 Years, Bachelor of Technology)",AI,OBC-NCL,Gender-Neutral,3443,3666
Indian Institute of Technology Indore,"Chemical Engineering (4 Years, Bachelor of Technology)",AI,OBC-NCL,Female-only (including Supernumerary),5718,7111
Indian Institute of Technology Indore,"Chemical Engineering (4 Years, Bachelor of Technology)",AI,SC,Gender-Neutral,2077,2257
Indian Institute of Technology Indore,"Chemical Engineering (4 Years, Bachelor of Technology)",AI,SC,Female-only (including Supernumerary),2920,2920
Indian Institute of Technology Indore,"Chemical Engineering (4 Years, Bachelor of Technology)",AI,ST,Gender-Neutral,960,1001
Indian Institute of Technology Indore,"Chemical Engineering (4 Years, Bachelor of Technology)",AI,ST,Female-only (including Supernumerary),1574,1574
Indian Institute of Technology Indore,"Civil Engineering (4 Years, Bachelor of Technology)",AI,OPEN,Gender-Neutral,8751,11604
Indian Institute of Technology Indore,"Civil Engineering (4 Years, Bachelor of Technology)",AI,OPEN,Female-only (including Supernumerary),17675,19641
Indian Institute of Technology Indore,"Civil Engineering (4 Years, Bachelor of Technology)",AI,EWS,Gender-Neutral,1528,1701
Indian Institute of Technology Indore,"Civil Engineering (4 Years, Bachelor of Technology)",AI,EWS,Female-only (including Supernumerary),3453,3453
Indian Institute of Technology Indore,"Civil Engineering (4 Years, Bachelor of Technology)",AI,OBC-NCL,Gender-Neutral,3349,4081
Indian Institute of Technology Indore,"Civil Engineering (4 Years, Bachelor of Technology)",AI,OBC-NCL,Female-only (including Supernumerary),8184,8509
Indian Institute of Technology Indore,"Civil Engineering (4 Years, Bachelor of Technology)",AI,SC,Gender-Neutral,2110,2297
Indian Institute of Technology Indore,"Civil Engineering (4 Years, Bachelor of Technology)",AI,SC,Female-only (including Supernumerary),3180,3305
Indian Institute of Technology Indore,"Civil Engineering (4 Years, Bachelor of Technology)",AI,ST,Gender-Neutral,713,839
Indian Institute of Technology Indore,"Civil Engineering (4 Years, Bachelor of Technology)",AI,ST,Female-only (including Supernumerary),1062,1062
Indian Institute of Technology Indore,"Computer Science and Engineering (4 Years, Bachelor of Technology)",AI,OPEN,Gender-Neutral,1186,1676
Indian Institute of Technology Indore,"Computer Science and Engineering (4 Years, Bachelor of Technology)",AI,OPEN,Female-only (including Supernumerary),2840,4321
Indian Institute of Technology Indore,"Computer Science and Engineering (4 Years, Bachelor of Technology)",AI,OPEN (PwD),Gender-Neutral,45,68
Indian Institute of Technology Indore,"Computer Science and Engineering (4 Years, Bachelor of Technology)",AI,EWS,Gender-Neutral,251,271
Indian Institute of Technology Indore,"Computer Science and Engineering (4 Years, Bachelor of Technology)",AI,EWS,Female-only (including Supernumerary),526,623
Indian Institute of Technology Indore,"Computer Science and Engineering (4 Years, Bachelor of Technology)",AI,EWS (PwD),Gender-Neutral,32,32
Indian Institute of Technology Indore,"Computer Science and Engineering (4 Years, Bachelor of Technology)",AI,OBC-NCL,Gender-Neutral,469,713
Indian Institute of Technology Indore,"Computer Science and Engineering (4 Years, Bachelor of Technology)",AI,OBC-NCL,Female-only (including Supernumerary),1873,2285
Indian Institute of Technology Indore,"Computer Science and Engineering (4 Years, Bachelor of Technology)",AI,OBC-NCL (PwD),Gender-Neutral,48,48
Indian Institute of Technology Indore,"Computer Science and Engineering (4 Years, Bachelor of Technology)",AI,SC,Gender-Neutral,190,394
Indian Institute of Technology Indore,"Computer Science and Engineering (4 Years, Bachelor of Technology)",AI,SC,Female-only (including Supernumerary),709,944
Indian Institute of Technology Indore,"Computer Science and Engineering (4 Years, Bachelor of Technology)",AI,SC (PwD),Gender-Neutral,25P,25P
Indian Institute of Technology Indore,"Computer Science and Engineering (4 Years, Bachelor of Technology)",AI,ST,Gender-Neutral,103,142
Indian Institute of Technology Indore,"Computer Science and Engineering (4 Years, Bachelor of Technology)",AI,ST,Female-only (including Supernumerary),313,313
Indian Institute of Technology Indore,"Electrical Engineering (4 Years, Bachelor of Technology)",AI,OPEN,Gender-Neutral,2579,3350
Indian Institute of Technology Indore,"Electrical Engineering (4 Years, Bachelor of Technology)",AI,OPEN,Female-only (including Supernumerary),6364,7185
Indian Institute of Technology Indore,"Electrical Engineering (4 Years, Bachelor of Technology)",AI,OPEN (PwD),Gender-Neutral,133,133
Indian Institute of Technology Indore,"Electrical Engineering (4 Years, Bachelor of Technology)",AI,EWS,Gender-Neutral,390,442
Indian Institute of Technology Indore,"Electrical Engineering (4 Years, Bachelor of Technology)",AI,EWS,Female-only (including Supernumerary),1176,1335
Indian Institute of Technology Indore,"Electrical Engineering (4 Years, Bachelor of Technology)",AI,EWS (PwD),Gender-Neutral,64P,64P
Indian Institute of Technology Indore,"Electrical Engineering (4 Years, Bachelor of Technology)",AI,OBC-NCL,Gender-Neutral,817,1522
Indian Institute of Technology Indore,"Electrical Engineering (4 Years, Bachelor of Technology)",AI,OBC-NCL,Female-only (including Supernumerary),2872,3723
Indian Institute of Technology Indore,"Electrical Engineering (4 Years, Bachelor of Technology)",AI,OBC-NCL (PwD),Gender-Neutral,10P,10P
Indian Institute of Technology Indore,"Electrical Engineering (4 Years, Bachelor of Technology)",AI,SC,Gender-Neutral,594,835
Indian Institute of Technology Indore,"Electrical Engineering (4 Years, Bachelor of Technology)",AI,SC,Female-only (including Supernumerary),1373,1899
Indian Institute of Technology Indore,"Electrical Engineering (4 Years, Bachelor of Technology)",AI,ST,Gender-Neutral,461,492
Indian Institute of Technology Indore,"Electrical Engineering (4 Years, Bachelor of Technology)",AI,ST,Female-only (including Supernumerary),697,697
Indian Institute of Technology Indore,"Engineering Physics (4 Years, Bachelor of Technology)",AI,OPEN,Gender-Neutral,6355,7062
Indian Institute of Technology Indore,"Engineering Physics (4 Years, Bachelor of Technology)",AI,OPEN,Female-only (including Supernumerary),16325,16325
Indian Institute of Technology Indore,"Engineering Physics (4 Years, Bachelor of Technology)",AI,EWS,Gender-Neutral,1428,1428
Indian Institute of Technology Indore,"Engineering Physics (4 Years, Bachelor of Technology)",AI,EWS,Female-only (including Supernumerary),2721,2721
Indian Institute of Technology Indore,"Engineering Physics (4 Years, Bachelor of Technology)",AI,OBC-NCL,Gender-Neutral,3323,3720
Indian Institute of Technology Indore,"Engineering Physics (4 Years, Bachelor of Technology)",AI,OBC-NCL,Female-only (including Supernumerary),8044,8044
Indian Institute of Technology Indore,"Engineering Physics (4 Years, Bachelor of Technology)",AI,SC,Gender-Neutral,1594,1908
Indian Institute of Technology Indore,"Engineering Physics (4 Years, Bachelor of Technology)",AI,SC,Female-only (including Supernumerary),4343,4343
Indian Institute of Technology Indore,"Engineering Physics (4 Years, Bachelor of Technology)",AI,ST,Gender-Neutral,1022,1287
Indian Institute of Technology Indore,"Environmental Economics and Sustainable Engineering (4 Years, Bachelor of Technology)",AI,OPEN,Gender-Neutral,9486,14267
Indian Institute of Technology Indore,"Environmental Economics and Sustainable Engineering (4 Years, Bachelor of Technology)",AI,OPEN,Female-only (including Supernumerary),19248,22079
Indian Institute of Technology Indore,"Environmental Economics and Sustainable Engineering (4 Years, Bachelor of Technology)",AI,EWS,Gender-Neutral,2138,2298
Indian Institute of Technology Indore,"Environmental Economics and Sustainable Engineering (4 Years, Bachelor of Technology)",AI,EWS,Female-only (including Supernumerary),4347,4347
Indian Institute of Technology Indore,"Environmental Economics and Sustainable Engineering (4 Years, Bachelor of Technology)",AI,OBC-NCL,Gender-Neutral,4749,5618
Indian Institute of Technology Indore,"Environmental Economics and Sustainable Engineering (4 Years, Bachelor of Technology)",AI,OBC-NCL,Female-only (including Supernumerary),8496,8496
Indian Institute of Technology Indore,"Environmental Economics and Sustainable Engineering (4 Years, Bachelor of Technology)",AI,SC,Gender-Neutral,2447,2970
Indian Institute of Technology Indore,"Environmental Economics and Sustainable Engineering (4 Years, Bachelor of Technology)",AI,SC,Female-only (including Supernumerary),3653,3653
Indian Institute of Technology Indore,"Environmental Economics and Sustainable Engineering (4 Years, Bachelor of Technology)",AI,ST,Gender-Neutral,1348,1527
Indian Institute of Technology Indore,"Mathematics and Computing (4 Years, Bachelor of Technology)",AI,OPEN,Gender-Neutral,1759,2136
Indian Institute of Technology Indore,"Mathematics and Computing (4 Years, Bachelor of Technology)",AI,OPEN,Female-only (including Supernumerary),5384,5443
Indian Institute of Technology Indore,"Mathematics and Computing (4 Years, Bachelor of Technology)",AI,OPEN (PwD),Gender-Neutral,163,163
Indian Institute of Technology Indore,"Mathematics and Computing (4 Years, Bachelor of Technology)",AI,EWS,Gender-Neutral,291,301
Indian Institute of Technology Indore,"Mathematics and Computing (4 Years, Bachelor of Technology)",AI,EWS,Female-only (including Supernumerary),799,799
Indian Institute of Technology Indore,"Mathematics and Computing (4 Years, Bachelor of Technology)",AI,OBC-NCL,Gender-Neutral,880,973
Indian Institute of Technology Indore,"Mathematics and Computing (4 Years, Bachelor of Technology)",AI,OBC-NCL,Female-only (including Supernumerary),2348,2513
Indian Institute of Technology Indore,"Mathematics and Computing (4 Years, Bachelor of Technology)",AI,OBC-NCL (PwD),Gender-Neutral,115,115
Indian Institute of Technology Indore,"Mathematics and Computing (4 Years, Bachelor of Technology)",AI,SC,Gender-Neutral,418,532
Indian Institute of Technology Indore,"Mathematics and Computing (4 Years, Bachelor of Technology)",AI,SC,Female-only (including Supernumerary),1211,1211
Indian Institute of Technology Indore,"Mathematics and Computing (4 Years, Bachelor of Technology)",AI,ST,Gender-Neutral,281,314
Indian Institute of Technology Indore,"Mathematics and Computing (4 Years, Bachelor of Technology)",AI,ST,Female-only (including Supernumerary),631,631
Indian Institute of Technology Indore,"Mechanical Engineering (4 Years, Bachelor of Technology)",AI,OPEN,Gender-Neutral,5498,7561
Indian Institute of Technology Indore,"Mechanical Engineering (4 Years, Bachelor of Technology)",AI,OPEN,Female-only (including Supernumerary),13747,15600
Indian Institute of Technology Indore,"Mechanical Engineering (4 Years, Bachelor of Technology)",AI,OPEN (PwD),Gender-Neutral,322P,475P
Indian Institute of Technology Indore,"Mechanical Engineering (4 Years, Bachelor of Technology)",AI,EWS,Gender-Neutral,1012,1183
Indian Institute of Technology Indore,"Mechanical Engineering (4 Years, Bachelor of Technology)",AI,EWS,Female-only (including Supernumerary),2407,2470
Indian Institute of Technology Indore,"Mechanical Engineering (4 Years, Bachelor of Technology)",AI,OBC-NCL,Gender-Neutral,2375,3178
Indian Institute of Technology Indore,"Mechanical Engineering (4 Years, Bachelor of Technology)",AI,OBC-NCL,Female-only (including Supernumerary),5505,6262
Indian Institute of Technology Indore,"Mechanical Engineering (4 Years, Bachelor of Technology)",AI,SC,Gender-Neutral,1347,1893
Indian Institute of Technology Indore,"Mechanical Engineering (4 Years, Bachelor of Technology)",AI,SC,Female-only (including Supernumerary),2550,3085
Indian Institute of Technology Indore,"Mechanical Engineering (4 Years, Bachelor of Technology)",AI,ST,Gender-Neutral,643,803
Indian Institute of Technology Indore,"Mechanical Engineering (4 Years, Bachelor of Technology)",AI,ST,Female-only (including Supernumerary),1509,1509
Indian Institute of Technology Indore,"Metallurgical Engineering and Materials Science (4 Years, Bachelor of Technology)",AI,OPEN,Gender-Neutral,10406,12608
Indian Institute of Technology Indore,"Metallurgical Engineering and Materials Science (4 Years, Bachelor of Technology)",AI,OPEN,Female-only (including Supernumerary),15673,19233
Indian Institute of Technology Indore,"Metallurgical Engineering and Materials Science (4 Years, Bachelor of Technology)",AI,EWS,Gender-Neutral,1713,2048
Indian Institute of Technology Indore,"Metallurgical Engineering and Materials Science (4 Years, Bachelor of Technology)",AI,EWS,Female-only (including Supernumerary),3033,3033
Indian Institute of Technology Indore,"Metallurgical Engineering and Materials Science (4 Years, Bachelor of Technology)",AI,OBC-NCL,Gender-Neutral,4084,4637
Indian Institute of Technology Indore,"Metallurgical Engineering and Materials Science (4 Years, Bachelor of Technology)",AI,OBC-NCL,Female-only (including Supernumerary),8553,9269
Indian Institute of Technology Indore,"Metallurgical Engineering and Materials Science (4 Years, Bachelor of Technology)",AI,SC,Gender-Neutral,2321,2741
Indian Institute of Technology Indore,"Metallurgical Engineering and Materials Science (4 Years, Bachelor of Technology)",AI,SC,Female-only (including Supernumerary),3502,4083
Indian Institute of Technology Indore,"Metallurgical Engineering and Materials Science (4 Years, Bachelor of Technology)",AI,ST,Gender-Neutral,1214,1376
Indian Institute of Technology Indore,"Metallurgical Engineering and Materials Science (4 Years, Bachelor of Technology)",AI,ST,Female-only (including Supernumerary),1915,1915
Indian Institute of Technology Indore,"Space Science and Engineering (4 Years, Bachelor of Technology)",AI,OPEN,Gender-Neutral,6183,7950
Indian Institute of Technology Indore,"Space Science and Engineering (4 Years, Bachelor of Technology)",AI,OPEN,Female-only (including Supernumerary),13220,15536
Indian Institute of Technology Indore,"Space Science and Engineering (4 Years, Bachelor of Technology)",AI,EWS,Gender-Neutral,1122,1190
Indian Institute of Technology Indore,"Space Science and Engineering (4 Years, Bachelor of Technology)",AI,OBC-NCL,Gender-Neutral,2869,3520
Indian Institute of Technology Indore,"Space Science and Engineering (4 Years, Bachelor of Technology)",AI,OBC-NCL,Female-only (including Supernumerary),6928,6928
Indian Institute of Technology Indore,"Space Science and Engineering (4 Years, Bachelor of Technology)",AI,SC,Gender-Neutral,1538,1734
Indian Institute of Technology Indore,"Space Science and Engineering (4 Years, Bachelor of Technology)",AI,SC,Female-only (including Supernumerary),2557,2557
Indian Institute of Technology Indore,"Space Science and Engineering (4 Years, Bachelor of Technology)",AI,ST,Gender-Neutral,746,795
Indian Institute of Technology Kharagpur,"Aerospace Engineering (4 Years, Bachelor of Technology)",AI,OPEN,Gender-Neutral,3710,5297
Indian Institute of Technology Kharagpur,"Aerospace Engineering (4 Years, Bachelor of Technology)",AI,OPEN,Female-only (including Supernumerary),10221,11886
Indian Institute of Technology Kharagpur,"Aerospace Engineering (4 Years, Bachelor of Technology)",AI,OPEN (PwD),Gender-Neutral,133P,133P
Indian Institute of Technology Kharagpur,"Aerospace Engineering (4 Years, Bachelor of Technology)",AI,EWS,Gender-Neutral,866,946
Indian Institute of Technology Kharagpur,"Aerospace Engineering (4 Years, Bachelor of Technology)",AI,EWS,Female-only (including Supernumerary),2002,2002
Indian Institute of Technology Kharagpur,"Aerospace Engineering (4 Years, Bachelor of Technology)",AI,OBC-NCL,Gender-Neutral,2135,2423
Indian Institute of Technology Kharagpur,"Aerospace Engineering (4 Years, Bachelor of Technology)",AI,OBC-NCL,Female-only (including Supernumerary),3550,5228
Indian Institute of Technology Kharagpur,"Aerospace Engineering (4 Years, Bachelor of Technology)",AI,OBC-NCL (PwD),Gender-Neutral,112P,112P
Indian Institute of Technology Kharagpur,"Aerospace Engineering (4 Years, Bachelor of Technology)",AI,SC,Gender-Neutral,1068,1411
Indian Institute of Technology Kharagpur,"Aerospace Engineering (4 Years, Bachelor of Technology)",AI,SC,Female-only (including Supernumerary),1923,2483
Indian Institute of Technology Kharagpur,"Aerospace Engineering (4 Years, Bachelor of Technology)",AI,ST,Gender-Neutral,334,630
Indian Institute of Technology Kharagpur,"Aerospace Engineering (4 Years, Bachelor of Technology)",AI,ST,Female-only (including Supernumerary),1216,1216
Indian Institute of Technology Kharagpur,"Agricultural and Food Engineering (4 Years, Bachelor of Technology)",AI,OPEN,Gender-Neutral,9016,12603
Indian Institute of Technology Kharagpur,"Agricultural and Food Engineering (4 Years, Bachelor of Technology)",AI,OPEN,Female-only (including Supernumerary),17171,21256
Indian Institute of Technology Kharagpur,"Agricultural and Food Engineering (4 Years, Bachelor of Technology)",AI,OPEN (PwD),Gender-Neutral,303P,303P
Indian Institute of Technology Kharagpur,"Agricultural and Food Engineering (4 Years, Bachelor of Technology)",AI,EWS,Gender-Neutral,1708,1974
Indian Institute of Technology Kharagpur,"Agricultural and Food Engineering (4 Years, Bachelor of Technology)",AI,EWS,Female-only (including Supernumerary),3404,3687
Indian Institute of Technology Kharagpur,"Agricultural and Food Engineering (4 Years, Bachelor of Technology)",AI,OBC-NCL,Gender-Neutral,3642,4671
Indian Institute of Technology Kharagpur,"Agricultural and Food Engineering (4 Years, Bachelor of Technology)",AI,OBC-NCL,Female-only (including Supernumerary),7075,9390
Indian Institute of Technology Kharagpur,"Agricultural and Food Engineering (4 Years, Bachelor of Technology)",AI,SC,Gender-Neutral,2093,2790
Indian Institute of Technology Kharagpur,"Agricultural and Food Engineering (4 Years, Bachelor of Technology)",AI,SC,Female-only (including Supernumerary),3455,4048
Indian Institute of Technology Kharagpur,"Agricultural and Food Engineering (4 Years, Bachelor of Technology)",AI,ST,Gender-Neutral,1135,1311
Indian Institute of Technology Kharagpur,"Agricultural and Food Engineering (4 Years, Bachelor of Technology)",AI,ST,Female-only (including Supernumerary),1627,1627
Indian Institute of Technology Kharagpur,"Applied Geology (4 Years, Bachelor of Science)",AI,OPEN,Gender-Neutral,11122,15872
Indian Institute of Technology Kharagpur,"Applied Geology (4 Years, Bachelor of Science)",AI,OPEN,Female-only (including Supernumerary),24689,25766
Indian Institute of Technology Kharagpur,"Applied Geology (4 Years, Bachelor of Science)",AI,EWS,Gender-Neutral,2261,2370
Indian Institute of Technology Kharagpur,"Applied Geology (4 Years, Bachelor of Science)",AI,EWS,Female-only (including Supernumerary),4234,4234
Indian Institute of Technology Kharagpur,"Applied Geology (4 Years, Bachelor of Science)",AI,OBC-NCL,Gender-Neutral,4198,5803
Indian Institute of Technology Kharagpur,"Applied Geology (4 Years, Bachelor of Science)",AI,OBC-NCL,Female-only (including Supernumerary),9550,10166
Indian Institute of Technology Kharagpur,"Applied Geology (4 Years, Bachelor of Science)",AI,SC,Gender-Neutral,3089,3283
Indian Institute of Technology Kharagpur,"Applied Geology (4 Years, Bachelor of Science)",AI,SC,Female-only (including Supernumerary),4545,4591
Indian Institute of Technology Kharagpur,"Applied Geology (4 Years, Bachelor of Science)",AI,ST,Gender-Neutral,1456,1604
Indian Institute of Technology Kharagpur,"Applied Geology (4 Years, Bachelor of Science)",AI,ST,Female-only (including Supernumerary),2027,2027
Indian Institute of Technology Kharagpur,"Architecture (5 Years, Bachelor of Architecture)",AI,OPEN,Gender-Neutral,18615,24582
Indian Institute of Technology Kharagpur,"Architecture (5 Years, Bachelor of Architecture)",AI,OPEN,Female-only (including Supernumerary),25469,28398
Indian Institute of Technology Kharagpur,"Architecture (5 Years, Bachelor of Architecture)",AI,EWS,Gender-Neutral,3620,4217
Indian Institute of Technology Kharagpur,"Architecture (5 Years, Bachelor of Architecture)",AI,EWS,Female-only (including Supernumerary),5852,5852
Indian Institute of Technology Kharagpur,"Architecture (5 Years, Bachelor of Architecture)",AI,OBC-NCL,Gender-Neutral,6975,7973
Indian Institute of Technology Kharagpur,"Architecture (5 Years, Bachelor of Architecture)",AI,OBC-NCL,Female-only (including Supernumerary),10573,11269
Indian Institute of Technology Kharagpur,"Architecture (5 Years, Bachelor of Architecture)",AI,SC,Gender-Neutral,2848,3437
Indian Institute of Technology Kharagpur,"Architecture (5 Years, Bachelor of Architecture)",AI,SC,Female-only (including Supernumerary),4197,4197
Indian Institute of Technology Kharagpur,"Architecture (5 Years, Bachelor of Architecture)",AI,ST,Gender-Neutral,1691,1709
Indian Institute of Technology Kharagpur,"Architecture (5 Years, Bachelor of Architecture)",AI,ST,Female-only (including Supernumerary),1087P,1087P
Indian Institute of Technology Kharagpur,"Artificial Intelligence (4 Years, Bachelor of Technology)",AI,OPEN,Gender-Neutral,693,1043
Indian Institute of Technology Kharagpur,"Artificial Intelligence (4 Years, Bachelor of Technology)",AI,OPEN,Female-only (including Supernumerary),2767,2844
Indian Institute of Technology Kharagpur,"Artificial Intelligence (4 Years, Bachelor of Technology)",AI,OPEN (PwD),Female-only (including Supernumerary),170,170
Indian Institute of Technology Kharagpur,"Artificial Intelligence (4 Years, Bachelor of Technology)",AI,EWS,Gender-Neutral,136,143
Indian Institute of Technology Kharagpur,"Artificial Intelligence (4 Years, Bachelor of Technology)",AI,EWS,Female-only (including Supernumerary),387,387
Indian Institute of Technology Kharagpur,"Artificial Intelligence (4 Years, Bachelor of Technology)",AI,OBC-NCL,Gender-Neutral,389,432
Indian Institute of Technology Kharagpur,"Artificial Intelligence (4 Years, Bachelor of Technology)",AI,OBC-NCL,Female-only (including Supernumerary),806,1195
Indian Institute of Technology Kharagpur,"Artificial Intelligence (4 Years, Bachelor of Technology)",AI,OBC-NCL (PwD),Gender-Neutral,32,32
Indian Institute of Technology Kharagpur,"Artificial Intelligence (4 Years, Bachelor of Technology)",AI,SC,Gender-Neutral,219,263
Indian Institute of Technology Kharagpur,"Artificial Intelligence (4 Years, Bachelor of Technology)",AI,SC,Female-only (including Supernumerary),605,645
Indian Institute of Technology Kharagpur,"Artificial Intelligence (4 Years, Bachelor of Technology)",AI,ST,Gender-Neutral,108,118
Indian Institute of Technology Kharagpur,"Artificial Intelligence (4 Years, Bachelor of Technology)",AI,ST,Female-only (including Supernumerary),263,263
Indian Institute of Technology Kharagpur,"Biomedical Engineering (4 Years, Bachelor of Technology)",AI,OPEN,Gender-Neutral,7833,10089
Indian Institute of Technology Kharagpur,"Biomedical Engineering (4 Years, Bachelor of Technology)",AI,OPEN,Female-only (including Supernumerary),15666,17087
Indian Institute of Technology Kharagpur,"Biomedical Engineering (4 Years, Bachelor of Technology)",AI,OPEN (PwD),Gender-Neutral,363P,363P
Indian Institute of Technology Kharagpur,"Biomedical Engineering (4 Years, Bachelor of Technology)",AI,EWS,Gender-Neutral,1680,1720
Indian Institute of Technology Kharagpur,"Biomedical Engineering (4 Years, Bachelor of Technology)",AI,EWS,Female-only (including Supernumerary),3350,3350
Indian Institute of Technology Kharagpur,"Biomedical Engineering (4 Years, Bachelor of Technology)",AI,OBC-NCL,Gender-Neutral,3651,4171
Indian Institute of Technology Kharagpur,"Biomedical Engineering (4 Years, Bachelor of Technology)",AI,OBC-NCL,Female-only (including Supernumerary),8122,8178
Indian Institute of Technology Kharagpur,"Biomedical Engineering (4 Years, Bachelor of Technology)",AI,SC,Gender-Neutral,2290,2498
Indian Institute of Technology Kharagpur,"Biomedical Engineering (4 Years, Bachelor of Technology)",AI,SC,Female-only (including Supernumerary),4216,4216
Indian Institute of Technology Kharagpur,"Biomedical Engineering (4 Years, Bachelor of Technology)",AI,ST,Gender-Neutral,1193,1372
Indian Institute of Technology Kharagpur,"Biotechnology and Biochemical Engineering (4 Years, Bachelor of Technology)",AI,OPEN,Gender-Neutral,8188,10683
Indian Institute of Technology Kharagpur,"Biotechnology and Biochemical Engineering (4 Years, Bachelor of Technology)",AI,OPEN,Female-only (including Supernumerary),16961,18417
Indian Institute of Technology Kharagpur,"Biotechnology and Biochemical Engineering (4 Years, Bachelor of Technology)",AI,OPEN (PwD),Gender-Neutral,285P,285P
Indian Institute of Technology Kharagpur,"Biotechnology and Biochemical Engineering (4 Years, Bachelor of Technology)",AI,EWS,Gender-Neutral,1515,1589
Indian Institute of Technology Kharagpur,"Biotechnology and Biochemical Engineering (4 Years, Bachelor of Technology)",AI,EWS,Female-only (including Supernumerary),2917,2917
Indian Institute of Technology Kharagpur,"Biotechnology and Biochemical Engineering (4 Years, Bachelor of Technology)",AI,OBC-NCL,Gender-Neutral,3406,3928
Indian Institute of Technology Kharagpur,"Biotechnology and Biochemical Engineering (4 Years, Bachelor of Technology)",AI,OBC-NCL,Female-only (including Supernumerary),7848,8333
Indian Institute of Technology Kharagpur,"Biotechnology and Biochemical Engineering (4 Years, Bachelor of Technology)",AI,SC,Gender-Neutral,884,2385
Indian Institute of Technology Kharagpur,"Biotechnology and Biochemical Engineering (4 Years, Bachelor of Technology)",AI,SC,Female-only (including Supernumerary),3692,4008
Indian Institute of Technology Kharagpur,"Biotechnology and Biochemical Engineering (4 Years, Bachelor of Technology)",AI,ST,Gender-Neutral,902,1271
Indian Institute of Technology Kharagpur,"Biotechnology and Biochemical Engineering (4 Years, Bachelor of Technology)",AI,ST,Female-only (including Supernumerary),1388,1388
Indian Institute of Technology Kharagpur,"Chemical Engineering (4 Years, Bachelor of Technology)",AI,OPEN,Gender-Neutral,3467,5803
Indian Institute of Technology Kharagpur,"Chemical Engineering (4 Years, Bachelor of Technology)",AI,OPEN,Female-only (including Supernumerary),10374,11910
Indian Institute of Technology Kharagpur,"Chemical Engineering (4 Years, Bachelor of Technology)",AI,OPEN (PwD),Gender-Neutral,251P,365P
Indian Institute of Technology Kharagpur,"Chemical Engineering (4 Years, Bachelor of Technology)",AI,EWS,Gender-Neutral,753,989
Indian Institute of Technology Kharagpur,"Chemical Engineering (4 Years, Bachelor of Technology)",AI,EWS,Female-only (including Supernumerary),1978,2124
Indian Institute of Technology Kharagpur,"Chemical Engineering (4 Years, Bachelor of Technology)",AI,OBC-NCL,Gender-Neutral,2061,2501
Indian Institute of Technology Kharagpur,"Chemical Engineering (4 Years, Bachelor of Technology)",AI,OBC-NCL,Female-only (including Supernumerary),4930,5452
Indian Institute of Technology Kharagpur,"Chemical Engineering (4 Years, Bachelor of Technology)",AI,SC,Gender-Neutral,1189,1498
Indian Institute of Technology Kharagpur,"Chemical Engineering (4 Years, Bachelor of Technology)",AI,SC,Female-only (including Supernumerary),1729,2600
Indian Institute of Technology Kharagpur,"Chemical Engineering (4 Years, Bachelor of Technology)",AI,ST,Gender-Neutral,271,840
Indian Institute of Technology Kharagpur,"Chemical Engineering (4 Years, Bachelor of Technology)",AI,ST,Female-only (including Supernumerary),1238,1268
Indian Institute of Technology Kharagpur,"Chemistry (4 Years, Bachelor of Science)",AI,OPEN,Gender-Neutral,10041,14760
Indian Institute of Technology Kharagpur,"Chemistry (4 Years, Bachelor of Science)",AI,OPEN,Female-only (including Supernumerary),16528,22088
Indian Institute of Technology Kharagpur,"Chemistry (4 Years, Bachelor of Science)",AI,EWS,Gender-Neutral,2045,2305
Indian Institute of Technology Kharagpur,"Chemistry (4 Years, Bachelor of Science)",AI,EWS,Female-only (including Supernumerary),4335,4335
Indian Institute of Technology Kharagpur,"Chemistry (4 Years, Bachelor of Science)",AI,OBC-NCL,Gender-Neutral,5172,5798
Indian Institute of Technology Kharagpur,"Chemistry (4 Years, Bachelor of Science)",AI,OBC-NCL,Female-only (including Supernumerary),9759,9932
Indian Institute of Technology Kharagpur,"Chemistry (4 Years, Bachelor of Science)",AI,SC,Gender-Neutral,3075,3155
Indian Institute of Technology Kharagpur,"Chemistry (4 Years, Bachelor of Science)",AI,SC,Female-only (including Supernumerary),3835,3835
Indian Institute of Technology Kharagpur,"Chemistry (4 Years, Bachelor of Science)",AI,ST,Gender-Neutral,1511,1588
Indian Institute of Technology Kharagpur,"Chemistry (4 Years, Bachelor of Science)",AI,ST,Female-only (including Supernumerary),2100,2100
Indian Institute of Technology Kharagpur,"Civil Engineering (4 Years, Bachelor of Technology)",AI,OPEN,Gender-Neutral,6645,8816
Indian Institute of Technology Kharagpur,"Civil Engineering (4 Years, Bachelor of Technology)",AI,OPEN,Female-only (including Supernumerary),13567,16843
Indian Institute of Technology Kharagpur,"Civil Engineering (4 Years, Bachelor of Technology)",AI,OPEN (PwD),Gender-Neutral,164P,280P
Indian Institute of Technology Kharagpur,"Civil Engineering (4 Years, Bachelor of Technology)",AI,EWS,Gender-Neutral,1247,1334
Indian Institute of Technology Kharagpur,"Civil Engineering (4 Years, Bachelor of Technology)",AI,EWS,Female-only (including Supernumerary),2745,2746
Indian Institute of Technology Kharagpur,"Civil Engineering (4 Years, Bachelor of Technology)",AI,OBC-NCL,Gender-Neutral,2335,3271
Indian Institute of Technology Kharagpur,"Civil Engineering (4 Years, Bachelor of Technology)",AI,OBC-NCL,Female-only (including Supernumerary),4891,7201
Indian Institute of Technology Kharagpur,"Civil Engineering (4 Years, Bachelor of Technology)",AI,OBC-NCL (PwD),Gender-Neutral,210P,210P
Indian Institute of Technology Kharagpur,"Civil Engineering (4 Years, Bachelor of Technology)",AI,SC,Gender-Neutral,1517,1878
Indian Institute of Technology Kharagpur,"Civil Engineering (4 Years, Bachelor of Technology)",AI,SC,Female-only (including Supernumerary),2578,3148
Indian Institute of Technology Kharagpur,"Civil Engineering (4 Years, Bachelor of Technology)",AI,ST,Gender-Neutral,352,661
Indian Institute of Technology Kharagpur,"Civil Engineering (4 Years, Bachelor of Technology)",AI,ST,Female-only (including Supernumerary),747,801
Indian Institute of Technology Kharagpur,"Computer Science and Engineering (4 Years, Bachelor of Technology)",AI,OPEN,Gender-Neutral,217,509
Indian Institute of Technology Kharagpur,"Computer Science and Engineering (4 Years, Bachelor of Technology)",AI,OPEN,Female-only (including Supernumerary),1004,1906
Indian Institute of Technology Kharagpur,"Computer Science and Engineering (4 Years, Bachelor of Technology)",AI,OPEN (PwD),Gender-Neutral,30,32
Indian Institute of Technology Kharagpur,"Computer Science and Engineering (4 Years, Bachelor of Technology)",AI,OPEN (PwD),Female-only (including Supernumerary),109,109
Indian Institute of Technology Kharagpur,"Computer Science and Engineering (4 Years, Bachelor of Technology)",AI,EWS,Gender-Neutral,49,74
Indian Institute of Technology Kharagpur,"Computer Science and Engineering (4 Years, Bachelor of Technology)",AI,EWS,Female-only (including Supernumerary),237,308
Indian Institute of Technology Kharagpur,"Computer Science and Engineering (4 Years, Bachelor of Technology)",AI,EWS (PwD),Gender-Neutral,9,10
Indian Institute of Technology Kharagpur,"Computer Science and Engineering (4 Years, Bachelor of Technology)",AI,OBC-NCL,Gender-Neutral,159,258
Indian Institute of Technology Kharagpur,"Computer Science and Engineering (4 Years, Bachelor of Technology)",AI,OBC-NCL,Female-only (including Supernumerary),391,733
Indian Institute of Technology Kharagpur,"Computer Science and Engineering (4 Years, Bachelor of Technology)",AI,OBC-NCL (PwD),Gender-Neutral,12,12
Indian Institute of Technology Kharagpur,"Computer Science and Engineering (4 Years, Bachelor of Technology)",AI,SC,Gender-Neutral,92,146
Indian Institute of Technology Kharagpur,"Computer Science and Engineering (4 Years, Bachelor of Technology)",AI,SC,Female-only (including Supernumerary),393,448
Indian Institute of Technology Kharagpur,"Computer Science and Engineering (4 Years, Bachelor of Technology)",AI,SC (PwD),Gender-Neutral,7,7
Indian Institute of Technology Kharagpur,"Computer Science and Engineering (4 Years, Bachelor of Technology)",AI,ST,Gender-Neutral,46,73
Indian Institute of Technology Kharagpur,"Computer Science and Engineering (4 Years, Bachelor of Technology)",AI,ST,Female-only (including Supernumerary),81,91
Indian Institute of Technology Kharagpur,"Computer Science and Engineering (4 Years, Bachelor of Technology)",AI,ST (PwD),Gender-Neutral,3,3
Indian Institute of Technology Kharagpur,"Economics (4 Years, Bachelor of Science)",AI,OPEN,Gender-Neutral,4140,6450
Indian Institute of Technology Kharagpur,"Economics (4 Years, Bachelor of Science)",AI,OPEN,Female-only (including Supernumerary),11689,13559
Indian Institute of Technology Kharagpur,"Economics (4 Years, Bachelor of Science)",AI,EWS,Gender-Neutral,775,1004
Indian Institute of Technology Kharagpur,"Economics (4 Years, Bachelor of Science)",AI,EWS,Female-only (including Supernumerary),2422,2422
Indian Institute of Technology Kharagpur,"Economics (4 Years, Bachelor of Science)",AI,OBC-NCL,Gender-Neutral,2563,3213
Indian Institute of Technology Kharagpur,"Economics (4 Years, Bachelor of Science)",AI,OBC-NCL,Female-only (including Supernumerary),5542,6698
Indian Institute of Technology Kharagpur,"Economics (4 Years, Bachelor of Science)",AI,SC,Gender-Neutral,1772,2119
Indian Institute of Technology Kharagpur,"Economics (4 Years, Bachelor of Science)",AI,SC,Female-only (including Supernumerary),3138,3346
Indian Institute of Technology Kharagpur,"Economics (4 Years, Bachelor of Science)",AI,ST,Gender-Neutral,877,1077
Indian Institute of Technology Kharagpur,"Economics (4 Years, Bachelor of Science)",AI,ST,Female-only (including Supernumerary),1424,1424
Indian Institute of Technology Kharagpur,"Electrical Engineering (4 Years, Bachelor of Technology)",AI,OPEN,Gender-Neutral,840,2190
Indian Institute of Technology Kharagpur,"Electrical Engineering (4 Years, Bachelor of Technology)",AI,OPEN,Female-only (including Supernumerary),4764,5181
Indian Institute of Technology Kharagpur,"Electrical Engineering (4 Years, Bachelor of Technology)",AI,OPEN (PwD),Gender-Neutral,152,165
Indian Institute of Technology Kharagpur,"Electrical Engineering (4 Years, Bachelor of Technology)",AI,EWS,Gender-Neutral,267,350
Indian Institute of Technology Kharagpur,"Electrical Engineering (4 Years, Bachelor of Technology)",AI,EWS,Female-only (including Supernumerary),1045,1340
Indian Institute of Technology Kharagpur,"Electrical Engineering (4 Years, Bachelor of Technology)",AI,EWS (PwD),Gender-Neutral,14P,14P
Indian Institute of Technology Kharagpur,"Electrical Engineering (4 Years, Bachelor of Technology)",AI,OBC-NCL,Gender-Neutral,734,946
Indian Institute of Technology Kharagpur,"Electrical Engineering (4 Years, Bachelor of Technology)",AI,OBC-NCL,Female-only (including Supernumerary),2178,2378
Indian Institute of Technology Kharagpur,"Electrical Engineering (4 Years, Bachelor of Technology)",AI,OBC-NCL (PwD),Gender-Neutral,78,78
Indian Institute of Technology Kharagpur,"Electrical Engineering (4 Years, Bachelor of Technology)",AI,SC,Gender-Neutral,286,623
Indian Institute of Technology Kharagpur,"Electrical Engineering (4 Years, Bachelor of Technology)",AI,SC,Female-only (including Supernumerary),925,1147
Indian Institute of Technology Kharagpur,"Electrical Engineering (4 Years, Bachelor of Technology)",AI,ST,Gender-Neutral,202,293
Indian Institute of Technology Kharagpur,"Electrical Engineering (4 Years, Bachelor of Technology)",AI,ST,Female-only (including Supernumerary),375,427
Indian Institute of Technology Kharagpur,"Electronics and Electrical Communication Engineering (4 Years, Bachelor of Technology)",AI,OPEN,Gender-Neutral,773,1660
Indian Institute of Technology Kharagpur,"Electronics and Electrical Communication Engineering (4 Years, Bachelor of Technology)",AI,OPEN,Female-only (including Supernumerary),2014,4462
Indian Institute of Technology Kharagpur,"Electronics and Electrical Communication Engineering (4 Years, Bachelor of Technology)",AI,OPEN (PwD),Gender-Neutral,44,84
Indian Institute of Technology Kharagpur,"Electronics and Electrical Communication Engineering (4 Years, Bachelor of Technology)",AI,OPEN (PwD),Female-only (including Supernumerary),279,279
Indian Institute of Technology Kharagpur,"Electronics and Electrical Communication Engineering (4 Years, Bachelor of Technology)",AI,EWS,Gender-Neutral,216,266
Indian Institute of Technology Kharagpur,"Electronics and Electrical Communication Engineering (4 Years, Bachelor of Technology)",AI,EWS,Female-only (including Supernumerary),807,926
Indian Institute of Technology Kharagpur,"Electronics and Electrical Communication Engineering (4 Years, Bachelor of Technology)",AI,EWS (PwD),Gender-Neutral,34,34
Indian Institute of Technology Kharagpur,"Electronics and Electrical Communication Engineering (4 Years, Bachelor of Technology)",AI,OBC-NCL,Gender-Neutral,429,735
Indian Institute of Technology Kharagpur,"Electronics and Electrical Communication Engineering (4 Years, Bachelor of Technology)",AI,OBC-NCL,Female-only (including Supernumerary),1002,1894
Indian Institute of Technology Kharagpur,"Electronics and Electrical Communication Engineering (4 Years, Bachelor of Technology)",AI,OBC-NCL (PwD),Gender-Neutral,65,70
Indian Institute of Technology Kharagpur,"Electronics and Electrical Communication Engineering (4 Years, Bachelor of Technology)",AI,SC,Gender-Neutral,195,417
Indian Institute of Technology Kharagpur,"Electronics and Electrical Communication Engineering (4 Years, Bachelor of Technology)",AI,SC,Female-only (including Supernumerary),750,927
Indian Institute of Technology Kharagpur,"Electronics and Electrical Communication Engineering (4 Years, Bachelor of Technology)",AI,ST,Gender-Neutral,140,232
Indian Institute of Technology Kharagpur,"Electronics and Electrical Communication Engineering (4 Years, Bachelor of Technology)",AI,ST,Female-only (including Supernumerary),284,348
Indian Institute of Technology Kharagpur,"Exploration Geophysics (4 Years, Bachelor of Science)",AI,OPEN,Gender-Neutral,9495,14923
Indian Institute of Technology Kharagpur,"Exploration Geophysics (4 Years, Bachelor of Science)",AI,OPEN,Female-only (including Supernumerary),20976,24145
Indian Institute of Technology Kharagpur,"Exploration Geophysics (4 Years, Bachelor of Science)",AI,EWS,Gender-Neutral,2060,2348
Indian Institute of Technology Kharagpur,"Exploration Geophysics (4 Years, Bachelor of Science)",AI,EWS,Female-only (including Supernumerary),4295,4295
Indian Institute of Technology Kharagpur,"Exploration Geophysics (4 Years, Bachelor of Science)",AI,OBC-NCL,Gender-Neutral,4209,5548
Indian Institute of Technology Kharagpur,"Exploration Geophysics (4 Years, Bachelor of Science)",AI,OBC-NCL,Female-only (including Supernumerary),9096,10212
Indian Institute of Technology Kharagpur,"Exploration Geophysics (4 Years, Bachelor of Science)",AI,SC,Gender-Neutral,2816,3123
Indian Institute of Technology Kharagpur,"Exploration Geophysics (4 Years, Bachelor of Science)",AI,SC,Female-only (including Supernumerary),4351,4351
Indian Institute of Technology Kharagpur,"Exploration Geophysics (4 Years, Bachelor of Science)",AI,ST,Gender-Neutral,1564,1599
Indian Institute of Technology Kharagpur,"Exploration Geophysics (4 Years, Bachelor of Science)",AI,ST,Female-only (including Supernumerary),2064,2064
Indian Institute of Technology Kharagpur,"Industrial and Systems Engineering (4 Years, Bachelor of Technology)",AI,OPEN,Gender-Neutral,3267,4699
Indian Institute of Technology Kharagpur,"Industrial and Systems Engineering (4 Years, Bachelor of Technology)",AI,OPEN,Female-only (including Supernumerary),6412,10078
Indian Institute of Technology Kharagpur,"Industrial and Systems Engineering (4 Years, Bachelor of Technology)",AI,OPEN (PwD),Gender-Neutral,147,224P
Indian Institute of Technology Kharagpur,"Industrial and Systems Engineering (4 Years, Bachelor of Technology)",AI,EWS,Gender-Neutral,603,848
Indian Institute of Technology Kharagpur,"Industrial and Systems Engineering (4 Years, Bachelor of Technology)",AI,EWS,Female-only (including Supernumerary),2014,2014
Indian Institute of Technology Kharagpur,"Industrial and Systems Engineering (4 Years, Bachelor of Technology)",AI,OBC-NCL,Gender-Neutral,1475,2278
Indian Institute of Technology Kharagpur,"Industrial and Systems Engineering (4 Years, Bachelor of Technology)",AI,OBC-NCL,Female-only (including Supernumerary),3416,3996
Indian Institute of Technology Kharagpur,"Industrial and Systems Engineering (4 Years, Bachelor of Technology)",AI,SC,Gender-Neutral,613,1281
Indian Institute of Technology Kharagpur,"Industrial and Systems Engineering (4 Years, Bachelor of Technology)",AI,SC,Female-only (including Supernumerary),1171,1520
Indian Institute of Technology Kharagpur,"Industrial and Systems Engineering (4 Years, Bachelor of Technology)",AI,ST,Gender-Neutral,511,775
Indian Institute of Technology Kharagpur,"Industrial and Systems Engineering (4 Years, Bachelor of Technology)",AI,ST,Female-only (including Supernumerary),923,923
Indian Institute of Technology Kharagpur,"Instrumentation Engineering (4 Years, Bachelor of Technology)",AI,OPEN,Gender-Neutral,2130,2600
Indian Institute of Technology Kharagpur,"Instrumentation Engineering (4 Years, Bachelor of Technology)",AI,OPEN,Female-only (including Supernumerary),6142,6257
Indian Institute of Technology Kharagpur,"Instrumentation Engineering (4 Years, Bachelor of Technology)",AI,OPEN (PwD),Gender-Neutral,287,287
Indian Institute of Technology Kharagpur,"Instrumentation Engineering (4 Years, Bachelor of Technology)",AI,EWS,Gender-Neutral,386,443
Indian Institute of Technology Kharagpur,"Instrumentation Engineering (4 Years, Bachelor of Technology)",AI,EWS,Female-only (including Supernumerary),1793,1793
Indian Institute of Technology Kharagpur,"Instrumentation Engineering (4 Years, Bachelor of Technology)",AI,OBC-NCL,Gender-Neutral,966,1348
Indian Institute of Technology Kharagpur,"Instrumentation Engineering (4 Years, Bachelor of Technology)",AI,OBC-NCL,Female-only (including Supernumerary),2854,3069
Indian Institute of Technology Kharagpur,"Instrumentation Engineering (4 Years, Bachelor of Technology)",AI,OBC-NCL (PwD),Gender-Neutral,139P,139P
Indian Institute of Technology Kharagpur,"Instrumentation Engineering (4 Years, Bachelor of Technology)",AI,SC,Gender-Neutral,786,994
Indian Institute of Technology Kharagpur,"Instrumentation Engineering (4 Years, Bachelor of Technology)",AI,SC,Female-only (including Supernumerary),1340,1340
Indian Institute of Technology Kharagpur,"Instrumentation Engineering (4 Years, Bachelor of Technology)",AI,ST,Gender-Neutral,487,637
Indian Institute of Technology Kharagpur,"Instrumentation Engineering (4 Years, Bachelor of Technology)",AI,ST,Female-only (including Supernumerary),651,651
Indian Institute of Technology Kharagpur,"Manufacturing Science and Engineering (4 Years, Bachelor of Technology)",AI,OPEN,Gender-Neutral,5767,6984
Indian Institute of Technology Kharagpur,"Manufacturing Science and Engineering (4 Years, Bachelor of Technology)",AI,OPEN,Female-only (including Supernumerary),11986,14895
Indian Institute of Technology Kharagpur,"Manufacturing Science and Engineering (4 Years, Bachelor of Technology)",AI,OPEN (PwD),Gender-Neutral,106P,106P
Indian Institute of Technology Kharagpur,"Manufacturing Science and Engineering (4 Years, Bachelor of Technology)",AI,EWS,Gender-Neutral,1198,1327
Indian Institute of Technology Kharagpur,"Manufacturing Science and Engineering (4 Years, Bachelor of Technology)",AI,EWS,Female-only (including Supernumerary),2446,2446
Indian Institute of Technology Kharagpur,"Manufacturing Science and Engineering (4 Years, Bachelor of Technology)",AI,OBC-NCL,Gender-Neutral,2732,3361
Indian Institute of Technology Kharagpur,"Manufacturing Science and Engineering (4 Years, Bachelor of Technology)",AI,OBC-NCL,Female-only (including Supernumerary),5946,6250
Indian Institute of Technology Kharagpur,"Manufacturing Science and Engineering (4 Years, Bachelor of Technology)",AI,SC,Gender-Neutral,1440,2015
Indian Institute of Technology Kharagpur,"Manufacturing Science and Engineering (4 Years, Bachelor of Technology)",AI,SC,Female-only (including Supernumerary),2635,2996
Indian Institute of Technology Kharagpur,"Manufacturing Science and Engineering (4 Years, Bachelor of Technology)",AI,ST,Gender-Neutral,1108,1160
Indian Institute of Technology Kharagpur,"Manufacturing Science and Engineering (4 Years, Bachelor of Technology)",AI,ST,Female-only (including Supernumerary),1724,1724
Indian Institute of Technology Kharagpur,"Mathematics and Computing (4 Years, Bachelor of Science)",AI,OPEN,Gender-Neutral,1101,1428
Indian Institute of Technology Kharagpur,"Mathematics and Computing (4 Years, Bachelor of Science)",AI,OPEN,Female-only (including Supernumerary),3043,4199
Indian Institute of Technology Kharagpur,"Mathematics and Computing (4 Years, Bachelor of Science)",AI,OPEN (PwD),Gender-Neutral,117,117
Indian Institute of Technology Kharagpur,"Mathematics and Computing (4 Years, Bachelor of Science)",AI,EWS,Gender-Neutral,204,221
Indian Institute of Technology Kharagpur,"Mathematics and Computing (4 Years, Bachelor of Science)",AI,EWS,Female-only (including Supernumerary),774,774
Indian Institute of Technology Kharagpur,"Mathematics and Computing (4 Years, Bachelor of Science)",AI,OBC-NCL,Gender-Neutral,449,709
Indian Institute of Technology Kharagpur,"Mathematics and Computing (4 Years, Bachelor of Science)",AI,OBC-NCL,Female-only (including Supernumerary),1312,2269
Indian Institute of Technology Kharagpur,"Mathematics and Computing (4 Years, Bachelor of Science)",AI,OBC-NCL (PwD),Gender-Neutral,129,129
Indian Institute of Technology Kharagpur,"Mathematics and Computing (4 Years, Bachelor of Science)",AI,SC,Gender-Neutral,327,492
Indian Institute of Technology Kharagpur,"Mathematics and Computing (4 Years, Bachelor of Science)",AI,SC,Female-only (including Supernumerary),637,1194
Indian Institute of Technology Kharagpur,"Mathematics and Computing (4 Years, Bachelor of Science)",AI,ST,Gender-Neutral,216,245
Indian Institute of Technology Kharagpur,"Mathematics and Computing (4 Years, Bachelor of Science)",AI,ST,Female-only (including Supernumerary),358,358
Indian Institute of Technology Kharagpur,"Mechanical Engineering (4 Years, Bachelor of Technology)",AI,OPEN,Gender-Neutral,2941,4588
Indian Institute of Technology Kharagpur,"Mechanical Engineering (4 Years, Bachelor of Technology)",AI,OPEN,Female-only (including Supernumerary),8395,10951
Indian Institute of Technology Kharagpur,"Mechanical Engineering (4 Years, Bachelor of Technology)",AI,OPEN (PwD),Gender-Neutral,235,297
Indian Institute of Technology Kharagpur,"Mechanical Engineering (4 Years, Bachelor of Technology)",AI,EWS,Gender-Neutral,602,733
Indian Institute of Technology Kharagpur,"Mechanical Engineering (4 Years, Bachelor of Technology)",AI,EWS,Female-only (including Supernumerary),1598,1664
Indian Institute of Technology Kharagpur,"Mechanical Engineering (4 Years, Bachelor of Technology)",AI,EWS (PwD),Gender-Neutral,87P,87P
Indian Institute of Technology Kharagpur,"Mechanical Engineering (4 Years, Bachelor of Technology)",AI,OBC-NCL,Gender-Neutral,1257,1875
Indian Institute of Technology Kharagpur,"Mechanical Engineering (4 Years, Bachelor of Technology)",AI,OBC-NCL,Female-only (including Supernumerary),3829,4695
Indian Institute of Technology Kharagpur,"Mechanical Engineering (4 Years, Bachelor of Technology)",AI,OBC-NCL (PwD),Gender-Neutral,123,128P
Indian Institute of Technology Kharagpur,"Mechanical Engineering (4 Years, Bachelor of Technology)",AI,SC,Gender-Neutral,595,1052
Indian Institute of Technology Kharagpur,"Mechanical Engineering (4 Years, Bachelor of Technology)",AI,SC,Female-only (including Supernumerary),1790,2624
Indian Institute of Technology Kharagpur,"Mechanical Engineering (4 Years, Bachelor of Technology)",AI,ST,Gender-Neutral,307,595
Indian Institute of Technology Kharagpur,"Mechanical Engineering (4 Years, Bachelor of Technology)",AI,ST,Female-only (including Supernumerary),1145,1159
Indian Institute of Technology Kharagpur,"Metallurgical and Materials Engineering (4 Years, Bachelor of Technology)",AI,OPEN,Gender-Neutral,6590,8502
Indian Institute of Technology Kharagpur,"Metallurgical and Materials Engineering (4 Years, Bachelor of Technology)",AI,OPEN,Female-only (including Supernumerary),12913,14925
Indian Institute of Technology Kharagpur,"Metallurgical and Materials Engineering (4 Years, Bachelor of Technology)",AI,OPEN (PwD),Gender-Neutral,340P,518P
Indian Institute of Technology Kharagpur,"Metallurgical and Materials Engineering (4 Years, Bachelor of Technology)",AI,EWS,Gender-Neutral,1144,1455
Indian Institute of Technology Kharagpur,"Metallurgical and Materials Engineering (4 Years, Bachelor of Technology)",AI,EWS,Female-only (including Supernumerary),2552,2758
Indian Institute of Technology Kharagpur,"Metallurgical and Materials Engineering (4 Years, Bachelor of Technology)",AI,OBC-NCL,Gender-Neutral,2984,3584
Indian Institute of Technology Kharagpur,"Metallurgical and Materials Engineering (4 Years, Bachelor of Technology)",AI,OBC-NCL,Female-only (including Supernumerary),5949,7677
Indian Institute of Technology Kharagpur,"Metallurgical and Materials Engineering (4 Years, Bachelor of Technology)",AI,SC,Gender-Neutral,1749,2086
Indian Institute of Technology Kharagpur,"Metallurgical and Materials Engineering (4 Years, Bachelor of Technology)",AI,SC,Female-only (including Supernumerary),2271,3359
Indian Institute of Technology Kharagpur,"Metallurgical and Materials Engineering (4 Years, Bachelor of Technology)",AI,ST,Gender-Neutral,927,1117
Indian Institute of Technology Kharagpur,"Metallurgical and Materials Engineering (4 Years, Bachelor of Technology)",AI,ST,Female-only (including Supernumerary),1560,1560
Indian Institute of Technology Kharagpur,"Mining Engineering (4 Years, Bachelor of Technology)",AI,OPEN,Gender-Neutral,8842,11962
Indian Institute of Technology Kharagpur,"Mining Engineering (4 Years, Bachelor of Technology)",AI,OPEN,Female-only (including Supernumerary),17326,21709
Indian Institute of Technology Kharagpur,"Mining Engineering (4 Years, Bachelor of Technology)",AI,EWS,Gender-Neutral,1567,1719
Indian Institute of Technology Kharagpur,"Mining Engineering (4 Years, Bachelor of Technology)",AI,EWS,Female-only (including Supernumerary),3227,3318
Indian Institute of Technology Kharagpur,"Mining Engineering (4 Years, Bachelor of Technology)",AI,OBC-NCL,Gender-Neutral,3596,4047
Indian Institute of Technology Kharagpur,"Mining Engineering (4 Years, Bachelor of Technology)",AI,OBC-NCL,Female-only (including Supernumerary),7699,9073
Indian Institute of Technology Kharagpur,"Mining Engineering (4 Years, Bachelor of Technology)",AI,SC,Gender-Neutral,1791,2338
Indian Institute of Technology Kharagpur,"Mining Engineering (4 Years, Bachelor of Technology)",AI,SC,Female-only (including Supernumerary),3601,4149
Indian Institute of Technology Kharagpur,"Mining Engineering (4 Years, Bachelor of Technology)",AI,ST,Gender-Neutral,816,1275
Indian Institute of Technology Kharagpur,"Mining Engineering (4 Years, Bachelor of Technology)",AI,ST,Female-only (including Supernumerary),1744,1851
Indian Institute of Technology Kharagpur,"Ocean Engineering and Naval Architecture (4 Years, Bachelor of Technology)",AI,OPEN,Gender-Neutral,6120,11219
Indian Institute of Technology Kharagpur,"Ocean Engineering and Naval Architecture (4 Years, Bachelor of Technology)",AI,OPEN,Female-only (including Supernumerary),17642,20000
Indian Institute of Technology Kharagpur,"Ocean Engineering and Naval Architecture (4 Years, Bachelor of Technology)",AI,OPEN (PwD),Gender-Neutral,364P,506P
Indian Institute of Technology Kharagpur,"Ocean Engineering and Naval Architecture (4 Years, Bachelor of Technology)",AI,EWS,Gender-Neutral,1509,1867
Indian Institute of Technology Kharagpur,"Ocean Engineering and Naval Architecture (4 Years, Bachelor of Technology)",AI,EWS,Female-only (including Supernumerary),3147,3302
Indian Institute of Technology Kharagpur,"Ocean Engineering and Naval Architecture (4 Years, Bachelor of Technology)",AI,OBC-NCL,Gender-Neutral,3385,4173
Indian Institute of Technology Kharagpur,"Ocean Engineering and Naval Architecture (4 Years, Bachelor of Technology)",AI,OBC-NCL,Female-only (including Supernumerary),7648,8100
Indian Institute of Technology Kharagpur,"Ocean Engineering and Naval Architecture (4 Years, Bachelor of Technology)",AI,SC,Gender-Neutral,2081,2572
Indian Institute of Technology Kharagpur,"Ocean Engineering and Naval Architecture (4 Years, Bachelor of Technology)",AI,SC,Female-only (including Supernumerary),3152,4129
Indian Institute of Technology Kharagpur,"Ocean Engineering and Naval Architecture (4 Years, Bachelor of Technology)",AI,ST,Gender-Neutral,821,1208
Indian Institute of Technology Kharagpur,"Ocean Engineering and Naval Architecture (4 Years, Bachelor of Technology)",AI,ST,Female-only (including Supernumerary),1401,1401
Indian Institute of Technology Kharagpur,"Physics (4 Years, Bachelor of Science)",AI,OPEN,Gender-Neutral,6686,9572
Indian Institute of Technology Kharagpur,"Physics (4 Years, Bachelor of Science)",AI,OPEN,Female-only (including Supernumerary),9523,16544
Indian Institute of Technology Kharagpur,"Physics (4 Years, Bachelor of Science)",AI,EWS,Gender-Neutral,1539,1759
Indian Institute of Technology Kharagpur,"Physics (4 Years, Bachelor of Science)",AI,EWS,Female-only (including Supernumerary),4076,4076
Indian Institute of Technology Kharagpur,"Physics (4 Years, Bachelor of Science)",AI,OBC-NCL,Gender-Neutral,3746,5182
Indian Institute of Technology Kharagpur,"Physics (4 Years, Bachelor of Science)",AI,OBC-NCL,Female-only (including Supernumerary),9446,9702
Indian Institute of Technology Kharagpur,"Physics (4 Years, Bachelor of Science)",AI,SC,Gender-Neutral,1914,2984
Indian Institute of Technology Kharagpur,"Physics (4 Years, Bachelor of Science)",AI,SC,Female-only (including Supernumerary),4079,4079
Indian Institute of Technology Kharagpur,"Physics (4 Years, Bachelor of Science)",AI,ST,Gender-Neutral,1391,1515
Indian Institute of Technology Kharagpur,"Physics (4 Years, Bachelor of Science)",AI,ST,Female-only (including Supernumerary),1872,1872
Indian Institute of Technology Hyderabad,"Artificial Intelligence (4 Years, Bachelor of Technology)",AI,OPEN,Gender-Neutral,696,917
Indian Institute of Technology Hyderabad,"Artificial Intelligence (4 Years, Bachelor of Technology)",AI,OPEN,Female-only (including Supernumerary),2275,2564
Indian Institute of Technology Hyderabad,"Artificial Intelligence (4 Years, Bachelor of Technology)",AI,OPEN (PwD),Gender-Neutral,37,37
Indian Institute of Technology Hyderabad,"Artificial Intelligence (4 Years, Bachelor of Technology)",AI,EWS,Gender-Neutral,112,125
Indian Institute of Technology Hyderabad,"Artificial Intelligence (4 Years, Bachelor of Technology)",AI,EWS (PwD),Female-only (including Supernumerary),23,23
Indian Institute of Technology Hyderabad,"Artificial Intelligence (4 Years, Bachelor of Technology)",AI,OBC-NCL,Gender-Neutral,313,405
Indian Institute of Technology Hyderabad,"Artificial Intelligence (4 Years, Bachelor of Technology)",AI,OBC-NCL,Female-only (including Supernumerary),858,898
Indian Institute of Technology Hyderabad,"Artificial Intelligence (4 Years, Bachelor of Technology)",AI,SC,Gender-Neutral,170,212
Indian Institute of Technology Hyderabad,"Artificial Intelligence (4 Years, Bachelor of Technology)",AI,SC,Female-only (including Supernumerary),456,456
Indian Institute of Technology Hyderabad,"Artificial Intelligence (4 Years, Bachelor of Technology)",AI,SC (PwD),Gender-Neutral,3P,3P
Indian Institute of Technology Hyderabad,"Artificial Intelligence (4 Years, Bachelor of Technology)",AI,ST,Gender-Neutral,23,92
Indian Institute of Technology Hyderabad,"Artificial Intelligence (4 Years, Bachelor of Technology)",AI,ST,Female-only (including Supernumerary),183,183
Indian Institute of Technology Hyderabad,"Biomedical Engineering (4 Years, Bachelor of Technology)",AI,OPEN,Gender-Neutral,5893,8475
Indian Institute of Technology Hyderabad,"Biomedical Engineering (4 Years, Bachelor of Technology)",AI,OPEN,Female-only (including Supernumerary),12598,15213
Indian Institute of Technology Hyderabad,"Biomedical Engineering (4 Years, Bachelor of Technology)",AI,OPEN (PwD),Gender-Neutral,400P,400P
Indian Institute of Technology Hyderabad,"Biomedical Engineering (4 Years, Bachelor of Technology)",AI,EWS,Gender-Neutral,1410,1467
Indian Institute of Technology Hyderabad,"Biomedical Engineering (4 Years, Bachelor of Technology)",AI,EWS,Female-only (including Supernumerary),2646,2646
Indian Institute of Technology Hyderabad,"Biomedical Engineering (4 Years, Bachelor of Technology)",AI,OBC-NCL,Gender-Neutral,2878,3839
Indian Institute of Technology Hyderabad,"Biomedical Engineering (4 Years, Bachelor of Technology)",AI,OBC-NCL,Female-only (including Supernumerary),6943,7237
Indian Institute of Technology Hyderabad,"Biomedical Engineering (4 Years, Bachelor of Technology)",AI,SC,Gender-Neutral,1710,2261
Indian Institute of Technology Hyderabad,"Biomedical Engineering (4 Years, Bachelor of Technology)",AI,SC,Female-only (including Supernumerary),3511,3511
Indian Institute of Technology Hyderabad,"Biomedical Engineering (4 Years, Bachelor of Technology)",AI,ST,Gender-Neutral,1020,1056
Indian Institute of Technology Hyderabad,"Biotechnology and Bioinformatics (4 Years, Bachelor of Technology)",AI,OPEN,Gender-Neutral,5481,9123
Indian Institute of Technology Hyderabad,"Biotechnology and Bioinformatics (4 Years, Bachelor of Technology)",AI,OPEN,Female-only (including Supernumerary),9559,14616
Indian Institute of Technology Hyderabad,"Biotechnology and Bioinformatics (4 Years, Bachelor of Technology)",AI,EWS,Gender-Neutral,1150,1491
Indian Institute of Technology Hyderabad,"Biotechnology and Bioinformatics (4 Years, Bachelor of Technology)",AI,EWS,Female-only (including Supernumerary),2523,2523
Indian Institute of Technology Hyderabad,"Biotechnology and Bioinformatics (4 Years, Bachelor of Technology)",AI,OBC-NCL,Gender-Neutral,3244,3644
Indian Institute of Technology Hyderabad,"Biotechnology and Bioinformatics (4 Years, Bachelor of Technology)",AI,OBC-NCL,Female-only (including Supernumerary),6109,6204
Indian Institute of Technology Hyderabad,"Biotechnology and Bioinformatics (4 Years, Bachelor of Technology)",AI,SC,Gender-Neutral,1735,2158
Indian Institute of Technology Hyderabad,"Biotechnology and Bioinformatics (4 Years, Bachelor of Technology)",AI,SC,Female-only (including Supernumerary),3223,3223
Indian Institute of Technology Hyderabad,"Biotechnology and Bioinformatics (4 Years, Bachelor of Technology)",AI,ST,Gender-Neutral,964,1006
Indian Institute of Technology Hyderabad,"Chemical Engineering (4 Years, Bachelor of Technology)",AI,OPEN,Gender-Neutral,4722,5988
Indian Institute of Technology Hyderabad,"Chemical Engineering (4 Years, Bachelor of Technology)",AI,OPEN,Female-only (including Supernumerary),8880,11625
Indian Institute of Technology Hyderabad,"Chemical Engineering (4 Years, Bachelor of Technology)",AI,EWS,Gender-Neutral,840,959
Indian Institute of Technology Hyderabad,"Chemical Engineering (4 Years, Bachelor of Technology)",AI,EWS,Female-only (including Supernumerary),2308,2308
Indian Institute of Technology Hyderabad,"Chemical Engineering (4 Years, Bachelor of Technology)",AI,OBC-NCL,Gender-Neutral,1974,2270
Indian Institute of Technology Hyderabad,"Chemical Engineering (4 Years, Bachelor of Technology)",AI,OBC-NCL,Female-only (including Supernumerary),3705,5099
Indian Institute of Technology Hyderabad,"Chemical Engineering (4 Years, Bachelor of Technology)",AI,OBC-NCL (PwD),Gender-Neutral,140P,140P
Indian Institute of Technology Hyderabad,"Chemical Engineering (4 Years, Bachelor of Technology)",AI,SC,Gender-Neutral,1370,1503
Indian Institute of Technology Hyderabad,"Chemical Engineering (4 Years, Bachelor of Technology)",AI,SC,Female-only (including Supernumerary),2471,2471
Indian Institute of Technology Hyderabad,"Chemical Engineering (4 Years, Bachelor of Technology)",AI,ST,Gender-Neutral,718,731
Indian Institute of Technology Hyderabad,"Chemical Engineering (4 Years, Bachelor of Technology)",AI,ST,Female-only (including Supernumerary),1139,1139
Indian Institute of Technology Hyderabad,"Civil Engineering (4 Years, Bachelor of Technology)",AI,OPEN,Gender-Neutral,7738,8928
Indian Institute of Technology Hyderabad,"Civil Engineering (4 Years, Bachelor of Technology)",AI,OPEN,Female-only (including Supernumerary),13727,17416
Indian Institute of Technology Hyderabad,"Civil Engineering (4 Years, Bachelor of Technology)",AI,OPEN (PwD),Gender-Neutral,186,186
Indian Institute of Technology Hyderabad,"Civil Engineering (4 Years, Bachelor of Technology)",AI,EWS,Gender-Neutral,1168,1485
Indian Institute of Technology Hyderabad,"Civil Engineering (4 Years, Bachelor of Technology)",AI,EWS,Female-only (including Supernumerary),2548,2548
Indian Institute of Technology Hyderabad,"Civil Engineering (4 Years, Bachelor of Technology)",AI,OBC-NCL,Gender-Neutral,2125,3370
Indian Institute of Technology Hyderabad,"Civil Engineering (4 Years, Bachelor of Technology)",AI,OBC-NCL,Female-only (including Supernumerary),5177,7015
Indian Institute of Technology Hyderabad,"Civil Engineering (4 Years, Bachelor of Technology)",AI,OBC-NCL (PwD),Gender-Neutral,172P,172P
Indian Institute of Technology Hyderabad,"Civil Engineering (4 Years, Bachelor of Technology)",AI,SC,Gender-Neutral,1190,1921
Indian Institute of Technology Hyderabad,"Civil Engineering (4 Years, Bachelor of Technology)",AI,SC,Female-only (including Supernumerary),2354,2381
Indian Institute of Technology Hyderabad,"Civil Engineering (4 Years, Bachelor of Technology)",AI,ST,Gender-Neutral,328,588
Indian Institute of Technology Hyderabad,"Civil Engineering (4 Years, Bachelor of Technology)",AI,ST,Female-only (including Supernumerary),800,800
Indian Institute of Technology Hyderabad,"Computational Engineering (4 Years, Bachelor of Technology)",AI,OPEN,Gender-Neutral,1605,1938
Indian Institute of Technology Hyderabad,"Computational Engineering (4 Years, Bachelor of Technology)",AI,OPEN,Female-only (including Supernumerary),4653,4923
Indian Institute of Technology Hyderabad,"Computational Engineering (4 Years, Bachelor of Technology)",AI,EWS,Gender-Neutral,253,362
Indian Institute of Technology Hyderabad,"Computational Engineering (4 Years, Bachelor of Technology)",AI,EWS,Female-only (including Supernumerary),1224,1224
Indian Institute of Technology Hyderabad,"Computational Engineering (4 Years, Bachelor of Technology)",AI,OBC-NCL,Gender-Neutral,727,949
Indian Institute of Technology Hyderabad,"Computational Engineering (4 Years, Bachelor of Technology)",AI,OBC-NCL,Female-only (including Supernumerary),1945,2248
Indian Institute of Technology Hyderabad,"Computational Engineering (4 Years, Bachelor of Technology)",AI,OBC-NCL (PwD),Gender-Neutral,67,67
Indian Institute of Technology Hyderabad,"Computational Engineering (4 Years, Bachelor of Technology)",AI,SC,Gender-Neutral,436,600
Indian Institute of Technology Hyderabad,"Computational Engineering (4 Years, Bachelor of Technology)",AI,SC,Female-only (including Supernumerary),1499,1499
Indian Institute of Technology Hyderabad,"Computational Engineering (4 Years, Bachelor of Technology)",AI,ST,Gender-Neutral,145,228
Indian Institute of Technology Hyderabad,"Computer Science and Engineering (4 Years, Bachelor of Technology)",AI,OPEN,Gender-Neutral,339,680
Indian Institute of Technology Hyderabad,"Computer Science and Engineering (4 Years, Bachelor of Technology)",AI,OPEN,Female-only (including Supernumerary),1833,2220
Indian Institute of Technology Hyderabad,"Computer Science and Engineering (4 Years, Bachelor of Technology)",AI,OPEN (PwD),Female-only (including Supernumerary),56,56
Indian Institute of Technology Hyderabad,"Computer Science and Engineering (4 Years, Bachelor of Technology)",AI,EWS,Gender-Neutral,69,86
Indian Institute of Technology Hyderabad,"Computer Science and Engineering (4 Years, Bachelor of Technology)",AI,EWS,Female-only (including Supernumerary),296,296
Indian Institute of Technology Hyderabad,"Computer Science and Engineering (4 Years, Bachelor of Technology)",AI,EWS (PwD),Gender-Neutral,13,13
Indian Institute of Technology Hyderabad,"Computer Science and Engineering (4 Years, Bachelor of Technology)",AI,OBC-NCL,Gender-Neutral,183,299
Indian Institute of Technology Hyderabad,"Computer Science and Engineering (4 Years, Bachelor of Technology)",AI,OBC-NCL,Female-only (including Supernumerary),493,660
Indian Institute of Technology Hyderabad,"Computer Science and Engineering (4 Years, Bachelor of Technology)",AI,OBC-NCL (PwD),Gender-Neutral,14,14
Indian Institute of Technology Hyderabad,"Computer Science and Engineering (4 Years, Bachelor of Technology)",AI,SC,Gender-Neutral,90,168
Indian Institute of Technology Hyderabad,"Computer Science and Engineering (4 Years, Bachelor of Technology)",AI,SC,Female-only (including Supernumerary),341,386
Indian Institute of Technology Hyderabad,"Computer Science and Engineering (4 Years, Bachelor of Technology)",AI,SC (PwD),Gender-Neutral,6P,6P
Indian Institute of Technology Hyderabad,"Computer Science and Engineering (4 Years, Bachelor of Technology)",AI,ST,Gender-Neutral,39,70
Indian Institute of Technology Hyderabad,"Computer Science and Engineering (4 Years, Bachelor of Technology)",AI,ST,Female-only (including Supernumerary),105,105
Indian Institute of Technology Hyderabad,"Electrical Engineering (4 Years, Bachelor of Technology)",AI,OPEN,Gender-Neutral,854,1714
Indian Institute of Technology Hyderabad,"Electrical Engineering (4 Years, Bachelor of Technology)",AI,OPEN,Female-only (including Supernumerary),3148,3854
Indian Institute of Technology Hyderabad,"Electrical Engineering (4 Years, Bachelor of Technology)",AI,OPEN (PwD),Gender-Neutral,65,65
Indian Institute of Technology Hyderabad,"Electrical Engineering (4 Years, Bachelor of Technology)",AI,EWS,Gender-Neutral,227,306
Indian Institute of Technology Hyderabad,"Electrical Engineering (4 Years, Bachelor of Technology)",AI,EWS,Female-only (including Supernumerary),632,632
Indian Institute of Technology Hyderabad,"Electrical Engineering (4 Years, Bachelor of Technology)",AI,EWS (PwD),Gender-Neutral,1P,1P
Indian Institute of Technology Hyderabad,"Electrical Engineering (4 Years, Bachelor of Technology)",AI,OBC-NCL,Gender-Neutral,404,894
Indian Institute of Technology Hyderabad,"Electrical Engineering (4 Years, Bachelor of Technology)",AI,OBC-NCL,Female-only (including Supernumerary),1444,1982
Indian Institute of Technology Hyderabad,"Electrical Engineering (4 Years, Bachelor of Technology)",AI,OBC-NCL (PwD),Gender-Neutral,25,25
Indian Institute of Technology Hyderabad,"Electrical Engineering (4 Years, Bachelor of Technology)",AI,SC,Gender-Neutral,387,565
Indian Institute of Technology Hyderabad,"Electrical Engineering (4 Years, Bachelor of Technology)",AI,SC,Female-only (including Supernumerary),1050,1097
Indian Institute of Technology Hyderabad,"Electrical Engineering (4 Years, Bachelor of Technology)",AI,ST,Gender-Neutral,114,240
Indian Institute of Technology Hyderabad,"Electrical Engineering (4 Years, Bachelor of Technology)",AI,ST,Female-only (including Supernumerary),289,289
Indian Institute of Technology Hyderabad,"Electrical Engineering (IC Design and Technology) (4 Years, Bachelor of Technology)",AI,OPEN,Gender-Neutral,1309,1896
Indian Institute of Technology Hyderabad,"Electrical Engineering (IC Design and Technology) (4 Years, Bachelor of Technology)",AI,OPEN,Female-only (including Supernumerary),3962,4351
Indian Institute of Technology Hyderabad,"Electrical Engineering (IC Design and Technology) (4 Years, Bachelor of Technology)",AI,OPEN (PwD),Gender-Neutral,101,101
Indian Institute of Technology Hyderabad,"Electrical Engineering (IC Design and Technology) (4 Years, Bachelor of Technology)",AI,EWS,Gender-Neutral,269,277
Indian Institute of Technology Hyderabad,"Electrical Engineering (IC Design and Technology) (4 Years, Bachelor of Technology)",AI,EWS,Female-only (including Supernumerary),768,768
Indian Institute of Technology Hyderabad,"Electrical Engineering (IC Design and Technology) (4 Years, Bachelor of Technology)",AI,OBC-NCL,Gender-Neutral,558,855
Indian Institute of Technology Hyderabad,"Electrical Engineering (IC Design and Technology) (4 Years, Bachelor of Technology)",AI,OBC-NCL,Female-only (including Supernumerary),1779,1881
Indian Institute of Technology Hyderabad,"Electrical Engineering (IC Design and Technology) (4 Years, Bachelor of Technology)",AI,OBC-NCL (PwD),Gender-Neutral,42,42
Indian Institute of Technology Hyderabad,"Electrical Engineering (IC Design and Technology) (4 Years, Bachelor of Technology)",AI,SC,Gender-Neutral,262,501
Indian Institute of Technology Hyderabad,"Electrical Engineering (IC Design and Technology) (4 Years, Bachelor of Technology)",AI,SC,Female-only (including Supernumerary),973,973
Indian Institute of Technology Hyderabad,"Electrical Engineering (IC Design and Technology) (4 Years, Bachelor of Technology)",AI,ST,Gender-Neutral,165,315
Indian Institute of Technology Hyderabad,"Engineering Physics (4 Years, Bachelor of Technology)",AI,OPEN,Gender-Neutral,2289,4208
Indian Institute of Technology Hyderabad,"Engineering Physics (4 Years, Bachelor of Technology)",AI,OPEN,Female-only (including Supernumerary),7571,7918
Indian Institute of Technology Hyderabad,"Engineering Physics (4 Years, Bachelor of Technology)",AI,OPEN (PwD),Gender-Neutral,274P,274P
Indian Institute of Technology Hyderabad,"Engineering Physics (4 Years, Bachelor of Technology)",AI,EWS,Gender-Neutral,645,812
Indian Institute of Technology Hyderabad,"Engineering Physics (4 Years, Bachelor of Technology)",AI,EWS,Female-only (including Supernumerary),1905,1905
Indian Institute of Technology Hyderabad,"Engineering Physics (4 Years, Bachelor of Technology)",AI,OBC-NCL,Gender-Neutral,1306,1994
Indian Institute of Technology Hyderabad,"Engineering Physics (4 Years, Bachelor of Technology)",AI,OBC-NCL,Female-only (including Supernumerary),3722,3722
Indian Institute of Technology Hyderabad,"Engineering Physics (4 Years, Bachelor of Technology)",AI,OBC-NCL (PwD),Female-only (including Supernumerary),211P,211P
Indian Institute of Technology Hyderabad,"Engineering Physics (4 Years, Bachelor of Technology)",AI,SC,Gender-Neutral,1369,1656
Indian Institute of Technology Hyderabad,"Engineering Physics (4 Years, Bachelor of Technology)",AI,SC,Female-only (including Supernumerary),1587,1587
Indian Institute of Technology Hyderabad,"Engineering Physics (4 Years, Bachelor of Technology)",AI,ST,Gender-Neutral,850,921
Indian Institute of Technology Hyderabad,"Engineering Physics (4 Years, Bachelor of Technology)",AI,ST,Female-only (including Supernumerary),1239,1239
Indian Institute of Technology Hyderabad,"Engineering Science (4 Years, Bachelor of Technology)",AI,OPEN,Gender-Neutral,1868,2602
Indian Institute of Technology Hyderabad,"Engineering Science (4 Years, Bachelor of Technology)",AI,OPEN,Female-only (including Supernumerary),5433,6577
Indian Institute of Technology Hyderabad,"Engineering Science (4 Years, Bachelor of Technology)",AI,OPEN (PwD),Gender-Neutral,315,109P
Indian Institute of Technology Hyderabad,"Engineering Science (4 Years, Bachelor of Technology)",AI,EWS,Gender-Neutral,417,478
Indian Institute of Technology Hyderabad,"Engineering Science (4 Years, Bachelor of Technology)",AI,EWS,Female-only (including Supernumerary),841,841
Indian Institute of Technology Hyderabad,"Engineering Science (4 Years, Bachelor of Technology)",AI,OBC-NCL,Gender-Neutral,1098,1299
Indian Institute of Technology Hyderabad,"Engineering Science (4 Years, Bachelor of Technology)",AI,OBC-NCL,Female-only (including Supernumerary),2754,2941
Indian Institute of Technology Hyderabad,"Engineering Science (4 Years, Bachelor of Technology)",AI,SC,Gender-Neutral,770,1338
Indian Institute of Technology Hyderabad,"Engineering Science (4 Years, Bachelor of Technology)",AI,SC,Female-only (including Supernumerary),1573,1573
Indian Institute of Technology Hyderabad,"Engineering Science (4 Years, Bachelor of Technology)",AI,ST,Gender-Neutral,397,459
Indian Institute of Technology Hyderabad,"Engineering Science (4 Years, Bachelor of Technology)",AI,ST,Female-only (including Supernumerary),1357,1357
Indian Institute of Technology Hyderabad,"Industrial Chemistry (4 Years, Bachelor of Technology)",AI,OPEN,Gender-Neutral,7437,8762
Indian Institute of Technology Hyderabad,"Industrial Chemistry (4 Years, Bachelor of Technology)",AI,OPEN,Female-only (including Supernumerary),13613,15328
Indian Institute of Technology Hyderabad,"Industrial Chemistry (4 Years, Bachelor of Technology)",AI,EWS,Gender-Neutral,1452,1494
Indian Institute of Technology Hyderabad,"Industrial Chemistry (4 Years, Bachelor of Technology)",AI,EWS,Female-only (including Supernumerary),2911,2911
Indian Institute of Technology Hyderabad,"Industrial Chemistry (4 Years, Bachelor of Technology)",AI,OBC-NCL,Gender-Neutral,2639,3602
Indian Institute of Technology Hyderabad,"Industrial Chemistry (4 Years, Bachelor of Technology)",AI,OBC-NCL,Female-only (including Supernumerary),6734,7191
Indian Institute of Technology Hyderabad,"Industrial Chemistry (4 Years, Bachelor of Technology)",AI,SC,Gender-Neutral,2012,2284
Indian Institute of Technology Hyderabad,"Industrial Chemistry (4 Years, Bachelor of Technology)",AI,SC,Female-only (including Supernumerary),3417,3417
Indian Institute of Technology Hyderabad,"Industrial Chemistry (4 Years, Bachelor of Technology)",AI,ST,Gender-Neutral,1038,1167
Indian Institute of Technology Hyderabad,"Materials Science and Metallurgical Engineering (4 Years, Bachelor of Technology)",AI,OPEN,Gender-Neutral,5478,7582
Indian Institute of Technology Hyderabad,"Materials Science and Metallurgical Engineering (4 Years, Bachelor of Technology)",AI,OPEN,Female-only (including Supernumerary),14426,14730
Indian Institute of Technology Hyderabad,"Materials Science and Metallurgical Engineering (4 Years, Bachelor of Technology)",AI,OPEN (PwD),Gender-Neutral,427P,427P
Indian Institute of Technology Hyderabad,"Materials Science and Metallurgical Engineering (4 Years, Bachelor of Technology)",AI,EWS,Gender-Neutral,1262,1407
Indian Institute of Technology Hyderabad,"Materials Science and Metallurgical Engineering (4 Years, Bachelor of Technology)",AI,EWS,Female-only (including Supernumerary),2041,2041
Indian Institute of Technology Hyderabad,"Materials Science and Metallurgical Engineering (4 Years, Bachelor of Technology)",AI,OBC-NCL,Gender-Neutral,2707,3329
Indian Institute of Technology Hyderabad,"Materials Science and Metallurgical Engineering (4 Years, Bachelor of Technology)",AI,OBC-NCL,Female-only (including Supernumerary),6653,7147
Indian Institute of Technology Hyderabad,"Materials Science and Metallurgical Engineering (4 Years, Bachelor of Technology)",AI,SC,Gender-Neutral,2043,2149
Indian Institute of Technology Hyderabad,"Materials Science and Metallurgical Engineering (4 Years, Bachelor of Technology)",AI,SC,Female-only (including Supernumerary),2849,2849
Indian Institute of Technology Hyderabad,"Materials Science and Metallurgical Engineering (4 Years, Bachelor of Technology)",AI,ST,Gender-Neutral,900,970
Indian Institute of Technology Hyderabad,"Materials Science and Metallurgical Engineering (4 Years, Bachelor of Technology)",AI,ST,Female-only (including Supernumerary),1213,1213
Indian Institute of Technology Hyderabad,"Mathematics and Computing (4 Years, Bachelor of Technology)",AI,OPEN,Gender-Neutral,745,927
Indian Institute of Technology Hyderabad,"Mathematics and Computing (4 Years, Bachelor of Technology)",AI,OPEN,Female-only (including Supernumerary),2228,2753
Indian Institute of Technology Hyderabad,"Mathematics and Computing (4 Years, Bachelor of Technology)",AI,OPEN (PwD),Gender-Neutral,54,54
Indian Institute of Technology Hyderabad,"Mathematics and Computing (4 Years, Bachelor of Technology)",AI,EWS,Gender-Neutral,106,137
Indian Institute of Technology Hyderabad,"Mathematics and Computing (4 Years, Bachelor of Technology)",AI,EWS,Female-only (including Supernumerary),400,400
Indian Institute of Technology Hyderabad,"Mathematics and Computing (4 Years, Bachelor of Technology)",AI,OBC-NCL,Gender-Neutral,251,440
Indian Institute of Technology Hyderabad,"Mathematics and Computing (4 Years, Bachelor of Technology)",AI,OBC-NCL,Female-only (including Supernumerary),1196,1268
Indian Institute of Technology Hyderabad,"Mathematics and Computing (4 Years, Bachelor of Technology)",AI,SC,Gender-Neutral,171,245
Indian Institute of Technology Hyderabad,"Mathematics and Computing (4 Years, Bachelor of Technology)",AI,SC,Female-only (including Supernumerary),581,581
Indian Institute of Technology Hyderabad,"Mathematics and Computing (4 Years, Bachelor of Technology)",AI,ST,Gender-Neutral,78,101
Indian Institute of Technology Hyderabad,"Mechanical Engineering (4 Years, Bachelor of Technology)",AI,OPEN,Gender-Neutral,3169,4767
Indian Institute of Technology Hyderabad,"Mechanical Engineering (4 Years, Bachelor of Technology)",AI,OPEN,Female-only (including Supernumerary),7413,9626
Indian Institute of Technology Hyderabad,"Mechanical Engineering (4 Years, Bachelor of Technology)",AI,OPEN (PwD),Gender-Neutral,293,73P
Indian Institute of Technology Hyderabad,"Mechanical Engineering (4 Years, Bachelor of Technology)",AI,EWS,Gender-Neutral,682,900
Indian Institute of Technology Hyderabad,"Mechanical Engineering (4 Years, Bachelor of Technology)",AI,EWS,Female-only (including Supernumerary),1704,1704
Indian Institute of Technology Hyderabad,"Mechanical Engineering (4 Years, Bachelor of Technology)",AI,OBC-NCL,Gender-Neutral,1310,2008
Indian Institute of Technology Hyderabad,"Mechanical Engineering (4 Years, Bachelor of Technology)",AI,OBC-NCL,Female-only (including Supernumerary),3236,4372
Indian Institute of Technology Hyderabad,"Mechanical Engineering (4 Years, Bachelor of Technology)",AI,SC,Gender-Neutral,520,1133
Indian Institute of Technology Hyderabad,"Mechanical Engineering (4 Years, Bachelor of Technology)",AI,SC,Female-only (including Supernumerary),2205,2520
Indian Institute of Technology Hyderabad,"Mechanical Engineering (4 Years, Bachelor of Technology)",AI,ST,Gender-Neutral,469,579
Indian Institute of Technology Hyderabad,"Mechanical Engineering (4 Years, Bachelor of Technology)",AI,ST,Female-only (including Supernumerary),374,374
Indian Institute of Technology Jodhpur,"Aerospace Engineering (4 Years, Bachelor of Technology)",AI,OPEN,Gender-Neutral,6077,10981
Indian Institute of Technology Jodhpur,"Aerospace Engineering (4 Years, Bachelor of Technology)",AI,OPEN,Female-only (including Supernumerary),14107,18970
Indian Institute of Technology Jodhpur,"Aerospace Engineering (4 Years, Bachelor of Technology)",AI,EWS,Gender-Neutral,1480,1648
Indian Institute of Technology Jodhpur,"Aerospace Engineering (4 Years, Bachelor of Technology)",AI,EWS,Female-only (including Supernumerary),2868,2868
Indian Institute of Technology Jodhpur,"Aerospace Engineering (4 Years, Bachelor of Technology)",AI,OBC-NCL,Gender-Neutral,3030,4005
Indian Institute of Technology Jodhpur,"Aerospace Engineering (4 Years, Bachelor of Technology)",AI,OBC-NCL,Female-only (including Supernumerary),6952,7461
Indian Institute of Technology Jodhpur,"Aerospace Engineering (4 Years, Bachelor of Technology)",AI,SC,Gender-Neutral,1985,2209
Indian Institute of Technology Jodhpur,"Aerospace Engineering (4 Years, Bachelor of Technology)",AI,SC,Female-only (including Supernumerary),3304,3304
Indian Institute of Technology Jodhpur,"Aerospace Engineering (4 Years, Bachelor of Technology)",AI,ST,Gender-Neutral,695,848
Indian Institute of Technology Jodhpur,"Artificial Intelligence and Data Science (4 Years, Bachelor of Technology)",AI,OPEN,Gender-Neutral,3382,5082
Indian Institute of Technology Jodhpur,"Artificial Intelligence and Data Science (4 Years, Bachelor of Technology)",AI,OPEN,Female-only (including Supernumerary),7665,10351
Indian Institute of Technology Jodhpur,"Artificial Intelligence and Data Science (4 Years, Bachelor of Technology)",AI,OPEN (PwD),Gender-Neutral,199,242
Indian Institute of Technology Jodhpur,"Artificial Intelligence and Data Science (4 Years, Bachelor of Technology)",AI,EWS,Gender-Neutral,680,730
Indian Institute of Technology Jodhpur,"Artificial Intelligence and Data Science (4 Years, Bachelor of Technology)",AI,EWS,Female-only (including Supernumerary),1518,1518
Indian Institute of Technology Jodhpur,"Artificial Intelligence and Data Science (4 Years, Bachelor of Technology)",AI,OBC-NCL,Gender-Neutral,1377,1946
Indian Institute of Technology Jodhpur,"Artificial Intelligence and Data Science (4 Years, Bachelor of Technology)",AI,OBC-NCL,Female-only (including Supernumerary),3998,4660
Indian Institute of Technology Jodhpur,"Artificial Intelligence and Data Science (4 Years, Bachelor of Technology)",AI,OBC-NCL (PwD),Gender-Neutral,116,116
Indian Institute of Technology Jodhpur,"Artificial Intelligence and Data Science (4 Years, Bachelor of Technology)",AI,SC,Gender-Neutral,943,1230
Indian Institute of Technology Jodhpur,"Artificial Intelligence and Data Science (4 Years, Bachelor of Technology)",AI,SC,Female-only (including Supernumerary),1885,2268
Indian Institute of Technology Jodhpur,"Artificial Intelligence and Data Science (4 Years, Bachelor of Technology)",AI,ST,Gender-Neutral,395,721
Indian Institute of Technology Jodhpur,"Artificial Intelligence and Data Science (4 Years, Bachelor of Technology)",AI,ST,Female-only (including Supernumerary),1132,1196
Indian Institute of Technology Jodhpur,"Bio Engineering (4 Years, Bachelor of Technology)",AI,OPEN,Gender-Neutral,13936,17195
Indian Institute of Technology Jodhpur,"Bio Engineering (4 Years, Bachelor of Technology)",AI,OPEN,Female-only (including Supernumerary),19927,23885
Indian Institute of Technology Jodhpur,"Bio Engineering (4 Years, Bachelor of Technology)",AI,EWS,Gender-Neutral,2544,2600
Indian Institute of Technology Jodhpur,"Bio Engineering (4 Years, Bachelor of Technology)",AI,EWS,Female-only (including Supernumerary),4133,5007
Indian Institute of Technology Jodhpur,"Bio Engineering (4 Years, Bachelor of Technology)",AI,OBC-NCL,Gender-Neutral,5034,6116
Indian Institute of Technology Jodhpur,"Bio Engineering (4 Years, Bachelor of Technology)",AI,OBC-NCL,Female-only (including Supernumerary),9812,10635
Indian Institute of Technology Jodhpur,"Bio Engineering (4 Years, Bachelor of Technology)",AI,SC,Gender-Neutral,2910,3193
Indian Institute of Technology Jodhpur,"Bio Engineering (4 Years, Bachelor of Technology)",AI,SC,Female-only (including Supernumerary),4592,4661
Indian Institute of Technology Jodhpur,"Bio Engineering (4 Years, Bachelor of Technology)",AI,ST,Gender-Neutral,1554,1585
Indian Institute of Technology Jodhpur,"Chemical Engineering (4 Years, Bachelor of Technology)",AI,OPEN,Gender-Neutral,10467,13579
Indian Institute of Technology Jodhpur,"Chemical Engineering (4 Years, Bachelor of Technology)",AI,OPEN,Female-only (including Supernumerary),18772,21334
Indian Institute of Technology Jodhpur,"Chemical Engineering (4 Years, Bachelor of Technology)",AI,EWS,Gender-Neutral,1956,2026
Indian Institute of Technology Jodhpur,"Chemical Engineering (4 Years, Bachelor of Technology)",AI,EWS,Female-only (including Supernumerary),3399,3399
Indian Institute of Technology Jodhpur,"Chemical Engineering (4 Years, Bachelor of Technology)",AI,OBC-NCL,Gender-Neutral,4206,4977
Indian Institute of Technology Jodhpur,"Chemical Engineering (4 Years, Bachelor of Technology)",AI,OBC-NCL,Female-only (including Supernumerary),8464,8700
Indian Institute of Technology Jodhpur,"Chemical Engineering (4 Years, Bachelor of Technology)",AI,SC,Gender-Neutral,1537,2619
Indian Institute of Technology Jodhpur,"Chemical Engineering (4 Years, Bachelor of Technology)",AI,SC,Female-only (including Supernumerary),4003,4003
Indian Institute of Technology Jodhpur,"Chemical Engineering (4 Years, Bachelor of Technology)",AI,ST,Gender-Neutral,1168,1262
Indian Institute of Technology Jodhpur,"Civil and Infrastructure Engineering (4 Years, Bachelor of Technology)",AI,OPEN,Gender-Neutral,12091,15583
Indian Institute of Technology Jodhpur,"Civil and Infrastructure Engineering (4 Years, Bachelor of Technology)",AI,OPEN,Female-only (including Supernumerary),22253,23614
Indian Institute of Technology Jodhpur,"Civil and Infrastructure Engineering (4 Years, Bachelor of Technology)",AI,EWS,Gender-Neutral,2158,2324
Indian Institute of Technology Jodhpur,"Civil and Infrastructure Engineering (4 Years, Bachelor of Technology)",AI,EWS,Female-only (including Supernumerary),3644,3659
Indian Institute of Technology Jodhpur,"Civil and Infrastructure Engineering (4 Years, Bachelor of Technology)",AI,OBC-NCL,Gender-Neutral,4779,5317
Indian Institute of Technology Jodhpur,"Civil and Infrastructure Engineering (4 Years, Bachelor of Technology)",AI,OBC-NCL,Female-only (including Supernumerary),7488,8646
Indian Institute of Technology Jodhpur,"Civil and Infrastructure Engineering (4 Years, Bachelor of Technology)",AI,SC,Gender-Neutral,2484,2717
Indian Institute of Technology Jodhpur,"Civil and Infrastructure Engineering (4 Years, Bachelor of Technology)",AI,SC,Female-only (including Supernumerary),4264,4361
Indian Institute of Technology Jodhpur,"Civil and Infrastructure Engineering (4 Years, Bachelor of Technology)",AI,ST,Gender-Neutral,682,1115
Indian Institute of Technology Jodhpur,"Civil and Infrastructure Engineering (4 Years, Bachelor of Technology)",AI,ST,Female-only (including Supernumerary),1256,1256
Indian Institute of Technology Jodhpur,"Computer Science and Engineering (4 Years, Bachelor of Technology)",AI,OPEN,Gender-Neutral,2536,3755
Indian Institute of Technology Jodhpur,"Computer Science and Engineering (4 Years, Bachelor of Technology)",AI,OPEN,Female-only (including Supernumerary),5700,7847
Indian Institute of Technology Jodhpur,"Computer Science and Engineering (4 Years, Bachelor of Technology)",AI,OPEN (PwD),Gender-Neutral,102,111
Indian Institute of Technology Jodhpur,"Computer Science and Engineering (4 Years, Bachelor of Technology)",AI,EWS,Gender-Neutral,455,546
Indian Institute of Technology Jodhpur,"Computer Science and Engineering (4 Years, Bachelor of Technology)",AI,EWS,Female-only (including Supernumerary),1309,1359
Indian Institute of Technology Jodhpur,"Computer Science and Engineering (4 Years, Bachelor of Technology)",AI,OBC-NCL,Gender-Neutral,971,1536
Indian Institute of Technology Jodhpur,"Computer Science and Engineering (4 Years, Bachelor of Technology)",AI,OBC-NCL,Female-only (including Supernumerary),3621,3880
Indian Institute of Technology Jodhpur,"Computer Science and Engineering (4 Years, Bachelor of Technology)",AI,OBC-NCL (PwD),Gender-Neutral,56,56
Indian Institute of Technology Jodhpur,"Computer Science and Engineering (4 Years, Bachelor of Technology)",AI,SC,Gender-Neutral,574,871
Indian Institute of Technology Jodhpur,"Computer Science and Engineering (4 Years, Bachelor of Technology)",AI,SC,Female-only (including Supernumerary),1562,1588
Indian Institute of Technology Jodhpur,"Computer Science and Engineering (4 Years, Bachelor of Technology)",AI,ST,Gender-Neutral,186,380
Indian Institute of Technology Jodhpur,"Computer Science and Engineering (4 Years, Bachelor of Technology)",AI,ST,Female-only (including Supernumerary),494,494
Indian Institute of Technology Jodhpur,"Electrical Engineering (4 Years, Bachelor of Technology)",AI,OPEN,Gender-Neutral,6313,7713
Indian Institute of Technology Jodhpur,"Electrical Engineering (4 Years, Bachelor of Technology)",AI,OPEN,Female-only (including Supernumerary),12975,13760
Indian Institute of Technology Jodhpur,"Electrical Engineering (4 Years, Bachelor of Technology)",AI,EWS,Gender-Neutral,1101,1133
Indian Institute of Technology Jodhpur,"Electrical Engineering (4 Years, Bachelor of Technology)",AI,EWS,Female-only (including Supernumerary),2299,2299
Indian Institute of Technology Jodhpur,"Electrical Engineering (4 Years, Bachelor of Technology)",AI,OBC-NCL,Gender-Neutral,2098,2983
Indian Institute of Technology Jodhpur,"Electrical Engineering (4 Years, Bachelor of Technology)",AI,OBC-NCL,Female-only (including Supernumerary),6001,6741
Indian Institute of Technology Jodhpur,"Electrical Engineering (4 Years, Bachelor of Technology)",AI,SC,Gender-Neutral,1457,1778
Indian Institute of Technology Jodhpur,"Electrical Engineering (4 Years, Bachelor of Technology)",AI,SC,Female-only (including Supernumerary),2664,2701
Indian Institute of Technology Jodhpur,"Electrical Engineering (4 Years, Bachelor of Technology)",AI,ST,Gender-Neutral,435,853
Indian Institute of Technology Jodhpur,"Electrical Engineering (4 Years, Bachelor of Technology)",AI,ST,Female-only (including Supernumerary),1131,1131
Indian Institute of Technology Jodhpur,"Electronics Engineering (4 Years, Bachelor of Technology)",AI,OPEN,Gender-Neutral,4893,6110
Indian Institute of Technology Jodhpur,"Electronics Engineering (4 Years, Bachelor of Technology)",AI,OPEN,Female-only (including Supernumerary),10639,12542
Indian Institute of Technology Jodhpur,"Electronics Engineering (4 Years, Bachelor of Technology)",AI,OPEN (PwD),Gender-Neutral,139P,139P
Indian Institute of Technology Jodhpur,"Electronics Engineering (4 Years, Bachelor of Technology)",AI,EWS,Gender-Neutral,903,1052
Indian Institute of Technology Jodhpur,"Electronics Engineering (4 Years, Bachelor of Technology)",AI,EWS,Female-only (including Supernumerary),1785,1785
Indian Institute of Technology Jodhpur,"Electronics Engineering (4 Years, Bachelor of Technology)",AI,OBC-NCL,Gender-Neutral,2185,2770
Indian Institute of Technology Jodhpur,"Electronics Engineering (4 Years, Bachelor of Technology)",AI,OBC-NCL,Female-only (including Supernumerary),5124,6587
Indian Institute of Technology Jodhpur,"Electronics Engineering (4 Years, Bachelor of Technology)",AI,SC,Gender-Neutral,1305,1690
Indian Institute of Technology Jodhpur,"Electronics Engineering (4 Years, Bachelor of Technology)",AI,SC,Female-only (including Supernumerary),2512,2513
Indian Institute of Technology Jodhpur,"Electronics Engineering (4 Years, Bachelor of Technology)",AI,ST,Gender-Neutral,667,849
Indian Institute of Technology Jodhpur,"Electronics Engineering (4 Years, Bachelor of Technology)",AI,ST,Female-only (including Supernumerary),1004,1004
Indian Institute of Technology Jodhpur,"Engineering Chemistry (4 Years, Bachelor of Science)",AI,OPEN,Gender-Neutral,16256,18643
Indian Institute of Technology Jodhpur,"Engineering Chemistry (4 Years, Bachelor of Science)",AI,OPEN,Female-only (including Supernumerary),27894,29443
Indian Institute of Technology Jodhpur,"Engineering Chemistry (4 Years, Bachelor of Science)",AI,EWS,Gender-Neutral,2690,2811
Indian Institute of Technology Jodhpur,"Engineering Chemistry (4 Years, Bachelor of Science)",AI,OBC-NCL,Gender-Neutral,6259,6357
Indian Institute of Technology Jodhpur,"Engineering Chemistry (4 Years, Bachelor of Science)",AI,OBC-NCL,Female-only (including Supernumerary),10768,10768
Indian Institute of Technology Jodhpur,"Engineering Chemistry (4 Years, Bachelor of Science)",AI,SC,Gender-Neutral,3323,3389
Indian Institute of Technology Jodhpur,"Engineering Chemistry (4 Years, Bachelor of Science)",AI,ST,Gender-Neutral,1610,1610
Indian Institute of Technology Jodhpur,"Engineering Physics (4 Years, Bachelor of Science)",AI,OPEN,Gender-Neutral,12158,13969
Indian Institute of Technology Jodhpur,"Engineering Physics (4 Years, Bachelor of Science)",AI,OPEN,Female-only (including Supernumerary),19643,23872
Indian Institute of Technology Jodhpur,"Engineering Physics (4 Years, Bachelor of Science)",AI,EWS,Gender-Neutral,2035,2304
Indian Institute of Technology Jodhpur,"Engineering Physics (4 Years, Bachelor of Science)",AI,OBC-NCL,Gender-Neutral,4462,5465
Indian Institute of Technology Jodhpur,"Engineering Physics (4 Years, Bachelor of Science)",AI,OBC-NCL,Female-only (including Supernumerary),10079,10079
Indian Institute of Technology Jodhpur,"Engineering Physics (4 Years, Bachelor of Science)",AI,SC,Gender-Neutral,2839,2955
Indian Institute of Technology Jodhpur,"Engineering Physics (4 Years, Bachelor of Science)",AI,ST,Gender-Neutral,1454,1454
Indian Institute of Technology Jodhpur,"Materials Engineering (4 Years, Bachelor of Technology)",AI,OPEN,Gender-Neutral,13056,15534
Indian Institute of Technology Jodhpur,"Materials Engineering (4 Years, Bachelor of Technology)",AI,OPEN,Female-only (including Supernumerary),22006,24090
Indian Institute of Technology Jodhpur,"Materials Engineering (4 Years, Bachelor of Technology)",AI,EWS,Gender-Neutral,2203,2338
Indian Institute of Technology Jodhpur,"Materials Engineering (4 Years, Bachelor of Technology)",AI,EWS,Female-only (including Supernumerary),4687,4687
Indian Institute of Technology Jodhpur,"Materials Engineering (4 Years, Bachelor of Technology)",AI,OBC-NCL,Gender-Neutral,5037,5948
Indian Institute of Technology Jodhpur,"Materials Engineering (4 Years, Bachelor of Technology)",AI,OBC-NCL,Female-only (including Supernumerary),9554,10038
Indian Institute of Technology Jodhpur,"Materials Engineering (4 Years, Bachelor of Technology)",AI,SC,Gender-Neutral,3004,3218
Indian Institute of Technology Jodhpur,"Materials Engineering (4 Years, Bachelor of Technology)",AI,SC,Female-only (including Supernumerary),4837,4837
Indian Institute of Technology Jodhpur,"Materials Engineering (4 Years, Bachelor of Technology)",AI,ST,Gender-Neutral,1489,1523
Indian Institute of Technology Jodhpur,"Mathematics and Computing (4 Years, Bachelor of Science)",AI,OPEN,Gender-Neutral,4429,5718
Indian Institute of Technology Jodhpur,"Mathematics and Computing (4 Years, Bachelor of Science)",AI,OPEN,Female-only (including Supernumerary),10268,11456
Indian Institute of Technology Jodhpur,"Mathematics and Computing (4 Years, Bachelor of Science)",AI,EWS,Gender-Neutral,701,804
Indian Institute of Technology Jodhpur,"Mathematics and Computing (4 Years, Bachelor of Science)",AI,OBC-NCL,Gender-Neutral,1962,2303
Indian Institute of Technology Jodhpur,"Mathematics and Computing (4 Years, Bachelor of Science)",AI,OBC-NCL,Female-only (including Supernumerary),5152,5271
Indian Institute of Technology Jodhpur,"Mathematics and Computing (4 Years, Bachelor of Science)",AI,SC,Gender-Neutral,1284,1591
Indian Institute of Technology Jodhpur,"Mathematics and Computing (4 Years, Bachelor of Science)",AI,SC,Female-only (including Supernumerary),2410,2410
Indian Institute of Technology Jodhpur,"Mathematics and Computing (4 Years, Bachelor of Science)",AI,ST,Gender-Neutral,755,769
Indian Institute of Technology Jodhpur,"Mechanical Engineering (4 Years, Bachelor of Technology)",AI,OPEN,Gender-Neutral,8225,10844
Indian Institute of Technology Jodhpur,"Mechanical Engineering (4 Years, Bachelor of Technology)",AI,OPEN,Female-only (including Supernumerary),16624,20455
Indian Institute of Technology Jodhpur,"Mechanical Engineering (4 Years, Bachelor of Technology)",AI,EWS,Gender-Neutral,1559,1774
Indian Institute of Technology Jodhpur,"Mechanical Engineering (4 Years, Bachelor of Technology)",AI,EWS,Female-only (including Supernumerary),3090,3249
Indian Institute of Technology Jodhpur,"Mechanical Engineering (4 Years, Bachelor of Technology)",AI,OBC-NCL,Gender-Neutral,3138,4279
Indian Institute of Technology Jodhpur,"Mechanical Engineering (4 Years, Bachelor of Technology)",AI,OBC-NCL,Female-only (including Supernumerary),7407,8457
Indian Institute of Technology Jodhpur,"Mechanical Engineering (4 Years, Bachelor of Technology)",AI,SC,Gender-Neutral,1830,2342
Indian Institute of Technology Jodhpur,"Mechanical Engineering (4 Years, Bachelor of Technology)",AI,SC,Female-only (including Supernumerary),3914,4191
Indian Institute of Technology Jodhpur,"Mechanical Engineering (4 Years, Bachelor of Technology)",AI,ST,Gender-Neutral,1046,1141
Indian Institute of Technology Jodhpur,"Mechanical Engineering (4 Years, Bachelor of Technology)",AI,ST,Female-only (including Supernumerary),1324,1728
Indian Institute of Technology Kanpur,"Aerospace Engineering (4 Years, Bachelor of Technology)",AI,OPEN,Gender-Neutral,2070,4015
Indian Institute of Technology Kanpur,"Aerospace Engineering (4 Years, Bachelor of Technology)",AI,OPEN,Female-only (including Supernumerary),7673,9329
Indian Institute of Technology Kanpur,"Aerospace Engineering (4 Years, Bachelor of Technology)",AI,OPEN (PwD),Gender-Neutral,310,310
Indian Institute of Technology Kanpur,"Aerospace Engineering (4 Years, Bachelor of Technology)",AI,EWS,Gender-Neutral,806,855
Indian Institute of Technology Kanpur,"Aerospace Engineering (4 Years, Bachelor of Technology)",AI,EWS,Female-only (including Supernumerary),1863,1863
Indian Institute of Technology Kanpur,"Aerospace Engineering (4 Years, Bachelor of Technology)",AI,OBC-NCL,Gender-Neutral,1723,2121
Indian Institute of Technology Kanpur,"Aerospace Engineering (4 Years, Bachelor of Technology)",AI,OBC-NCL,Female-only (including Supernumerary),3935,4904
Indian Institute of Technology Kanpur,"Aerospace Engineering (4 Years, Bachelor of Technology)",AI,OBC-NCL (PwD),Gender-Neutral,106P,106P
Indian Institute of Technology Kanpur,"Aerospace Engineering (4 Years, Bachelor of Technology)",AI,SC,Gender-Neutral,1058,1265
Indian Institute of Technology Kanpur,"Aerospace Engineering (4 Years, Bachelor of Technology)",AI,SC,Female-only (including Supernumerary),2116,2233
Indian Institute of Technology Kanpur,"Aerospace Engineering (4 Years, Bachelor of Technology)",AI,ST,Gender-Neutral,463,610
Indian Institute of Technology Kanpur,"Aerospace Engineering (4 Years, Bachelor of Technology)",AI,ST,Female-only (including Supernumerary),1198,1198
Indian Institute of Technology Kanpur,"Biological Sciences and Bioengineering (4 Years, Bachelor of Technology)",AI,OPEN,Gender-Neutral,4978,7837
Indian Institute of Technology Kanpur,"Biological Sciences and Bioengineering (4 Years, Bachelor of Technology)",AI,OPEN,Female-only (including Supernumerary),12476,13834
Indian Institute of Technology Kanpur,"Biological Sciences and Bioengineering (4 Years, Bachelor of Technology)",AI,EWS,Gender-Neutral,1222,1285
Indian Institute of Technology Kanpur,"Biological Sciences and Bioengineering (4 Years, Bachelor of Technology)",AI,EWS,Female-only (including Supernumerary),3285,3285
Indian Institute of Technology Kanpur,"Biological Sciences and Bioengineering (4 Years, Bachelor of Technology)",AI,OBC-NCL,Gender-Neutral,3222,3688
Indian Institute of Technology Kanpur,"Biological Sciences and Bioengineering (4 Years, Bachelor of Technology)",AI,OBC-NCL,Female-only (including Supernumerary),7206,7338
Indian Institute of Technology Kanpur,"Biological Sciences and Bioengineering (4 Years, Bachelor of Technology)",AI,SC,Gender-Neutral,2065,2248
Indian Institute of Technology Kanpur,"Biological Sciences and Bioengineering (4 Years, Bachelor of Technology)",AI,SC,Female-only (including Supernumerary),3747,3880
Indian Institute of Technology Kanpur,"Biological Sciences and Bioengineering (4 Years, Bachelor of Technology)",AI,ST,Gender-Neutral,1067,1123
Indian Institute of Technology Kanpur,"Biological Sciences and Bioengineering (4 Years, Bachelor of Technology)",AI,ST,Female-only (including Supernumerary),1519,1519
Indian Institute of Technology Kanpur,"Chemical Engineering (4 Years, Bachelor of Technology)",AI,OPEN,Gender-Neutral,3059,4436
Indian Institute of Technology Kanpur,"Chemical Engineering (4 Years, Bachelor of Technology)",AI,OPEN,Female-only (including Supernumerary),6718,9970
Indian Institute of Technology Kanpur,"Chemical Engineering (4 Years, Bachelor of Technology)",AI,OPEN (PwD),Gender-Neutral,229P,327P
Indian Institute of Technology Kanpur,"Chemical Engineering (4 Years, Bachelor of Technology)",AI,EWS,Gender-Neutral,622,836
Indian Institute of Technology Kanpur,"Chemical Engineering (4 Years, Bachelor of Technology)",AI,EWS,Female-only (including Supernumerary),1887,1892
Indian Institute of Technology Kanpur,"Chemical Engineering (4 Years, Bachelor of Technology)",AI,OBC-NCL,Gender-Neutral,1609,2148
Indian Institute of Technology Kanpur,"Chemical Engineering (4 Years, Bachelor of Technology)",AI,OBC-NCL,Female-only (including Supernumerary),3435,4824
Indian Institute of Technology Kanpur,"Chemical Engineering (4 Years, Bachelor of Technology)",AI,SC,Gender-Neutral,934,1341
Indian Institute of Technology Kanpur,"Chemical Engineering (4 Years, Bachelor of Technology)",AI,SC,Female-only (including Supernumerary),2441,2500
Indian Institute of Technology Kanpur,"Chemical Engineering (4 Years, Bachelor of Technology)",AI,ST,Gender-Neutral,655,798
Indian Institute of Technology Kanpur,"Chemical Engineering (4 Years, Bachelor of Technology)",AI,ST,Female-only (including Supernumerary),1181,1231
Indian Institute of Technology Kanpur,"Chemistry (4 Years, Bachelor of Science)",AI,OPEN,Gender-Neutral,8556,11668
Indian Institute of Technology Kanpur,"Chemistry (4 Years, Bachelor of Science)",AI,OPEN,Female-only (including Supernumerary),16171,18289
Indian Institute of Technology Kanpur,"Chemistry (4 Years, Bachelor of Science)",AI,EWS,Gender-Neutral,1815,2023
Indian Institute of Technology Kanpur,"Chemistry (4 Years, Bachelor of Science)",AI,EWS,Female-only (including Supernumerary),3769,3769
Indian Institute of Technology Kanpur,"Chemistry (4 Years, Bachelor of Science)",AI,OBC-NCL,Gender-Neutral,4371,4997
Indian Institute of Technology Kanpur,"Chemistry (4 Years, Bachelor of Science)",AI,OBC-NCL,Female-only (including Supernumerary),8327,9266
Indian Institute of Technology Kanpur,"Chemistry (4 Years, Bachelor of Science)",AI,SC,Gender-Neutral,2427,2885
Indian Institute of Technology Kanpur,"Chemistry (4 Years, Bachelor of Science)",AI,SC,Female-only (including Supernumerary),4047,4418
Indian Institute of Technology Kanpur,"Chemistry (4 Years, Bachelor of Science)",AI,ST,Gender-Neutral,1435,1547
Indian Institute of Technology Kanpur,"Chemistry (4 Years, Bachelor of Science)",AI,ST,Female-only (including Supernumerary),2077,2077
Indian Institute of Technology Kanpur,"Civil Engineering (4 Years, Bachelor of Technology)",AI,OPEN,Gender-Neutral,5010,7177
Indian Institute of Technology Kanpur,"Civil Engineering (4 Years, Bachelor of Technology)",AI,OPEN,Female-only (including Supernumerary),11924,14786
Indian Institute of Technology Kanpur,"Civil Engineering (4 Years, Bachelor of Technology)",AI,OPEN (PwD),Gender-Neutral,255,132P
Indian Institute of Technology Kanpur,"Civil Engineering (4 Years, Bachelor of Technology)",AI,OPEN (PwD),Female-only (including Supernumerary),488P,488P
Indian Institute of Technology Kanpur,"Civil Engineering (4 Years, Bachelor of Technology)",AI,EWS,Gender-Neutral,870,1148
Indian Institute of Technology Kanpur,"Civil Engineering (4 Years, Bachelor of Technology)",AI,EWS,Female-only (including Supernumerary),2396,2687
Indian Institute of Technology Kanpur,"Civil Engineering (4 Years, Bachelor of Technology)",AI,EWS (PwD),Gender-Neutral,80P,80P
Indian Institute of Technology Kanpur,"Civil Engineering (4 Years, Bachelor of Technology)",AI,OBC-NCL,Gender-Neutral,2488,3058
Indian Institute of Technology Kanpur,"Civil Engineering (4 Years, Bachelor of Technology)",AI,OBC-NCL,Female-only (including Supernumerary),5415,7175
Indian Institute of Technology Kanpur,"Civil Engineering (4 Years, Bachelor of Technology)",AI,SC,Gender-Neutral,1185,1744
Indian Institute of Technology Kanpur,"Civil Engineering (4 Years, Bachelor of Technology)",AI,SC,Female-only (including Supernumerary),2538,3122
Indian Institute of Technology Kanpur,"Civil Engineering (4 Years, Bachelor of Technology)",AI,ST,Gender-Neutral,338,628
Indian Institute of Technology Kanpur,"Civil Engineering (4 Years, Bachelor of Technology)",AI,ST,Female-only (including Supernumerary),723,734
Indian Institute of Technology Kanpur,"Computer Science and Engineering (4 Years, Bachelor of Technology)",AI,OPEN,Gender-Neutral,32,283
Indian Institute of Technology Kanpur,"Computer Science and Engineering (4 Years, Bachelor of Technology)",AI,OPEN,Female-only (including Supernumerary),755,1223
Indian Institute of Technology Kanpur,"Computer Science and Engineering (4 Years, Bachelor of Technology)",AI,OPEN (PwD),Gender-Neutral,14,18
Indian Institute of Technology Kanpur,"Computer Science and Engineering (4 Years, Bachelor of Technology)",AI,OPEN (PwD),Female-only (including Supernumerary),58,58
Indian Institute of Technology Kanpur,"Computer Science and Engineering (4 Years, Bachelor of Technology)",AI,EWS,Gender-Neutral,32,48
Indian Institute of Technology Kanpur,"Computer Science and Engineering (4 Years, Bachelor of Technology)",AI,EWS,Female-only (including Supernumerary),157,176
Indian Institute of Technology Kanpur,"Computer Science and Engineering (4 Years, Bachelor of Technology)",AI,EWS (PwD),Gender-Neutral,3,3
Indian Institute of Technology Kanpur,"Computer Science and Engineering (4 Years, Bachelor of Technology)",AI,OBC-NCL,Gender-Neutral,97,158
Indian Institute of Technology Kanpur,"Computer Science and Engineering (4 Years, Bachelor of Technology)",AI,OBC-NCL,Female-only (including Supernumerary),479,666
Indian Institute of Technology Kanpur,"Computer Science and Engineering (4 Years, Bachelor of Technology)",AI,OBC-NCL (PwD),Gender-Neutral,9,9
Indian Institute of Technology Kanpur,"Computer Science and Engineering (4 Years, Bachelor of Technology)",AI,SC,Gender-Neutral,36,88
Indian Institute of Technology Kanpur,"Computer Science and Engineering (4 Years, Bachelor of Technology)",AI,SC,Female-only (including Supernumerary),301,410
Indian Institute of Technology Kanpur,"Computer Science and Engineering (4 Years, Bachelor of Technology)",AI,SC (PwD),Gender-Neutral,6,6
Indian Institute of Technology Kanpur,"Computer Science and Engineering (4 Years, Bachelor of Technology)",AI,ST,Gender-Neutral,30,43
Indian Institute of Technology Kanpur,"Computer Science and Engineering (4 Years, Bachelor of Technology)",AI,ST,Female-only (including Supernumerary),61,62
Indian Institute of Technology Kanpur,"Computer Science and Engineering (4 Years, Bachelor of Technology)",AI,ST (PwD),Gender-Neutral,4,4
Indian Institute of Technology Kanpur,"Earth Sciences (4 Years, Bachelor of Science)",AI,OPEN,Gender-Neutral,8204,10774
Indian Institute of Technology Kanpur,"Earth Sciences (4 Years, Bachelor of Science)",AI,OPEN,Female-only (including Supernumerary),18538,21312
Indian Institute of Technology Kanpur,"Earth Sciences (4 Years, Bachelor of Science)",AI,OPEN (PwD),Gender-Neutral,515P,515P
Indian Institute of Technology Kanpur,"Earth Sciences (4 Years, Bachelor of Science)",AI,EWS,Gender-Neutral,1645,1698
Indian Institute of Technology Kanpur,"Earth Sciences (4 Years, Bachelor of Science)",AI,EWS,Female-only (including Supernumerary),3272,3272
Indian Institute of Technology Kanpur,"Earth Sciences (4 Years, Bachelor of Science)",AI,OBC-NCL,Gender-Neutral,3877,4992
Indian Institute of Technology Kanpur,"Earth Sciences (4 Years, Bachelor of Science)",AI,OBC-NCL,Female-only (including Supernumerary),8396,9100
Indian Institute of Technology Kanpur,"Earth Sciences (4 Years, Bachelor of Science)",AI,SC,Gender-Neutral,2493,2903
Indian Institute of Technology Kanpur,"Earth Sciences (4 Years, Bachelor of Science)",AI,SC,Female-only (including Supernumerary),4577,4577
Indian Institute of Technology Kanpur,"Earth Sciences (4 Years, Bachelor of Science)",AI,ST,Gender-Neutral,1473,1481
Indian Institute of Technology Kanpur,"Earth Sciences (4 Years, Bachelor of Science)",AI,ST,Female-only (including Supernumerary),1877,1877
Indian Institute of Technology Kanpur,"Economics (4 Years, Bachelor of Science)",AI,OPEN,Gender-Neutral,2549,3650
Indian Institute of Technology Kanpur,"Economics (4 Years, Bachelor of Science)",AI,OPEN,Female-only (including Supernumerary),6998,7659
Indian Institute of Technology Kanpur,"Economics (4 Years, Bachelor of Science)",AI,OPEN (PwD),Gender-Neutral,149,149
Indian Institute of Technology Kanpur,"Economics (4 Years, Bachelor of Science)",AI,EWS,Gender-Neutral,581,650
Indian Institute of Technology Kanpur,"Economics (4 Years, Bachelor of Science)",AI,EWS,Female-only (including Supernumerary),1656,1656
Indian Institute of Technology Kanpur,"Economics (4 Years, Bachelor of Science)",AI,OBC-NCL,Gender-Neutral,1499,2438
Indian Institute of Technology Kanpur,"Economics (4 Years, Bachelor of Science)",AI,OBC-NCL,Female-only (including Supernumerary),4980,5416
Indian Institute of Technology Kanpur,"Economics (4 Years, Bachelor of Science)",AI,SC,Gender-Neutral,769,1614
Indian Institute of Technology Kanpur,"Economics (4 Years, Bachelor of Science)",AI,SC,Female-only (including Supernumerary),2586,2878
Indian Institute of Technology Kanpur,"Economics (4 Years, Bachelor of Science)",AI,ST,Gender-Neutral,659,965
Indian Institute of Technology Kanpur,"Economics (4 Years, Bachelor of Science)",AI,ST,Female-only (including Supernumerary),1134,1134
Indian Institute of Technology Kanpur,"Electrical Engineering (4 Years, Bachelor of Technology)",AI,OPEN,Gender-Neutral,616,1171
Indian Institute of Technology Kanpur,"Electrical Engineering (4 Years, Bachelor of Technology)",AI,OPEN,Female-only (including Supernumerary),2281,3452
Indian Institute of Technology Kanpur,"Electrical Engineering (4 Years, Bachelor of Technology)",AI,OPEN (PwD),Gender-Neutral,78,105
Indian Institute of Technology Kanpur,"Electrical Engineering (4 Years, Bachelor of Technology)",AI,OPEN (PwD),Female-only (including Supernumerary),245,245
Indian Institute of Technology Kanpur,"Electrical Engineering (4 Years, Bachelor of Technology)",AI,EWS,Gender-Neutral,179,239
Indian Institute of Technology Kanpur,"Electrical Engineering (4 Years, Bachelor of Technology)",AI,EWS,Female-only (including Supernumerary),837,969
Indian Institute of Technology Kanpur,"Electrical Engineering (4 Years, Bachelor of Technology)",AI,EWS (PwD),Gender-Neutral,28,28
Indian Institute of Technology Kanpur,"Electrical Engineering (4 Years, Bachelor of Technology)",AI,OBC-NCL,Gender-Neutral,431,693
Indian Institute of Technology Kanpur,"Electrical Engineering (4 Years, Bachelor of Technology)",AI,OBC-NCL,Female-only (including Supernumerary),1411,2153
Indian Institute of Technology Kanpur,"Electrical Engineering (4 Years, Bachelor of Technology)",AI,OBC-NCL (PwD),Gender-Neutral,55,71
Indian Institute of Technology Kanpur,"Electrical Engineering (4 Years, Bachelor of Technology)",AI,OBC-NCL (PwD),Female-only (including Supernumerary),118,118
Indian Institute of Technology Kanpur,"Electrical Engineering (4 Years, Bachelor of Technology)",AI,SC,Gender-Neutral,186,427
Indian Institute of Technology Kanpur,"Electrical Engineering (4 Years, Bachelor of Technology)",AI,SC,Female-only (including Supernumerary),903,1095
Indian Institute of Technology Kanpur,"Electrical Engineering (4 Years, Bachelor of Technology)",AI,SC (PwD),Gender-Neutral,5,5
Indian Institute of Technology Kanpur,"Electrical Engineering (4 Years, Bachelor of Technology)",AI,ST,Gender-Neutral,146,199
Indian Institute of Technology Kanpur,"Electrical Engineering (4 Years, Bachelor of Technology)",AI,ST,Female-only (including Supernumerary),304,368
Indian Institute of Technology Kanpur,"Intelligent Systems (4 Years, Bachelor of Technology)",AI,OPEN,Gender-Neutral,862,1134
Indian Institute of Technology Kanpur,"Intelligent Systems (4 Years, Bachelor of Technology)",AI,OPEN,Female-only (including Supernumerary),3026,3082
Indian Institute of Technology Kanpur,"Intelligent Systems (4 Years, Bachelor of Technology)",AI,OPEN (PwD),Gender-Neutral,60,60
Indian Institute of Technology Kanpur,"Intelligent Systems (4 Years, Bachelor of Technology)",AI,EWS,Gender-Neutral,183,193
Indian Institute of Technology Kanpur,"Intelligent Systems (4 Years, Bachelor of Technology)",AI,EWS,Female-only (including Supernumerary),938,938
Indian Institute of Technology Kanpur,"Intelligent Systems (4 Years, Bachelor of Technology)",AI,OBC-NCL,Gender-Neutral,576,674
Indian Institute of Technology Kanpur,"Intelligent Systems (4 Years, Bachelor of Technology)",AI,OBC-NCL,Female-only (including Supernumerary),1340,1655
Indian Institute of Technology Kanpur,"Intelligent Systems (4 Years, Bachelor of Technology)",AI,SC,Gender-Neutral,202,513
Indian Institute of Technology Kanpur,"Intelligent Systems (4 Years, Bachelor of Technology)",AI,SC,Female-only (including Supernumerary),1386,1386
Indian Institute of Technology Kanpur,"Intelligent Systems (4 Years, Bachelor of Technology)",AI,ST,Gender-Neutral,267,275
Indian Institute of Technology Kanpur,"Materials Science and Engineering (4 Years, Bachelor of Technology)",AI,OPEN,Gender-Neutral,4812,6533
Indian Institute of Technology Kanpur,"Materials Science and Engineering (4 Years, Bachelor of Technology)",AI,OPEN,Female-only (including Supernumerary),10352,12216
Indian Institute of Technology Kanpur,"Materials Science and Engineering (4 Years, Bachelor of Technology)",AI,OPEN (PwD),Gender-Neutral,292P,292P
Indian Institute of Technology Kanpur,"Materials Science and Engineering (4 Years, Bachelor of Technology)",AI,EWS,Gender-Neutral,947,1199
Indian Institute of Technology Kanpur,"Materials Science and Engineering (4 Years, Bachelor of Technology)",AI,EWS,Female-only (including Supernumerary),2679,2700
Indian Institute of Technology Kanpur,"Materials Science and Engineering (4 Years, Bachelor of Technology)",AI,OBC-NCL,Gender-Neutral,2726,3149
Indian Institute of Technology Kanpur,"Materials Science and Engineering (4 Years, Bachelor of Technology)",AI,OBC-NCL,Female-only (including Supernumerary),6164,7195
Indian Institute of Technology Kanpur,"Materials Science and Engineering (4 Years, Bachelor of Technology)",AI,SC,Gender-Neutral,1669,1881
Indian Institute of Technology Kanpur,"Materials Science and Engineering (4 Years, Bachelor of Technology)",AI,SC,Female-only (including Supernumerary),3376,3559
Indian Institute of Technology Kanpur,"Materials Science and Engineering (4 Years, Bachelor of Technology)",AI,ST,Gender-Neutral,951,1197
Indian Institute of Technology Kanpur,"Materials Science and Engineering (4 Years, Bachelor of Technology)",AI,ST,Female-only (including Supernumerary),1497,1497
Indian Institute of Technology Kanpur,"Mathematics and Scientific Computing (4 Years, Bachelor of Science)",AI,OPEN,Gender-Neutral,246,1270
Indian Institute of Technology Kanpur,"Mathematics and Scientific Computing (4 Years, Bachelor of Science)",AI,OPEN,Female-only (including Supernumerary),3979,4434
Indian Institute of Technology Kanpur,"Mathematics and Scientific Computing (4 Years, Bachelor of Science)",AI,OPEN (PwD),Gender-Neutral,138,138
Indian Institute of Technology Kanpur,"Mathematics and Scientific Computing (4 Years, Bachelor of Science)",AI,EWS,Gender-Neutral,155,205
Indian Institute of Technology Kanpur,"Mathematics and Scientific Computing (4 Years, Bachelor of Science)",AI,EWS,Female-only (including Supernumerary),761,761
Indian Institute of Technology Kanpur,"Mathematics and Scientific Computing (4 Years, Bachelor of Science)",AI,OBC-NCL,Gender-Neutral,250,707
Indian Institute of Technology Kanpur,"Mathematics and Scientific Computing (4 Years, Bachelor of Science)",AI,OBC-NCL,Female-only (including Supernumerary),1951,2474
Indian Institute of Technology Kanpur,"Mathematics and Scientific Computing (4 Years, Bachelor of Science)",AI,OBC-NCL (PwD),Gender-Neutral,72,72
Indian Institute of Technology Kanpur,"Mathematics and Scientific Computing (4 Years, Bachelor of Science)",AI,SC,Gender-Neutral,216,487
Indian Institute of Technology Kanpur,"Mathematics and Scientific Computing (4 Years, Bachelor of Science)",AI,SC,Female-only (including Supernumerary),1024,1251
Indian Institute of Technology Kanpur,"Mathematics and Scientific Computing (4 Years, Bachelor of Science)",AI,ST,Gender-Neutral,147,319
Indian Institute of Technology Kanpur,"Mathematics and Scientific Computing (4 Years, Bachelor of Science)",AI,ST,Female-only (including Supernumerary),332,332
Indian Institute of Technology Kanpur,"Mechanical Engineering (4 Years, Bachelor of Technology)",AI,OPEN,Gender-Neutral,2320,3178
Indian Institute of Technology Kanpur,"Mechanical Engineering (4 Years, Bachelor of Technology)",AI,OPEN,Female-only (including Supernumerary),7570,8968
Indian Institute of Technology Kanpur,"Mechanical Engineering (4 Years, Bachelor of Technology)",AI,OPEN (PwD),Gender-Neutral,144,238
Indian Institute of Technology Kanpur,"Mechanical Engineering (4 Years, Bachelor of Technology)",AI,EWS,Gender-Neutral,505,584
Indian Institute of Technology Kanpur,"Mechanical Engineering (4 Years, Bachelor of Technology)",AI,EWS,Female-only (including Supernumerary),1533,1573
Indian Institute of Technology Kanpur,"Mechanical Engineering (4 Years, Bachelor of Technology)",AI,EWS (PwD),Gender-Neutral,40P,40P
Indian Institute of Technology Kanpur,"Mechanical Engineering (4 Years, Bachelor of Technology)",AI,OBC-NCL,Gender-Neutral,972,1578
Indian Institute of Technology Kanpur,"Mechanical Engineering (4 Years, Bachelor of Technology)",AI,OBC-NCL,Female-only (including Supernumerary),3339,4297
Indian Institute of Technology Kanpur,"Mechanical Engineering (4 Years, Bachelor of Technology)",AI,OBC-NCL (PwD),Gender-Neutral,109,166P
Indian Institute of Technology Kanpur,"Mechanical Engineering (4 Years, Bachelor of Technology)",AI,SC,Gender-Neutral,614,924
Indian Institute of Technology Kanpur,"Mechanical Engineering (4 Years, Bachelor of Technology)",AI,SC,Female-only (including Supernumerary),1585,2199
Indian Institute of Technology Kanpur,"Mechanical Engineering (4 Years, Bachelor of Technology)",AI,ST,Gender-Neutral,410,504
Indian Institute of Technology Kanpur,"Mechanical Engineering (4 Years, Bachelor of Technology)",AI,ST,Female-only (including Supernumerary),753,1044
Indian Institute of Technology Kanpur,"Physics (4 Years, Bachelor of Science)",AI,OPEN,Gender-Neutral,2412,5723
Indian Institute of Technology Kanpur,"Physics (4 Years, Bachelor of Science)",AI,OPEN,Female-only (including Supernumerary),11855,13641
Indian Institute of Technology Kanpur,"Physics (4 Years, Bachelor of Science)",AI,EWS,Gender-Neutral,1303,1517
Indian Institute of Technology Kanpur,"Physics (4 Years, Bachelor of Science)",AI,EWS,Female-only (including Supernumerary),3324,3324
Indian Institute of Technology Kanpur,"Physics (4 Years, Bachelor of Science)",AI,OBC-NCL,Gender-Neutral,2805,4365
Indian Institute of Technology Kanpur,"Physics (4 Years, Bachelor of Science)",AI,OBC-NCL,Female-only (including Supernumerary),6616,8990
Indian Institute of Technology Kanpur,"Physics (4 Years, Bachelor of Science)",AI,SC,Gender-Neutral,1452,2448
Indian Institute of Technology Kanpur,"Physics (4 Years, Bachelor of Science)",AI,SC,Female-only (including Supernumerary),3103,3103
Indian Institute of Technology Kanpur,"Physics (4 Years, Bachelor of Science)",AI,ST,Gender-Neutral,1200,1351
Indian Institute of Technology Kanpur,"Physics (4 Years, Bachelor of Science)",AI,ST,Female-only (including Supernumerary),2106,2106
Indian Institute of Technology Kanpur,"Statistics and Data Science (4 Years, Bachelor of Science)",AI,OPEN,Gender-Neutral,596,1409
Indian Institute of Technology Kanpur,"Statistics and Data Science (4 Years, Bachelor of Science)",AI,OPEN,Female-only (including Supernumerary),3188,3461
Indian Institute of Technology Kanpur,"Statistics and Data Science (4 Years, Bachelor of Science)",AI,EWS,Gender-Neutral,200,207
Indian Institute of Technology Kanpur,"Statistics and Data Science (4 Years, Bachelor of Science)",AI,EWS,Female-only (including Supernumerary),957,957
Indian Institute of Technology Kanpur,"Statistics and Data Science (4 Years, Bachelor of Science)",AI,OBC-NCL,Gender-Neutral,656,823
Indian Institute of Technology Kanpur,"Statistics and Data Science (4 Years, Bachelor of Science)",AI,OBC-NCL,Female-only (including Supernumerary),2077,2376
Indian Institute of Technology Kanpur,"Statistics and Data Science (4 Years, Bachelor of Science)",AI,SC,Gender-Neutral,518,569
Indian Institute of Technology Kanpur,"Statistics and Data Science (4 Years, Bachelor of Science)",AI,SC,Female-only (including Supernumerary),930,930
Indian Institute of Technology Kanpur,"Statistics and Data Science (4 Years, Bachelor of Science)",AI,ST,Gender-Neutral,251,252
Indian Institute of Technology Madras,"Aerospace Engineering (4 Years, Bachelor of Technology)",AI,OPEN,Gender-Neutral,1093,3278
Indian Institute of Technology Madras,"Aerospace Engineering (4 Years, Bachelor of Technology)",AI,OPEN,Female-only (including Supernumerary),6192,7578
Indian Institute of Technology Madras,"Aerospace Engineering (4 Years, Bachelor of Technology)",AI,OPEN (PwD),Gender-Neutral,194,194
Indian Institute of Technology Madras,"Aerospace Engineering (4 Years, Bachelor of Technology)",AI,EWS,Gender-Neutral,630,835
Indian Institute of Technology Madras,"Aerospace Engineering (4 Years, Bachelor of Technology)",AI,EWS,Female-only (including Supernumerary),1184,1184
Indian Institute of Technology Madras,"Aerospace Engineering (4 Years, Bachelor of Technology)",AI,OBC-NCL,Gender-Neutral,816,1868
Indian Institute of Technology Madras,"Aerospace Engineering (4 Years, Bachelor of Technology)",AI,OBC-NCL,Female-only (including Supernumerary),2583,3378
Indian Institute of Technology Madras,"Aerospace Engineering (4 Years, Bachelor of Technology)",AI,OBC-NCL (PwD),Gender-Neutral,6P,6P
Indian Institute of Technology Madras,"Aerospace Engineering (4 Years, Bachelor of Technology)",AI,SC,Gender-Neutral,544,1034
Indian Institute of Technology Madras,"Aerospace Engineering (4 Years, Bachelor of Technology)",AI,SC,Female-only (including Supernumerary),1405,1641
Indian Institute of Technology Madras,"Aerospace Engineering (4 Years, Bachelor of Technology)",AI,ST,Gender-Neutral,386,481
Indian Institute of Technology Madras,"Aerospace Engineering (4 Years, Bachelor of Technology)",AI,ST,Female-only (including Supernumerary),520,520
Indian Institute of Technology Madras,"Aerospace Engineering (5 Years, Bachelor and Master of Technology (Dual Degree))",AI,OPEN,Gender-Neutral,3175,3389
Indian Institute of Technology Madras,"Aerospace Engineering (5 Years, Bachelor and Master of Technology (Dual Degree))",AI,OPEN,Female-only (including Supernumerary),7868,7868
Indian Institute of Technology Madras,"Aerospace Engineering (5 Years, Bachelor and Master of Technology (Dual Degree))",AI,EWS,Gender-Neutral,859,859
Indian Institute of Technology Madras,"Aerospace Engineering (5 Years, Bachelor and Master of Technology (Dual Degree))",AI,OBC-NCL,Gender-Neutral,1032,1456
Indian Institute of Technology Madras,"Aerospace Engineering (5 Years, Bachelor and Master of Technology (Dual Degree))",AI,OBC-NCL,Female-only (including Supernumerary),4706,4706
Indian Institute of Technology Madras,"Aerospace Engineering (5 Years, Bachelor and Master of Technology (Dual Degree))",AI,SC,Gender-Neutral,1129,1129
Indian Institute of Technology Madras,"Aerospace Engineering (5 Years, Bachelor and Master of Technology (Dual Degree))",AI,ST,Gender-Neutral,507,507
Indian Institute of Technology Madras,"Artificial Intelligence and Data Analytics (4 Years, Bachelor of Technology)",AI,OPEN,Gender-Neutral,91,226
Indian Institute of Technology Madras,"Artificial Intelligence and Data Analytics (4 Years, Bachelor of Technology)",AI,OPEN,Female-only (including Supernumerary),1081,1119
Indian Institute of Technology Madras,"Artificial Intelligence and Data Analytics (4 Years, Bachelor of Technology)",AI,OPEN (PwD),Gender-Neutral,17,17
Indian Institute of Technology Madras,"Artificial Intelligence and Data Analytics (4 Years, Bachelor of Technology)",AI,EWS,Gender-Neutral,37,65
Indian Institute of Technology Madras,"Artificial Intelligence and Data Analytics (4 Years, Bachelor of Technology)",AI,EWS,Female-only (including Supernumerary),115,115
Indian Institute of Technology Madras,"Artificial Intelligence and Data Analytics (4 Years, Bachelor of Technology)",AI,OBC-NCL,Gender-Neutral,100,161
Indian Institute of Technology Madras,"Artificial Intelligence and Data Analytics (4 Years, Bachelor of Technology)",AI,OBC-NCL,Female-only (including Supernumerary),401,474
Indian Institute of Technology Madras,"Artificial Intelligence and Data Analytics (4 Years, Bachelor of Technology)",AI,OBC-NCL (PwD),Gender-Neutral,17,17
Indian Institute of Technology Madras,"Artificial Intelligence and Data Analytics (4 Years, Bachelor of Technology)",AI,SC,Gender-Neutral,32,163
Indian Institute of Technology Madras,"Artificial Intelligence and Data Analytics (4 Years, Bachelor of Technology)",AI,SC,Female-only (including Supernumerary),299,334
Indian Institute of Technology Madras,"Artificial Intelligence and Data Analytics (4 Years, Bachelor of Technology)",AI,ST,Gender-Neutral,10,60
Indian Institute of Technology Madras,"Artificial Intelligence and Data Analytics (4 Years, Bachelor of Technology)",AI,ST (PwD),Female-only (including Supernumerary),2,2
Indian Institute of Technology Madras,"Biological Engineering (4 Years, Bachelor of Technology)",AI,OPEN,Gender-Neutral,4271,6440
Indian Institute of Technology Madras,"Biological Engineering (4 Years, Bachelor of Technology)",AI,OPEN,Female-only (including Supernumerary),1420,9103
Indian Institute of Technology Madras,"Biological Engineering (4 Years, Bachelor of Technology)",AI,OPEN (PwD),Gender-Neutral,191P,191P
Indian Institute of Technology Madras,"Biological Engineering (4 Years, Bachelor of Technology)",AI,EWS,Gender-Neutral,1281,1355
Indian Institute of Technology Madras,"Biological Engineering (4 Years, Bachelor of Technology)",AI,EWS,Female-only (including Supernumerary),2520,2520
Indian Institute of Technology Madras,"Biological Engineering (4 Years, Bachelor of Technology)",AI,OBC-NCL,Gender-Neutral,2032,3111
Indian Institute of Technology Madras,"Biological Engineering (4 Years, Bachelor of Technology)",AI,OBC-NCL,Female-only (including Supernumerary),4769,5907
Indian Institute of Technology Madras,"Biological Engineering (4 Years, Bachelor of Technology)",AI,SC,Gender-Neutral,469,2141
Indian Institute of Technology Madras,"Biological Engineering (4 Years, Bachelor of Technology)",AI,SC,Female-only (including Supernumerary),2365,2365
Indian Institute of Technology Madras,"Biological Engineering (4 Years, Bachelor of Technology)",AI,ST,Gender-Neutral,914,1010
Indian Institute of Technology Madras,"Biological Science (4 Years, Bachelor of Science)",AI,OPEN,Gender-Neutral,6602,12204
Indian Institute of Technology Madras,"Biological Science (4 Years, Bachelor of Science)",AI,OPEN,Female-only (including Supernumerary),15819,18453
Indian Institute of Technology Madras,"Biological Science (4 Years, Bachelor of Science)",AI,OPEN (PwD),Gender-Neutral,531P,531P
Indian Institute of Technology Madras,"Biological Science (4 Years, Bachelor of Science)",AI,EWS,Gender-Neutral,1707,2010
Indian Institute of Technology Madras,"Biological Science (4 Years, Bachelor of Science)",AI,EWS,Female-only (including Supernumerary),3219,3219
Indian Institute of Technology Madras,"Biological Science (4 Years, Bachelor of Science)",AI,OBC-NCL,Gender-Neutral,4328,4969
Indian Institute of Technology Madras,"Biological Science (4 Years, Bachelor of Science)",AI,OBC-NCL,Female-only (including Supernumerary),7410,7410
Indian Institute of Technology Madras,"Biological Science (4 Years, Bachelor of Science)",AI,SC,Gender-Neutral,1721,2665
Indian Institute of Technology Madras,"Biological Science (4 Years, Bachelor of Science)",AI,SC,Female-only (including Supernumerary),3309,3309
Indian Institute of Technology Madras,"Biological Science (4 Years, Bachelor of Science)",AI,ST,Gender-Neutral,1137,1392
Indian Institute of Technology Madras,"BS in Mathematics (4 Years, Bachelor of Science)",AI,OPEN,Gender-Neutral,1082,1804
Indian Institute of Technology Madras,"BS in Mathematics (4 Years, Bachelor of Science)",AI,OPEN,Female-only (including Supernumerary),4913,5348
Indian Institute of Technology Madras,"BS in Mathematics (4 Years, Bachelor of Science)",AI,OPEN (PwD),Gender-Neutral,63P,63P
Indian Institute of Technology Madras,"BS in Mathematics (4 Years, Bachelor of Science)",AI,EWS,Gender-Neutral,309,360
Indian Institute of Technology Madras,"BS in Mathematics (4 Years, Bachelor of Science)",AI,OBC-NCL,Gender-Neutral,893,1211
Indian Institute of Technology Madras,"BS in Mathematics (4 Years, Bachelor of Science)",AI,OBC-NCL,Female-only (including Supernumerary),4630,4630
Indian Institute of Technology Madras,"BS in Mathematics (4 Years, Bachelor of Science)",AI,SC,Gender-Neutral,1023,1397
Indian Institute of Technology Madras,"BS in Mathematics (4 Years, Bachelor of Science)",AI,SC,Female-only (including Supernumerary),2423,2423
Indian Institute of Technology Madras,"BS in Mathematics (4 Years, Bachelor of Science)",AI,ST,Gender-Neutral,954,954
Indian Institute of Technology Madras,"Chemical Engineering (4 Years, Bachelor of Technology)",AI,OPEN,Gender-Neutral,3099,4162
Indian Institute of Technology Madras,"Chemical Engineering (4 Years, Bachelor of Technology)",AI,OPEN,Female-only (including Supernumerary),6745,8479
Indian Institute of Technology Madras,"Chemical Engineering (4 Years, Bachelor of Technology)",AI,OPEN (PwD),Gender-Neutral,98,98
Indian Institute of Technology Madras,"Chemical Engineering (4 Years, Bachelor of Technology)",AI,OPEN (PwD),Female-only (including Supernumerary),157P,157P
Indian Institute of Technology Madras,"Chemical Engineering (4 Years, Bachelor of Technology)",AI,EWS,Gender-Neutral,649,829
Indian Institute of Technology Madras,"Chemical Engineering (4 Years, Bachelor of Technology)",AI,EWS,Female-only (including Supernumerary),1443,1749
Indian Institute of Technology Madras,"Chemical Engineering (4 Years, Bachelor of Technology)",AI,EWS (PwD),Gender-Neutral,29P,29P
Indian Institute of Technology Madras,"Chemical Engineering (4 Years, Bachelor of Technology)",AI,OBC-NCL,Gender-Neutral,1353,1944
Indian Institute of Technology Madras,"Chemical Engineering (4 Years, Bachelor of Technology)",AI,OBC-NCL,Female-only (including Supernumerary),3347,4304
Indian Institute of Technology Madras,"Chemical Engineering (4 Years, Bachelor of Technology)",AI,OBC-NCL (PwD),Gender-Neutral,17P,17P
Indian Institute of Technology Madras,"Chemical Engineering (4 Years, Bachelor of Technology)",AI,SC,Gender-Neutral,479,1269
Indian Institute of Technology Madras,"Chemical Engineering (4 Years, Bachelor of Technology)",AI,SC,Female-only (including Supernumerary),1253,1816
Indian Institute of Technology Madras,"Chemical Engineering (4 Years, Bachelor of Technology)",AI,SC (PwD),Gender-Neutral,24P,24P
Indian Institute of Technology Madras,"Chemical Engineering (4 Years, Bachelor of Technology)",AI,ST,Gender-Neutral,512,688
Indian Institute of Technology Madras,"Chemical Engineering (4 Years, Bachelor of Technology)",AI,ST,Female-only (including Supernumerary),748,928
Indian Institute of Technology Madras,"Civil Engineering (4 Years, Bachelor of Technology)",AI,OPEN,Gender-Neutral,4450,6225
Indian Institute of Technology Madras,"Civil Engineering (4 Years, Bachelor of Technology)",AI,OPEN,Female-only (including Supernumerary),7521,13648
Indian Institute of Technology Madras,"Civil Engineering (4 Years, Bachelor of Technology)",AI,OPEN (PwD),Gender-Neutral,162,125P
Indian Institute of Technology Madras,"Civil Engineering (4 Years, Bachelor of Technology)",AI,OPEN (PwD),Female-only (including Supernumerary),124P,124P
Indian Institute of Technology Madras,"Civil Engineering (4 Years, Bachelor of Technology)",AI,EWS,Gender-Neutral,793,1015
Indian Institute of Technology Madras,"Civil Engineering (4 Years, Bachelor of Technology)",AI,EWS,Female-only (including Supernumerary),2115,2283
Indian Institute of Technology Madras,"Civil Engineering (4 Years, Bachelor of Technology)",AI,EWS (PwD),Gender-Neutral,55P,55P
Indian Institute of Technology Madras,"Civil Engineering (4 Years, Bachelor of Technology)",AI,OBC-NCL,Gender-Neutral,2094,2644
Indian Institute of Technology Madras,"Civil Engineering (4 Years, Bachelor of Technology)",AI,OBC-NCL,Female-only (including Supernumerary),4299,5096
Indian Institute of Technology Madras,"Civil Engineering (4 Years, Bachelor of Technology)",AI,OBC-NCL (PwD),Gender-Neutral,158P,158P
Indian Institute of Technology Madras,"Civil Engineering (4 Years, Bachelor of Technology)",AI,SC,Gender-Neutral,647,1351
Indian Institute of Technology Madras,"Civil Engineering (4 Years, Bachelor of Technology)",AI,SC,Female-only (including Supernumerary),1362,1808
Indian Institute of Technology Madras,"Civil Engineering (4 Years, Bachelor of Technology)",AI,SC (PwD),Gender-Neutral,28P,28P
Indian Institute of Technology Madras,"Civil Engineering (4 Years, Bachelor of Technology)",AI,ST,Gender-Neutral,382,559
Indian Institute of Technology Madras,"Civil Engineering (4 Years, Bachelor of Technology)",AI,ST,Female-only (including Supernumerary),438,717
Indian Institute of Technology Madras,"Computational Engineering and Mechanics (4 Years, Bachelor of Technology)",AI,OPEN,Gender-Neutral,769,1314
Indian Institute of Technology Madras,"Computational Engineering and Mechanics (4 Years, Bachelor of Technology)",AI,OPEN,Female-only (including Supernumerary),3419,4625
Indian Institute of Technology Madras,"Computational Engineering and Mechanics (4 Years, Bachelor of Technology)",AI,OPEN (PwD),Gender-Neutral,122,122
Indian Institute of Technology Madras,"Computational Engineering and Mechanics (4 Years, Bachelor of Technology)",AI,EWS,Gender-Neutral,273,319
Indian Institute of Technology Madras,"Computational Engineering and Mechanics (4 Years, Bachelor of Technology)",AI,EWS,Female-only (including Supernumerary),1024,1024
Indian Institute of Technology Madras,"Computational Engineering and Mechanics (4 Years, Bachelor of Technology)",AI,OBC-NCL,Gender-Neutral,288,645
Indian Institute of Technology Madras,"Computational Engineering and Mechanics (4 Years, Bachelor of Technology)",AI,OBC-NCL,Female-only (including Supernumerary),1442,1660
Indian Institute of Technology Madras,"Computational Engineering and Mechanics (4 Years, Bachelor of Technology)",AI,OBC-NCL (PwD),Gender-Neutral,76,76
Indian Institute of Technology Madras,"Computational Engineering and Mechanics (4 Years, Bachelor of Technology)",AI,SC,Gender-Neutral,266,552
Indian Institute of Technology Madras,"Computational Engineering and Mechanics (4 Years, Bachelor of Technology)",AI,SC,Female-only (including Supernumerary),1188,1188
Indian Institute of Technology Madras,"Computational Engineering and Mechanics (4 Years, Bachelor of Technology)",AI,ST,Gender-Neutral,265,354
Indian Institute of Technology Madras,"Computational Engineering and Mechanics (4 Years, Bachelor of Technology)",AI,ST,Female-only (including Supernumerary),439,439
Indian Institute of Technology Madras,"Computer Science and Engineering (4 Years, Bachelor of Technology)",AI,OPEN,Gender-Neutral,74,151
Indian Institute of Technology Madras,"Computer Science and Engineering (4 Years, Bachelor of Technology)",AI,OPEN,Female-only (including Supernumerary),111,539
Indian Institute of Technology Madras,"Computer Science and Engineering (4 Years, Bachelor of Technology)",AI,OPEN (PwD),Gender-Neutral,2,2
Indian Institute of Technology Madras,"Computer Science and Engineering (4 Years, Bachelor of Technology)",AI,EWS,Gender-Neutral,22,31
Indian Institute of Technology Madras,"Computer Science and Engineering (4 Years, Bachelor of Technology)",AI,EWS,Female-only (including Supernumerary),75,100
Indian Institute of Technology Madras,"Computer Science and Engineering (4 Years, Bachelor of Technology)",AI,EWS (PwD),Gender-Neutral,7,7
Indian Institute of Technology Madras,"Computer Science and Engineering (4 Years, Bachelor of Technology)",AI,OBC-NCL,Gender-Neutral,35,96
Indian Institute of Technology Madras,"Computer Science and Engineering (4 Years, Bachelor of Technology)",AI,OBC-NCL,Female-only (including Supernumerary),102,287
Indian Institute of Technology Madras,"Computer Science and Engineering (4 Years, Bachelor of Technology)",AI,OBC-NCL (PwD),Gender-Neutral,8,8
Indian Institute of Technology Madras,"Computer Science and Engineering (4 Years, Bachelor of Technology)",AI,SC,Gender-Neutral,12,61
Indian Institute of Technology Madras,"Computer Science and Engineering (4 Years, Bachelor of Technology)",AI,SC,Female-only (including Supernumerary),29,291
Indian Institute of Technology Madras,"Computer Science and Engineering (4 Years, Bachelor of Technology)",AI,SC (PwD),Gender-Neutral,2,2
Indian Institute of Technology Madras,"Computer Science and Engineering (4 Years, Bachelor of Technology)",AI,ST,Gender-Neutral,17,27
Indian Institute of Technology Madras,"Computer Science and Engineering (4 Years, Bachelor of Technology)",AI,ST,Female-only (including Supernumerary),49,49
Indian Institute of Technology Madras,"Electrical Engineering (4 Years, Bachelor of Technology)",AI,OPEN,Gender-Neutral,231,749
Indian Institute of Technology Madras,"Electrical Engineering (4 Years, Bachelor of Technology)",AI,OPEN,Female-only (including Supernumerary),347,2457
Indian Institute of Technology Madras,"Electrical Engineering (4 Years, Bachelor of Technology)",AI,OPEN (PwD),Gender-Neutral,24,29
Indian Institute of Technology Madras,"Electrical Engineering (4 Years, Bachelor of Technology)",AI,OPEN (PwD),Female-only (including Supernumerary),141,141
Indian Institute of Technology Madras,"Electrical Engineering (4 Years, Bachelor of Technology)",AI,EWS,Gender-Neutral,123,164
Indian Institute of Technology Madras,"Electrical Engineering (4 Years, Bachelor of Technology)",AI,EWS,Female-only (including Supernumerary),298,681
Indian Institute of Technology Madras,"Electrical Engineering (4 Years, Bachelor of Technology)",AI,EWS (PwD),Gender-Neutral,18,18
Indian Institute of Technology Madras,"Electrical Engineering (4 Years, Bachelor of Technology)",AI,OBC-NCL,Gender-Neutral,144,377
Indian Institute of Technology Madras,"Electrical Engineering (4 Years, Bachelor of Technology)",AI,OBC-NCL,Female-only (including Supernumerary),573,960
Indian Institute of Technology Madras,"Electrical Engineering (4 Years, Bachelor of Technology)",AI,OBC-NCL (PwD),Gender-Neutral,21,21
Indian Institute of Technology Madras,"Electrical Engineering (4 Years, Bachelor of Technology)",AI,OBC-NCL (PwD),Female-only (including Supernumerary),74,74
Indian Institute of Technology Madras,"Electrical Engineering (4 Years, Bachelor of Technology)",AI,SC,Gender-Neutral,122,259
Indian Institute of Technology Madras,"Electrical Engineering (4 Years, Bachelor of Technology)",AI,SC,Female-only (including Supernumerary),388,567
Indian Institute of Technology Madras,"Electrical Engineering (4 Years, Bachelor of Technology)",AI,SC (PwD),Gender-Neutral,11P,11P
Indian Institute of Technology Madras,"Electrical Engineering (4 Years, Bachelor of Technology)",AI,ST,Gender-Neutral,36,128
Indian Institute of Technology Madras,"Electrical Engineering (4 Years, Bachelor of Technology)",AI,ST,Female-only (including Supernumerary),162,220
Indian Institute of Technology Madras,"Electrical Engineering (4 Years, Bachelor of Technology)",AI,ST (PwD),Gender-Neutral,9P,9P
Indian Institute of Technology Madras,"Engineering Design (5 Years, Bachelor and Master of Technology (Dual Degree))",AI,OPEN,Gender-Neutral,1977,3093
Indian Institute of Technology Madras,"Engineering Design (5 Years, Bachelor and Master of Technology (Dual Degree))",AI,OPEN,Female-only (including Supernumerary),7254,8063
Indian Institute of Technology Madras,"Engineering Design (5 Years, Bachelor and Master of Technology (Dual Degree))",AI,OPEN (PwD),Gender-Neutral,262,262
Indian Institute of Technology Madras,"Engineering Design (5 Years, Bachelor and Master of Technology (Dual Degree))",AI,EWS,Gender-Neutral,760,1087
Indian Institute of Technology Madras,"Engineering Design (5 Years, Bachelor and Master of Technology (Dual Degree))",AI,EWS,Female-only (including Supernumerary),1952,1952
Indian Institute of Technology Madras,"Engineering Design (5 Years, Bachelor and Master of Technology (Dual Degree))",AI,OBC-NCL,Gender-Neutral,746,1322
Indian Institute of Technology Madras,"Engineering Design (5 Years, Bachelor and Master of Technology (Dual Degree))",AI,OBC-NCL,Female-only (including Supernumerary),2751,4336
Indian Institute of Technology Madras,"Engineering Design (5 Years, Bachelor and Master of Technology (Dual Degree))",AI,OBC-NCL (PwD),Gender-Neutral,117P,117P
Indian Institute of Technology Madras,"Engineering Design (5 Years, Bachelor and Master of Technology (Dual Degree))",AI,SC,Gender-Neutral,358,1421
Indian Institute of Technology Madras,"Engineering Design (5 Years, Bachelor and Master of Technology (Dual Degree))",AI,SC,Female-only (including Supernumerary),1892,2096
Indian Institute of Technology Madras,"Engineering Design (5 Years, Bachelor and Master of Technology (Dual Degree))",AI,ST,Gender-Neutral,765,948
Indian Institute of Technology Madras,"Engineering Design (5 Years, Bachelor and Master of Technology (Dual Degree))",AI,ST,Female-only (including Supernumerary),1402,1402
Indian Institute of Technology Madras,"Engineering Physics (4 Years, Bachelor of Technology)",AI,OPEN,Gender-Neutral,855,1316
Indian Institute of Technology Madras,"Engineering Physics (4 Years, Bachelor of Technology)",AI,OPEN,Female-only (including Supernumerary),2726,5286
Indian Institute of Technology Madras,"Engineering Physics (4 Years, Bachelor of Technology)",AI,OPEN (PwD),Gender-Neutral,302,302
Indian Institute of Technology Madras,"Engineering Physics (4 Years, Bachelor of Technology)",AI,EWS,Gender-Neutral,345,594
Indian Institute of Technology Madras,"Engineering Physics (4 Years, Bachelor of Technology)",AI,EWS,Female-only (including Supernumerary),1857,1857
Indian Institute of Technology Madras,"Engineering Physics (4 Years, Bachelor of Technology)",AI,OBC-NCL,Gender-Neutral,486,756
Indian Institute of Technology Madras,"Engineering Physics (4 Years, Bachelor of Technology)",AI,OBC-NCL,Female-only (including Supernumerary),2951,3015
Indian Institute of Technology Madras,"Engineering Physics (4 Years, Bachelor of Technology)",AI,OBC-NCL (PwD),Gender-Neutral,57P,57P
Indian Institute of Technology Madras,"Engineering Physics (4 Years, Bachelor of Technology)",AI,SC,Gender-Neutral,333,705
Indian Institute of Technology Madras,"Engineering Physics (4 Years, Bachelor of Technology)",AI,SC,Female-only (including Supernumerary),315,315
Indian Institute of Technology Madras,"Engineering Physics (4 Years, Bachelor of Technology)",AI,ST,Gender-Neutral,678,685
Indian Institute of Technology Madras,"Engineering Physics (4 Years, Bachelor of Technology)",AI,ST,Female-only (including Supernumerary),1229,1229
Indian Institute of Technology Madras,"Instrumentation and Biomedical Engineering (4 Years, Bachelor of Technology)",AI,OPEN,Gender-Neutral,2863,4011
Indian Institute of Technology Madras,"Instrumentation and Biomedical Engineering (4 Years, Bachelor of Technology)",AI,OPEN,Female-only (including Supernumerary),6874,9294
Indian Institute of Technology Madras,"Instrumentation and Biomedical Engineering (4 Years, Bachelor of Technology)",AI,OPEN (PwD),Gender-Neutral,219P,219P
Indian Institute of Technology Madras,"Instrumentation and Biomedical Engineering (4 Years, Bachelor of Technology)",AI,EWS,Gender-Neutral,1009,1189
Indian Institute of Technology Madras,"Instrumentation and Biomedical Engineering (4 Years, Bachelor of Technology)",AI,EWS,Female-only (including Supernumerary),2319,2319
Indian Institute of Technology Madras,"Instrumentation and Biomedical Engineering (4 Years, Bachelor of Technology)",AI,OBC-NCL,Gender-Neutral,1154,2096
Indian Institute of Technology Madras,"Instrumentation and Biomedical Engineering (4 Years, Bachelor of Technology)",AI,OBC-NCL,Female-only (including Supernumerary),2509,3847
Indian Institute of Technology Madras,"Instrumentation and Biomedical Engineering (4 Years, Bachelor of Technology)",AI,OBC-NCL (PwD),Gender-Neutral,116P,116P
Indian Institute of Technology Madras,"Instrumentation and Biomedical Engineering (4 Years, Bachelor of Technology)",AI,SC,Gender-Neutral,1092,1445
Indian Institute of Technology Madras,"Instrumentation and Biomedical Engineering (4 Years, Bachelor of Technology)",AI,SC,Female-only (including Supernumerary),1619,1619
Indian Institute of Technology Madras,"Instrumentation and Biomedical Engineering (4 Years, Bachelor of Technology)",AI,ST,Gender-Neutral,707,898
Indian Institute of Technology Madras,"Instrumentation and Biomedical Engineering (4 Years, Bachelor of Technology)",AI,ST,Female-only (including Supernumerary),1395,1395
Indian Institute of Technology Madras,"Mechanical Engineering (4 Years, Bachelor of Technology)",AI,OPEN,Gender-Neutral,543,2619
Indian Institute of Technology Madras,"Mechanical Engineering (4 Years, Bachelor of Technology)",AI,OPEN,Female-only (including Supernumerary),5378,7362
Indian Institute of Technology Madras,"Mechanical Engineering (4 Years, Bachelor of Technology)",AI,OPEN (PwD),Gender-Neutral,116,203
Indian Institute of Technology Madras,"Mechanical Engineering (4 Years, Bachelor of Technology)",AI,OPEN (PwD),Female-only (including Supernumerary),219,219
Indian Institute of Technology Madras,"Mechanical Engineering (4 Years, Bachelor of Technology)",AI,EWS,Gender-Neutral,327,496
Indian Institute of Technology Madras,"Mechanical Engineering (4 Years, Bachelor of Technology)",AI,EWS,Female-only (including Supernumerary),1138,1408
Indian Institute of Technology Madras,"Mechanical Engineering (4 Years, Bachelor of Technology)",AI,EWS (PwD),Gender-Neutral,29,29
Indian Institute of Technology Madras,"Mechanical Engineering (4 Years, Bachelor of Technology)",AI,OBC-NCL,Gender-Neutral,673,1218
Indian Institute of Technology Madras,"Mechanical Engineering (4 Years, Bachelor of Technology)",AI,OBC-NCL,Female-only (including Supernumerary),2078,3091
Indian Institute of Technology Madras,"Mechanical Engineering (4 Years, Bachelor of Technology)",AI,OBC-NCL (PwD),Gender-Neutral,106,106
Indian Institute of Technology Madras,"Mechanical Engineering (4 Years, Bachelor of Technology)",AI,OBC-NCL (PwD),Female-only (including Supernumerary),97,97
Indian Institute of Technology Madras,"Mechanical Engineering (4 Years, Bachelor of Technology)",AI,SC,Gender-Neutral,279,771
Indian Institute of Technology Madras,"Mechanical Engineering (4 Years, Bachelor of Technology)",AI,SC,Female-only (including Supernumerary),817,1375
Indian Institute of Technology Madras,"Mechanical Engineering (4 Years, Bachelor of Technology)",AI,SC (PwD),Gender-Neutral,21P,21P
Indian Institute of Technology Madras,"Mechanical Engineering (4 Years, Bachelor of Technology)",AI,ST,Gender-Neutral,141,444
Indian Institute of Technology Madras,"Mechanical Engineering (4 Years, Bachelor of Technology)",AI,ST,Female-only (including Supernumerary),394,675
Indian Institute of Technology Madras,"Metallurgical and Materials Engineering (4 Years, Bachelor of Technology)",AI,OPEN,Gender-Neutral,4017,5398
Indian Institute of Technology Madras,"Metallurgical and Materials Engineering (4 Years, Bachelor of Technology)",AI,OPEN,Female-only (including Supernumerary),9549,10053
Indian Institute of Technology Madras,"Metallurgical and Materials Engineering (4 Years, Bachelor of Technology)",AI,OPEN (PwD),Gender-Neutral,187P,187P
Indian Institute of Technology Madras,"Metallurgical and Materials Engineering (4 Years, Bachelor of Technology)",AI,EWS,Gender-Neutral,839,1121
Indian Institute of Technology Madras,"Metallurgical and Materials Engineering (4 Years, Bachelor of Technology)",AI,EWS,Female-only (including Supernumerary),2080,2080
Indian Institute of Technology Madras,"Metallurgical and Materials Engineering (4 Years, Bachelor of Technology)",AI,OBC-NCL,Gender-Neutral,2245,2499
Indian Institute of Technology Madras,"Metallurgical and Materials Engineering (4 Years, Bachelor of Technology)",AI,OBC-NCL,Female-only (including Supernumerary),4301,4737
Indian Institute of Technology Madras,"Metallurgical and Materials Engineering (4 Years, Bachelor of Technology)",AI,OBC-NCL (PwD),Gender-Neutral,118P,118P
Indian Institute of Technology Madras,"Metallurgical and Materials Engineering (4 Years, Bachelor of Technology)",AI,SC,Gender-Neutral,1074,1455
Indian Institute of Technology Madras,"Metallurgical and Materials Engineering (4 Years, Bachelor of Technology)",AI,SC,Female-only (including Supernumerary),2387,2420
Indian Institute of Technology Madras,"Metallurgical and Materials Engineering (4 Years, Bachelor of Technology)",AI,ST,Gender-Neutral,673,754
Indian Institute of Technology Madras,"Metallurgical and Materials Engineering (4 Years, Bachelor of Technology)",AI,ST,Female-only (including Supernumerary),1329,1329
Indian Institute of Technology Madras,"Naval Architecture and Ocean Engineering (4 Years, Bachelor of Technology)",AI,OPEN,Gender-Neutral,5628,8354
Indian Institute of Technology Madras,"Naval Architecture and Ocean Engineering (4 Years, Bachelor of Technology)",AI,OPEN,Female-only (including Supernumerary),11315,12499
Indian Institute of Technology Madras,"Naval Architecture and Ocean Engineering (4 Years, Bachelor of Technology)",AI,OPEN (PwD),Gender-Neutral,180P,180P
Indian Institute of Technology Madras,"Naval Architecture and Ocean Engineering (4 Years, Bachelor of Technology)",AI,EWS,Gender-Neutral,1287,1446
Indian Institute of Technology Madras,"Naval Architecture and Ocean Engineering (4 Years, Bachelor of Technology)",AI,EWS,Female-only (including Supernumerary),3057,3136
Indian Institute of Technology Madras,"Naval Architecture and Ocean Engineering (4 Years, Bachelor of Technology)",AI,OBC-NCL,Gender-Neutral,2226,3215
Indian Institute of Technology Madras,"Naval Architecture and Ocean Engineering (4 Years, Bachelor of Technology)",AI,OBC-NCL,Female-only (including Supernumerary),5783,6995
Indian Institute of Technology Madras,"Naval Architecture and Ocean Engineering (4 Years, Bachelor of Technology)",AI,OBC-NCL (PwD),Gender-Neutral,167P,167P
Indian Institute of Technology Madras,"Naval Architecture and Ocean Engineering (4 Years, Bachelor of Technology)",AI,SC,Gender-Neutral,1458,2034
Indian Institute of Technology Madras,"Naval Architecture and Ocean Engineering (4 Years, Bachelor of Technology)",AI,SC,Female-only (including Supernumerary),2482,3181
Indian Institute of Technology Madras,"Naval Architecture and Ocean Engineering (4 Years, Bachelor of Technology)",AI,ST,Gender-Neutral,784,1066
Indian Institute of Technology Madras,"Naval Architecture and Ocean Engineering (4 Years, Bachelor of Technology)",AI,ST,Female-only (including Supernumerary),1366,1366
Indian Institute of Technology Madras,"Physics (4 Years, Bachelor of Science)",AI,OPEN,Gender-Neutral,2603,3918
Indian Institute of Technology Madras,"Physics (4 Years, Bachelor of Science)",AI,OPEN,Female-only (including Supernumerary),9072,9072
Indian Institute of Technology Madras,"Physics (4 Years, Bachelor of Science)",AI,EWS,Gender-Neutral,1376,1376
Indian Institute of Technology Madras,"Physics (4 Years, Bachelor of Science)",AI,OBC-NCL,Gender-Neutral,2100,2327
Indian Institute of Technology Madras,"Physics (4 Years, Bachelor of Science)",AI,OBC-NCL,Female-only (including Supernumerary),6494,6494
Indian Institute of Technology Madras,"Physics (4 Years, Bachelor of Science)",AI,SC,Gender-Neutral,1821,1821
Indian Institute of Technology Madras,"Physics (4 Years, Bachelor of Science)",AI,ST,Gender-Neutral,1032,1173
Indian Institute of Technology Madras,"Physics (4 Years, Bachelor of Science)",AI,ST,Female-only (including Supernumerary),1694,1694
Indian Institute of Technology Gandhinagar,"Artificial Intelligence (4 Years, Bachelor of Technology)",AI,OPEN,Gender-Neutral,2284,2745
Indian Institute of Technology Gandhinagar,"Artificial Intelligence (4 Years, Bachelor of Technology)",AI,OPEN,Female-only (including Supernumerary),5439,5549
Indian Institute of Technology Gandhinagar,"Artificial Intelligence (4 Years, Bachelor of Technology)",AI,OPEN (PwD),Gender-Neutral,26,26
Indian Institute of Technology Gandhinagar,"Artificial Intelligence (4 Years, Bachelor of Technology)",AI,OPEN (PwD),Female-only (including Supernumerary),217P,217P
Indian Institute of Technology Gandhinagar,"Artificial Intelligence (4 Years, Bachelor of Technology)",AI,EWS,Gender-Neutral,361,382
Indian Institute of Technology Gandhinagar,"Artificial Intelligence (4 Years, Bachelor of Technology)",AI,EWS,Female-only (including Supernumerary),1003,1003
Indian Institute of Technology Gandhinagar,"Artificial Intelligence (4 Years, Bachelor of Technology)",AI,EWS (PwD),Gender-Neutral,20,20
Indian Institute of Technology Gandhinagar,"Artificial Intelligence (4 Years, Bachelor of Technology)",AI,OBC-NCL,Gender-Neutral,640,1169
Indian Institute of Technology Gandhinagar,"Artificial Intelligence (4 Years, Bachelor of Technology)",AI,OBC-NCL,Female-only (including Supernumerary),2759,2873
Indian Institute of Technology Gandhinagar,"Artificial Intelligence (4 Years, Bachelor of Technology)",AI,SC,Gender-Neutral,549,724
Indian Institute of Technology Gandhinagar,"Artificial Intelligence (4 Years, Bachelor of Technology)",AI,SC,Female-only (including Supernumerary),1736,1736
Indian Institute of Technology Gandhinagar,"Artificial Intelligence (4 Years, Bachelor of Technology)",AI,ST,Gender-Neutral,253,273
Indian Institute of Technology Gandhinagar,"Chemical Engineering (4 Years, Bachelor of Technology)",AI,OPEN,Gender-Neutral,7423,9842
Indian Institute of Technology Gandhinagar,"Chemical Engineering (4 Years, Bachelor of Technology)",AI,OPEN,Female-only (including Supernumerary),12999,17488
Indian Institute of Technology Gandhinagar,"Chemical Engineering (4 Years, Bachelor of Technology)",AI,EWS,Gender-Neutral,1324,1552
Indian Institute of Technology Gandhinagar,"Chemical Engineering (4 Years, Bachelor of Technology)",AI,EWS,Female-only (including Supernumerary),2469,2469
Indian Institute of Technology Gandhinagar,"Chemical Engineering (4 Years, Bachelor of Technology)",AI,OBC-NCL,Gender-Neutral,3172,3957
Indian Institute of Technology Gandhinagar,"Chemical Engineering (4 Years, Bachelor of Technology)",AI,OBC-NCL,Female-only (including Supernumerary),6416,7702
Indian Institute of Technology Gandhinagar,"Chemical Engineering (4 Years, Bachelor of Technology)",AI,SC,Gender-Neutral,2320,2379
Indian Institute of Technology Gandhinagar,"Chemical Engineering (4 Years, Bachelor of Technology)",AI,SC,Female-only (including Supernumerary),3324,3324
Indian Institute of Technology Gandhinagar,"Chemical Engineering (4 Years, Bachelor of Technology)",AI,ST,Gender-Neutral,1041,1155
Indian Institute of Technology Gandhinagar,"Chemical Engineering (4 Years, Bachelor of Technology)",AI,ST,Female-only (including Supernumerary),1688,1688
Indian Institute of Technology Gandhinagar,"Civil Engineering (4 Years, Bachelor of Technology)",AI,OPEN,Gender-Neutral,9176,12508
Indian Institute of Technology Gandhinagar,"Civil Engineering (4 Years, Bachelor of Technology)",AI,OPEN,Female-only (including Supernumerary),19311,20270
Indian Institute of Technology Gandhinagar,"Civil Engineering (4 Years, Bachelor of Technology)",AI,EWS,Gender-Neutral,1687,1938
Indian Institute of Technology Gandhinagar,"Civil Engineering (4 Years, Bachelor of Technology)",AI,EWS,Female-only (including Supernumerary),3506,3506
Indian Institute of Technology Gandhinagar,"Civil Engineering (4 Years, Bachelor of Technology)",AI,OBC-NCL,Gender-Neutral,3818,4256
Indian Institute of Technology Gandhinagar,"Civil Engineering (4 Years, Bachelor of Technology)",AI,OBC-NCL,Female-only (including Supernumerary),8756,9008
Indian Institute of Technology Gandhinagar,"Civil Engineering (4 Years, Bachelor of Technology)",AI,SC,Gender-Neutral,1767,2416
Indian Institute of Technology Gandhinagar,"Civil Engineering (4 Years, Bachelor of Technology)",AI,SC,Female-only (including Supernumerary),3608,3608
Indian Institute of Technology Gandhinagar,"Civil Engineering (4 Years, Bachelor of Technology)",AI,ST,Gender-Neutral,639,851
Indian Institute of Technology Gandhinagar,"Civil Engineering (4 Years, Bachelor of Technology)",AI,ST,Female-only (including Supernumerary),1061,1061
Indian Institute of Technology Gandhinagar,"Computer Science and Engineering (4 Years, Bachelor of Technology)",AI,OPEN,Gender-Neutral,1248,2315
Indian Institute of Technology Gandhinagar,"Computer Science and Engineering (4 Years, Bachelor of Technology)",AI,OPEN,Female-only (including Supernumerary),4682,5437
Indian Institute of Technology Gandhinagar,"Computer Science and Engineering (4 Years, Bachelor of Technology)",AI,OPEN (PwD),Gender-Neutral,69,69
Indian Institute of Technology Gandhinagar,"Computer Science and Engineering (4 Years, Bachelor of Technology)",AI,EWS,Gender-Neutral,274,316
Indian Institute of Technology Gandhinagar,"Computer Science and Engineering (4 Years, Bachelor of Technology)",AI,EWS,Female-only (including Supernumerary),981,981
Indian Institute of Technology Gandhinagar,"Computer Science and Engineering (4 Years, Bachelor of Technology)",AI,EWS (PwD),Female-only (including Supernumerary),36,36
Indian Institute of Technology Gandhinagar,"Computer Science and Engineering (4 Years, Bachelor of Technology)",AI,OBC-NCL,Gender-Neutral,718,986
Indian Institute of Technology Gandhinagar,"Computer Science and Engineering (4 Years, Bachelor of Technology)",AI,OBC-NCL,Female-only (including Supernumerary),2354,2700
Indian Institute of Technology Gandhinagar,"Computer Science and Engineering (4 Years, Bachelor of Technology)",AI,SC,Gender-Neutral,366,503
Indian Institute of Technology Gandhinagar,"Computer Science and Engineering (4 Years, Bachelor of Technology)",AI,SC,Female-only (including Supernumerary),802,802
Indian Institute of Technology Gandhinagar,"Computer Science and Engineering (4 Years, Bachelor of Technology)",AI,ST,Gender-Neutral,174,195
Indian Institute of Technology Gandhinagar,"Computer Science and Engineering (4 Years, Bachelor of Technology)",AI,ST,Female-only (including Supernumerary),369,369
Indian Institute of Technology Gandhinagar,"Electrical Engineering (4 Years, Bachelor of Technology)",AI,OPEN,Gender-Neutral,2635,4007
Indian Institute of Technology Gandhinagar,"Electrical Engineering (4 Years, Bachelor of Technology)",AI,OPEN,Female-only (including Supernumerary),6385,7657
Indian Institute of Technology Gandhinagar,"Electrical Engineering (4 Years, Bachelor of Technology)",AI,EWS,Gender-Neutral,796,830
Indian Institute of Technology Gandhinagar,"Electrical Engineering (4 Years, Bachelor of Technology)",AI,OBC-NCL,Gender-Neutral,1515,1938
Indian Institute of Technology Gandhinagar,"Electrical Engineering (4 Years, Bachelor of Technology)",AI,OBC-NCL,Female-only (including Supernumerary),3895,4856
Indian Institute of Technology Gandhinagar,"Electrical Engineering (4 Years, Bachelor of Technology)",AI,OBC-NCL (PwD),Gender-Neutral,209P,209P
Indian Institute of Technology Gandhinagar,"Electrical Engineering (4 Years, Bachelor of Technology)",AI,SC,Gender-Neutral,948,1035
Indian Institute of Technology Gandhinagar,"Electrical Engineering (4 Years, Bachelor of Technology)",AI,SC,Female-only (including Supernumerary),1444,2491
Indian Institute of Technology Gandhinagar,"Electrical Engineering (4 Years, Bachelor of Technology)",AI,ST,Gender-Neutral,430,625
Indian Institute of Technology Gandhinagar,"Electrical Engineering (4 Years, Bachelor of Technology)",AI,ST,Female-only (including Supernumerary),573,573
Indian Institute of Technology Gandhinagar,"Integrated Circuit Design & Technology (4 Years, Bachelor of Technology)",AI,OPEN,Gender-Neutral,4069,4460
Indian Institute of Technology Gandhinagar,"Integrated Circuit Design & Technology (4 Years, Bachelor of Technology)",AI,OPEN,Female-only (including Supernumerary),7852,9508
Indian Institute of Technology Gandhinagar,"Integrated Circuit Design & Technology (4 Years, Bachelor of Technology)",AI,OPEN (PwD),Gender-Neutral,221,221
Indian Institute of Technology Gandhinagar,"Integrated Circuit Design & Technology (4 Years, Bachelor of Technology)",AI,EWS,Gender-Neutral,736,871
Indian Institute of Technology Gandhinagar,"Integrated Circuit Design & Technology (4 Years, Bachelor of Technology)",AI,OBC-NCL,Gender-Neutral,1664,2074
Indian Institute of Technology Gandhinagar,"Integrated Circuit Design & Technology (4 Years, Bachelor of Technology)",AI,OBC-NCL,Female-only (including Supernumerary),5355,5865
Indian Institute of Technology Gandhinagar,"Integrated Circuit Design & Technology (4 Years, Bachelor of Technology)",AI,SC,Gender-Neutral,1038,1165
Indian Institute of Technology Gandhinagar,"Integrated Circuit Design & Technology (4 Years, Bachelor of Technology)",AI,SC,Female-only (including Supernumerary),2638,2638
Indian Institute of Technology Gandhinagar,"Integrated Circuit Design & Technology (4 Years, Bachelor of Technology)",AI,ST,Gender-Neutral,777,777
Indian Institute of Technology Gandhinagar,"Materials Engineering (4 Years, Bachelor of Technology)",AI,OPEN,Gender-Neutral,9873,12873
Indian Institute of Technology Gandhinagar,"Materials Engineering (4 Years, Bachelor of Technology)",AI,OPEN,Female-only (including Supernumerary),18355,20090
Indian Institute of Technology Gandhinagar,"Materials Engineering (4 Years, Bachelor of Technology)",AI,EWS,Gender-Neutral,1780,1873
Indian Institute of Technology Gandhinagar,"Materials Engineering (4 Years, Bachelor of Technology)",AI,EWS,Female-only (including Supernumerary),3973,3973
Indian Institute of Technology Gandhinagar,"Materials Engineering (4 Years, Bachelor of Technology)",AI,OBC-NCL,Gender-Neutral,4390,5166
Indian Institute of Technology Gandhinagar,"Materials Engineering (4 Years, Bachelor of Technology)",AI,OBC-NCL,Female-only (including Supernumerary),8304,8918
Indian Institute of Technology Gandhinagar,"Materials Engineering (4 Years, Bachelor of Technology)",AI,SC,Gender-Neutral,2693,2961
Indian Institute of Technology Gandhinagar,"Materials Engineering (4 Years, Bachelor of Technology)",AI,SC,Female-only (including Supernumerary),4390,4390
Indian Institute of Technology Gandhinagar,"Materials Engineering (4 Years, Bachelor of Technology)",AI,ST,Gender-Neutral,1374,1405
Indian Institute of Technology Gandhinagar,"Materials Engineering (4 Years, Bachelor of Technology)",AI,ST,Female-only (including Supernumerary),1941,1941
Indian Institute of Technology Gandhinagar,"Mechanical Engineering (4 Years, Bachelor of Technology)",AI,OPEN,Gender-Neutral,5034,7236
Indian Institute of Technology Gandhinagar,"Mechanical Engineering (4 Years, Bachelor of Technology)",AI,OPEN,Female-only (including Supernumerary),11868,12526
Indian Institute of Technology Gandhinagar,"Mechanical Engineering (4 Years, Bachelor of Technology)",AI,OPEN (PwD),Gender-Neutral,82,82
Indian Institute of Technology Gandhinagar,"Mechanical Engineering (4 Years, Bachelor of Technology)",AI,EWS,Gender-Neutral,992,1159
Indian Institute of Technology Gandhinagar,"Mechanical Engineering (4 Years, Bachelor of Technology)",AI,EWS,Female-only (including Supernumerary),2452,2452
Indian Institute of Technology Gandhinagar,"Mechanical Engineering (4 Years, Bachelor of Technology)",AI,OBC-NCL,Gender-Neutral,2553,3477
Indian Institute of Technology Gandhinagar,"Mechanical Engineering (4 Years, Bachelor of Technology)",AI,OBC-NCL,Female-only (including Supernumerary),7773,8011
Indian Institute of Technology Gandhinagar,"Mechanical Engineering (4 Years, Bachelor of Technology)",AI,SC,Gender-Neutral,1255,2022
Indian Institute of Technology Gandhinagar,"Mechanical Engineering (4 Years, Bachelor of Technology)",AI,SC,Female-only (including Supernumerary),3518,3661
Indian Institute of Technology Gandhinagar,"Mechanical Engineering (4 Years, Bachelor of Technology)",AI,ST,Gender-Neutral,886,890
Indian Institute of Technology Patna,"Artificial Intelligence and Data Science (4 Years, Bachelor of Technology)",AI,OPEN,Gender-Neutral,3491,4574
Indian Institute of Technology Patna,"Artificial Intelligence and Data Science (4 Years, Bachelor of Technology)",AI,OPEN,Female-only (including Supernumerary),9494,9919
Indian Institute of Technology Patna,"Artificial Intelligence and Data Science (4 Years, Bachelor of Technology)",AI,OPEN (PwD),Gender-Neutral,166,166
Indian Institute of Technology Patna,"Artificial Intelligence and Data Science (4 Years, Bachelor of Technology)",AI,EWS,Gender-Neutral,545,625
Indian Institute of Technology Patna,"Artificial Intelligence and Data Science (4 Years, Bachelor of Technology)",AI,EWS,Female-only (including Supernumerary),1616,1616
Indian Institute of Technology Patna,"Artificial Intelligence and Data Science (4 Years, Bachelor of Technology)",AI,OBC-NCL,Gender-Neutral,1352,1602
Indian Institute of Technology Patna,"Artificial Intelligence and Data Science (4 Years, Bachelor of Technology)",AI,OBC-NCL,Female-only (including Supernumerary),3690,3867
Indian Institute of Technology Patna,"Artificial Intelligence and Data Science (4 Years, Bachelor of Technology)",AI,OBC-NCL (PwD),Gender-Neutral,83,83
Indian Institute of Technology Patna,"Artificial Intelligence and Data Science (4 Years, Bachelor of Technology)",AI,SC,Gender-Neutral,484,956
Indian Institute of Technology Patna,"Artificial Intelligence and Data Science (4 Years, Bachelor of Technology)",AI,SC,Female-only (including Supernumerary),2226,2226
Indian Institute of Technology Patna,"Artificial Intelligence and Data Science (4 Years, Bachelor of Technology)",AI,ST,Gender-Neutral,440,455
Indian Institute of Technology Patna,"Artificial Intelligence and Data Science (4 Years, Bachelor of Technology)",AI,ST,Female-only (including Supernumerary),353,353
Indian Institute of Technology Patna,"B. Tech in CE. - M. Tech. in Geotechnical Engineering (5 Years, B.Tech. + M.Tech./MS (Dual Degree))",AI,OPEN,Gender-Neutral,17663,17820
Indian Institute of Technology Patna,"B. Tech in CE. - M. Tech. in Geotechnical Engineering (5 Years, B.Tech. + M.Tech./MS (Dual Degree))",AI,OPEN,Female-only (including Supernumerary),26891,26891
Indian Institute of Technology Patna,"B. Tech in CE. - M. Tech. in Geotechnical Engineering (5 Years, B.Tech. + M.Tech./MS (Dual Degree))",AI,EWS,Gender-Neutral,2529,2529
Indian Institute of Technology Patna,"B. Tech in CE. - M. Tech. in Geotechnical Engineering (5 Years, B.Tech. + M.Tech./MS (Dual Degree))",AI,OBC-NCL,Gender-Neutral,5639,5739
Indian Institute of Technology Patna,"B. Tech in CE. - M. Tech. in Geotechnical Engineering (5 Years, B.Tech. + M.Tech./MS (Dual Degree))",AI,OBC-NCL,Female-only (including Supernumerary),10576,10576
Indian Institute of Technology Patna,"B. Tech in CE. - M. Tech. in Geotechnical Engineering (5 Years, B.Tech. + M.Tech./MS (Dual Degree))",AI,SC,Gender-Neutral,2904,2904
Indian Institute of Technology Patna,"B. Tech in CE. - M. Tech. in Geotechnical Engineering (5 Years, B.Tech. + M.Tech./MS (Dual Degree))",AI,ST,Gender-Neutral,1241,1241
Indian Institute of Technology Patna,"B. Tech in CE. - M. Tech. in Structural Engineering (5 Years, B.Tech. + M.Tech./MS (Dual Degree))",AI,OPEN,Gender-Neutral,15588,17261
Indian Institute of Technology Patna,"B. Tech in CE. - M. Tech. in Structural Engineering (5 Years, B.Tech. + M.Tech./MS (Dual Degree))",AI,OPEN,Female-only (including Supernumerary),26345,26345
Indian Institute of Technology Patna,"B. Tech in CE. - M. Tech. in Structural Engineering (5 Years, B.Tech. + M.Tech./MS (Dual Degree))",AI,EWS,Gender-Neutral,2403,2403
Indian Institute of Technology Patna,"B. Tech in CE. - M. Tech. in Structural Engineering (5 Years, B.Tech. + M.Tech./MS (Dual Degree))",AI,OBC-NCL,Gender-Neutral,5569,5585
Indian Institute of Technology Patna,"B. Tech in CE. - M. Tech. in Structural Engineering (5 Years, B.Tech. + M.Tech./MS (Dual Degree))",AI,OBC-NCL,Female-only (including Supernumerary),10167,10167
Indian Institute of Technology Patna,"B. Tech in CE. - M. Tech. in Structural Engineering (5 Years, B.Tech. + M.Tech./MS (Dual Degree))",AI,SC,Gender-Neutral,2888,2987
Indian Institute of Technology Patna,"B. Tech. (CSE) and M.Tech in CSE (5 Years, B.Tech. + M.Tech./MS (Dual Degree))",AI,OPEN,Gender-Neutral,3689,4432
Indian Institute of Technology Patna,"B. Tech. (CSE) and M.Tech in CSE (5 Years, B.Tech. + M.Tech./MS (Dual Degree))",AI,OPEN,Female-only (including Supernumerary),10428,10428
Indian Institute of Technology Patna,"B. Tech. (CSE) and M.Tech in CSE (5 Years, B.Tech. + M.Tech./MS (Dual Degree))",AI,EWS,Gender-Neutral,676,676
Indian Institute of Technology Patna,"B. Tech. (CSE) and M.Tech in CSE (5 Years, B.Tech. + M.Tech./MS (Dual Degree))",AI,OBC-NCL,Gender-Neutral,1409,1558
Indian Institute of Technology Patna,"B. Tech. (CSE) and M.Tech in CSE (5 Years, B.Tech. + M.Tech./MS (Dual Degree))",AI,SC,Gender-Neutral,999,999
Indian Institute of Technology Patna,"B. Tech. (CSE) and M.Tech in CSE (5 Years, B.Tech. + M.Tech./MS (Dual Degree))",AI,SC,Female-only (including Supernumerary),2315,2315
Indian Institute of Technology Patna,"B. Tech. (CSE) and M.Tech in CSE (5 Years, B.Tech. + M.Tech./MS (Dual Degree))",AI,ST,Gender-Neutral,599,599
Indian Institute of Technology Patna,"B. Tech. (ECE) -M. Tech. in VLSI (5 Years, B.Tech. + M.Tech./MS (Dual Degree))",AI,OPEN,Gender-Neutral,6508,6809
Indian Institute of Technology Patna,"B. Tech. (ECE) -M. Tech. in VLSI (5 Years, B.Tech. + M.Tech./MS (Dual Degree))",AI,OPEN,Female-only (including Supernumerary),12006,12006
Indian Institute of Technology Patna,"B. Tech. (ECE) -M. Tech. in VLSI (5 Years, B.Tech. + M.Tech./MS (Dual Degree))",AI,EWS,Gender-Neutral,968,968
Indian Institute of Technology Patna,"B. Tech. (ECE) -M. Tech. in VLSI (5 Years, B.Tech. + M.Tech./MS (Dual Degree))",AI,OBC-NCL,Gender-Neutral,2350,2496
Indian Institute of Technology Patna,"B. Tech. (ECE) -M. Tech. in VLSI (5 Years, B.Tech. + M.Tech./MS (Dual Degree))",AI,OBC-NCL,Female-only (including Supernumerary),6294,6294
Indian Institute of Technology Patna,"B. Tech. (ECE) -M. Tech. in VLSI (5 Years, B.Tech. + M.Tech./MS (Dual Degree))",AI,SC,Gender-Neutral,1552,1552
Indian Institute of Technology Patna,"B. Tech. (ECE) -M. Tech. in VLSI (5 Years, B.Tech. + M.Tech./MS (Dual Degree))",AI,ST,Gender-Neutral,858,858
Indian Institute of Technology Patna,"B. Tech. (EEE)-M. Tech. in (Power &. Control) (5 Years, B.Tech. + M.Tech./MS (Dual Degree))",AI,OPEN,Gender-Neutral,8603,8731
Indian Institute of Technology Patna,"B. Tech. (EEE)-M. Tech. in (Power &. Control) (5 Years, B.Tech. + M.Tech./MS (Dual Degree))",AI,OPEN,Female-only (including Supernumerary),17047,17047
Indian Institute of Technology Patna,"B. Tech. (EEE)-M. Tech. in (Power &. Control) (5 Years, B.Tech. + M.Tech./MS (Dual Degree))",AI,EWS,Gender-Neutral,1213,1213
Indian Institute of Technology Patna,"B. Tech. (EEE)-M. Tech. in (Power &. Control) (5 Years, B.Tech. + M.Tech./MS (Dual Degree))",AI,OBC-NCL,Gender-Neutral,2900,3485
Indian Institute of Technology Patna,"B. Tech. (EEE)-M. Tech. in (Power &. Control) (5 Years, B.Tech. + M.Tech./MS (Dual Degree))",AI,OBC-NCL,Female-only (including Supernumerary),6902,6902
Indian Institute of Technology Patna,"B. Tech. (EEE)-M. Tech. in (Power &. Control) (5 Years, B.Tech. + M.Tech./MS (Dual Degree))",AI,SC,Gender-Neutral,1854,1883
Indian Institute of Technology Patna,"B. Tech. (Mathematics & Computing) M. Tech. in (Mathematics & Computing) (5 Years, B.Tech. + M.Tech./MS (Dual Degree))",AI,OPEN,Gender-Neutral,5335,5854
Indian Institute of Technology Patna,"B. Tech. (Mathematics & Computing) M. Tech. in (Mathematics & Computing) (5 Years, B.Tech. + M.Tech./MS (Dual Degree))",AI,OPEN,Female-only (including Supernumerary),11181,11181
Indian Institute of Technology Patna,"B. Tech. (Mathematics & Computing) M. Tech. in (Mathematics & Computing) (5 Years, B.Tech. + M.Tech./MS (Dual Degree))",AI,EWS,Gender-Neutral,780,780
Indian Institute of Technology Patna,"B. Tech. (Mathematics & Computing) M. Tech. in (Mathematics & Computing) (5 Years, B.Tech. + M.Tech./MS (Dual Degree))",AI,OBC-NCL,Gender-Neutral,1934,1953
Indian Institute of Technology Patna,"B. Tech. (Mathematics & Computing) M. Tech. in (Mathematics & Computing) (5 Years, B.Tech. + M.Tech./MS (Dual Degree))",AI,OBC-NCL,Female-only (including Supernumerary),5339,5339
Indian Institute of Technology Patna,"B. Tech. (Mathematics & Computing) M. Tech. in (Mathematics & Computing) (5 Years, B.Tech. + M.Tech./MS (Dual Degree))",AI,SC,Gender-Neutral,1507,1507
Indian Institute of Technology Patna,"B. Tech. (Mathematics & Computing) M. Tech. in (Mathematics & Computing) (5 Years, B.Tech. + M.Tech./MS (Dual Degree))",AI,ST,Gender-Neutral,794,794
Indian Institute of Technology Patna,"B. Tech. (ME) - M. Tech. in Mechatronics (5 Years, B.Tech. + M.Tech./MS (Dual Degree))",AI,OPEN,Gender-Neutral,9765,10711
Indian Institute of Technology Patna,"B. Tech. (ME) - M. Tech. in Mechatronics (5 Years, B.Tech. + M.Tech./MS (Dual Degree))",AI,OPEN,Female-only (including Supernumerary),20004,20004
Indian Institute of Technology Patna,"B. Tech. (ME) - M. Tech. in Mechatronics (5 Years, B.Tech. + M.Tech./MS (Dual Degree))",AI,EWS,Gender-Neutral,1790,1790
Indian Institute of Technology Patna,"B. Tech. (ME) - M. Tech. in Mechatronics (5 Years, B.Tech. + M.Tech./MS (Dual Degree))",AI,OBC-NCL,Gender-Neutral,3613,4524
Indian Institute of Technology Patna,"B. Tech. (ME) - M. Tech. in Mechatronics (5 Years, B.Tech. + M.Tech./MS (Dual Degree))",AI,OBC-NCL,Female-only (including Supernumerary),9260,9260
Indian Institute of Technology Patna,"B. Tech. (ME) - M. Tech. in Mechatronics (5 Years, B.Tech. + M.Tech./MS (Dual Degree))",AI,SC,Gender-Neutral,2139,2139
Indian Institute of Technology Patna,"B. Tech. (ME) - M. Tech. in Mechatronics (5 Years, B.Tech. + M.Tech./MS (Dual Degree))",AI,ST,Gender-Neutral,1143,1143
Indian Institute of Technology Patna,"B.Tech (Artificial Intelligence and Data Science) - MBA in Digital Business Management (IIM Bodh Gaya) (5 Years, Bachelor of Technology and MBA (Dual Degree))",AI,OPEN,Gender-Neutral,5859,5859
Indian Institute of Technology Patna,"B.Tech (Artificial Intelligence and Data Science) - MBA in Digital Business Management (IIM Bodh Gaya) (5 Years, Bachelor of Technology and MBA (Dual Degree))",AI,OPEN (PwD),Gender-Neutral,204,204
Indian Institute of Technology Patna,"B.Tech (Artificial Intelligence and Data Science) - MBA in Digital Business Management (IIM Bodh Gaya) (5 Years, Bachelor of Technology and MBA (Dual Degree))",AI,OBC-NCL,Gender-Neutral,2068,2068
Indian Institute of Technology Patna,"B.Tech (Artificial Intelligence and Data Science) - MBA in Digital Business Management (IIM Bodh Gaya) (5 Years, Bachelor of Technology and MBA (Dual Degree))",AI,OBC-NCL,Female-only (including Supernumerary),5780,5780
Indian Institute of Technology Patna,"B.Tech (Artificial Intelligence and Data Science) - MBA in Digital Business Management (IIM Bodh Gaya) (5 Years, Bachelor of Technology and MBA (Dual Degree))",AI,SC,Gender-Neutral,1150,1150
Indian Institute of Technology Patna,"B.Tech (Chemical Engineering) - MBA in Hospital and Health Care Management (IIM Bodh Gaya) (5 Years, Bachelor of Technology and MBA (Dual Degree))",AI,OPEN,Gender-Neutral,14567,15090
Indian Institute of Technology Patna,"B.Tech (Chemical Engineering) - MBA in Hospital and Health Care Management (IIM Bodh Gaya) (5 Years, Bachelor of Technology and MBA (Dual Degree))",AI,OBC-NCL,Gender-Neutral,4105,4105
Indian Institute of Technology Patna,"B.Tech (Chemical Engineering) - MBA in Hospital and Health Care Management (IIM Bodh Gaya) (5 Years, Bachelor of Technology and MBA (Dual Degree))",AI,OBC-NCL,Female-only (including Supernumerary),10305,10305
Indian Institute of Technology Patna,"B.Tech (Chemical Engineering) - MBA in Hospital and Health Care Management (IIM Bodh Gaya) (5 Years, Bachelor of Technology and MBA (Dual Degree))",AI,SC,Gender-Neutral,2609,2609
Indian Institute of Technology Patna,"B.Tech (Chemical Science and Technology) - MBA in Hospital and Health Care Management (IIM Bodh Gaya) (5 Years, Bachelor of Technology and MBA (Dual Degree))",AI,OPEN,Gender-Neutral,16837,17079
Indian Institute of Technology Patna,"B.Tech (Chemical Science and Technology) - MBA in Hospital and Health Care Management (IIM Bodh Gaya) (5 Years, Bachelor of Technology and MBA (Dual Degree))",AI,OPEN,Female-only (including Supernumerary),26022,26022
Indian Institute of Technology Patna,"B.Tech (Chemical Science and Technology) - MBA in Hospital and Health Care Management (IIM Bodh Gaya) (5 Years, Bachelor of Technology and MBA (Dual Degree))",AI,EWS,Gender-Neutral,2575,2575
Indian Institute of Technology Patna,"B.Tech (Chemical Science and Technology) - MBA in Hospital and Health Care Management (IIM Bodh Gaya) (5 Years, Bachelor of Technology and MBA (Dual Degree))",AI,OBC-NCL,Gender-Neutral,5525,5525
Indian Institute of Technology Patna,"B.Tech (Civil Engineering) - MBA (IIM Bodh Gaya) (5 Years, Bachelor of Technology and MBA (Dual Degree))",AI,OPEN,Gender-Neutral,10183,15115
Indian Institute of Technology Patna,"B.Tech (Civil Engineering) - MBA (IIM Bodh Gaya) (5 Years, Bachelor of Technology and MBA (Dual Degree))",AI,EWS,Gender-Neutral,2538,2538
Indian Institute of Technology Patna,"B.Tech (Civil Engineering) - MBA (IIM Bodh Gaya) (5 Years, Bachelor of Technology and MBA (Dual Degree))",AI,OBC-NCL,Gender-Neutral,5102,5102
Indian Institute of Technology Patna,"B.Tech (Civil Engineering) - MBA (IIM Bodh Gaya) (5 Years, Bachelor of Technology and MBA (Dual Degree))",AI,OBC-NCL,Female-only (including Supernumerary),10555,10555
Indian Institute of Technology Patna,"B.Tech (Civil Engineering) - MBA (IIM Bodh Gaya) (5 Years, Bachelor of Technology and MBA (Dual Degree))",AI,SC,Gender-Neutral,2890,2890
Indian Institute of Technology Patna,"B.Tech (Computer Science and Engineering) - MBA in Digital Business Management (IIM Bodh Gaya) (5 Years, Bachelor of Technology and MBA (Dual Degree))",AI,OPEN,Gender-Neutral,5725,5725
Indian Institute of Technology Patna,"B.Tech (Computer Science and Engineering) - MBA in Digital Business Management (IIM Bodh Gaya) (5 Years, Bachelor of Technology and MBA (Dual Degree))",AI,OPEN,Female-only (including Supernumerary),12223,12223
Indian Institute of Technology Patna,"B.Tech (Computer Science and Engineering) - MBA in Digital Business Management (IIM Bodh Gaya) (5 Years, Bachelor of Technology and MBA (Dual Degree))",AI,OPEN (PwD),Gender-Neutral,278,278
Indian Institute of Technology Patna,"B.Tech (Computer Science and Engineering) - MBA in Digital Business Management (IIM Bodh Gaya) (5 Years, Bachelor of Technology and MBA (Dual Degree))",AI,OBC-NCL,Gender-Neutral,1813,1813
Indian Institute of Technology Patna,"B.Tech (Computer Science and Engineering) - MBA in Digital Business Management (IIM Bodh Gaya) (5 Years, Bachelor of Technology and MBA (Dual Degree))",AI,ST,Gender-Neutral,702,702
Indian Institute of Technology Patna,"B.Tech (Electrical and Electronics Engineering) - MBA (IIM Bodh Gaya) (5 Years, Bachelor of Technology and MBA (Dual Degree))",AI,OPEN,Gender-Neutral,9366,9366
Indian Institute of Technology Patna,"B.Tech (Electrical and Electronics Engineering) - MBA (IIM Bodh Gaya) (5 Years, Bachelor of Technology and MBA (Dual Degree))",AI,OPEN,Female-only (including Supernumerary),13624,13624
Indian Institute of Technology Patna,"B.Tech (Electrical and Electronics Engineering) - MBA (IIM Bodh Gaya) (5 Years, Bachelor of Technology and MBA (Dual Degree))",AI,OPEN (PwD),Gender-Neutral,284P,284P
Indian Institute of Technology Patna,"B.Tech (Electrical and Electronics Engineering) - MBA (IIM Bodh Gaya) (5 Years, Bachelor of Technology and MBA (Dual Degree))",AI,EWS,Gender-Neutral,1380,1380
Indian Institute of Technology Patna,"B.Tech (Electrical and Electronics Engineering) - MBA (IIM Bodh Gaya) (5 Years, Bachelor of Technology and MBA (Dual Degree))",AI,OBC-NCL,Gender-Neutral,3315,3315
Indian Institute of Technology Patna,"B.Tech (Electrical and Electronics Engineering) - MBA (IIM Bodh Gaya) (5 Years, Bachelor of Technology and MBA (Dual Degree))",AI,SC,Gender-Neutral,1796,1796
Indian Institute of Technology Patna,"B.Tech (Electronics and Communication Engineering) - MBA in Hospital and Healthcare Management (IIM Bodh Gaya) (5 Years, Bachelor of Technology and MBA (Dual Degree))",AI,OPEN,Gender-Neutral,8829,8829
Indian Institute of Technology Patna,"B.Tech (Electronics and Communication Engineering) - MBA in Hospital and Healthcare Management (IIM Bodh Gaya) (5 Years, Bachelor of Technology and MBA (Dual Degree))",AI,OPEN,Female-only (including Supernumerary),19159,19159
Indian Institute of Technology Patna,"B.Tech (Electronics and Communication Engineering) - MBA in Hospital and Healthcare Management (IIM Bodh Gaya) (5 Years, Bachelor of Technology and MBA (Dual Degree))",AI,OPEN (PwD),Gender-Neutral,484P,484P
Indian Institute of Technology Patna,"B.Tech (Electronics and Communication Engineering) - MBA in Hospital and Healthcare Management (IIM Bodh Gaya) (5 Years, Bachelor of Technology and MBA (Dual Degree))",AI,EWS,Gender-Neutral,1225,1225
Indian Institute of Technology Patna,"B.Tech (Electronics and Communication Engineering) - MBA in Hospital and Healthcare Management (IIM Bodh Gaya) (5 Years, Bachelor of Technology and MBA (Dual Degree))",AI,OBC-NCL,Gender-Neutral,2825,2825
Indian Institute of Technology Patna,"B.Tech (Engineering Physics) - MBA (IIM Bodh Gaya) (5 Years, Bachelor of Technology and MBA (Dual Degree))",AI,OPEN,Gender-Neutral,10317,12628
Indian Institute of Technology Patna,"B.Tech (Engineering Physics) - MBA (IIM Bodh Gaya) (5 Years, Bachelor of Technology and MBA (Dual Degree))",AI,EWS,Gender-Neutral,2359,2359
Indian Institute of Technology Patna,"B.Tech (Engineering Physics) - MBA (IIM Bodh Gaya) (5 Years, Bachelor of Technology and MBA (Dual Degree))",AI,OBC-NCL,Gender-Neutral,5687,5687
Indian Institute of Technology Patna,"B.Tech (Engineering Physics) - MBA (IIM Bodh Gaya) (5 Years, Bachelor of Technology and MBA (Dual Degree))",AI,OBC-NCL,Female-only (including Supernumerary),9873,9873
Indian Institute of Technology Patna,"B.Tech (Engineering Physics) - MBA (IIM Bodh Gaya) (5 Years, Bachelor of Technology and MBA (Dual Degree))",AI,SC,Gender-Neutral,3175,3175
Indian Institute of Technology Patna,"B.Tech (Mathematics and Computing) - MBA in Digital Business Management (IIM Bodh Gaya) (5 Years, Bachelor of Technology and MBA (Dual Degree))",AI,OPEN,Gender-Neutral,6293,6293
Indian Institute of Technology Patna,"B.Tech (Mathematics and Computing) - MBA in Digital Business Management (IIM Bodh Gaya) (5 Years, Bachelor of Technology and MBA (Dual Degree))",AI,OPEN (PwD),Gender-Neutral,9P,9P
Indian Institute of Technology Patna,"B.Tech (Mathematics and Computing) - MBA in Digital Business Management (IIM Bodh Gaya) (5 Years, Bachelor of Technology and MBA (Dual Degree))",AI,OBC-NCL,Gender-Neutral,1983,1983
Indian Institute of Technology Patna,"B.Tech (Mathematics and Computing) - MBA in Digital Business Management (IIM Bodh Gaya) (5 Years, Bachelor of Technology and MBA (Dual Degree))",AI,OBC-NCL,Female-only (including Supernumerary),6148,6148
Indian Institute of Technology Patna,"B.Tech (Mathematics and Computing) - MBA in Digital Business Management (IIM Bodh Gaya) (5 Years, Bachelor of Technology and MBA (Dual Degree))",AI,SC,Gender-Neutral,1623,1623
Indian Institute of Technology Patna,"B.Tech (Mechanical Engineering) - MBA (IIM Mumbai) (5 Years, Bachelor of Technology and MBA (Dual Degree))",AI,OPEN,Gender-Neutral,8631,9006
Indian Institute of Technology Patna,"B.Tech (Mechanical Engineering) - MBA (IIM Mumbai) (5 Years, Bachelor of Technology and MBA (Dual Degree))",AI,OPEN,Female-only (including Supernumerary),17413,20156
Indian Institute of Technology Patna,"B.Tech (Mechanical Engineering) - MBA (IIM Mumbai) (5 Years, Bachelor of Technology and MBA (Dual Degree))",AI,OPEN (PwD),Gender-Neutral,102P,102P
Indian Institute of Technology Patna,"B.Tech (Mechanical Engineering) - MBA (IIM Mumbai) (5 Years, Bachelor of Technology and MBA (Dual Degree))",AI,EWS,Gender-Neutral,1427,1686
Indian Institute of Technology Patna,"B.Tech (Mechanical Engineering) - MBA (IIM Mumbai) (5 Years, Bachelor of Technology and MBA (Dual Degree))",AI,OBC-NCL,Gender-Neutral,2988,3598
Indian Institute of Technology Patna,"B.Tech (Mechanical Engineering) - MBA (IIM Mumbai) (5 Years, Bachelor of Technology and MBA (Dual Degree))",AI,OBC-NCL,Female-only (including Supernumerary),7322,7322
Indian Institute of Technology Patna,"B.Tech (Mechanical Engineering) - MBA (IIM Mumbai) (5 Years, Bachelor of Technology and MBA (Dual Degree))",AI,SC,Gender-Neutral,2091,2179
Indian Institute of Technology Patna,"B.Tech (Mechanical Engineering) - MBA (IIM Mumbai) (5 Years, Bachelor of Technology and MBA (Dual Degree))",AI,ST,Gender-Neutral,1254,1254
Indian Institute of Technology Patna,"B.Tech (Metallurgical and Materials Engineering) - MBA (IIM Bodh Gaya) (5 Years, Bachelor of Technology and MBA (Dual Degree))",AI,OPEN,Gender-Neutral,12496,13112
Indian Institute of Technology Patna,"B.Tech (Metallurgical and Materials Engineering) - MBA (IIM Bodh Gaya) (5 Years, Bachelor of Technology and MBA (Dual Degree))",AI,OPEN,Female-only (including Supernumerary),26429,26429
Indian Institute of Technology Patna,"B.Tech (Metallurgical and Materials Engineering) - MBA (IIM Bodh Gaya) (5 Years, Bachelor of Technology and MBA (Dual Degree))",AI,OBC-NCL,Gender-Neutral,5926,5926
Indian Institute of Technology Patna,"B.Tech (Metallurgical and Materials Engineering) - MBA (IIM Bodh Gaya) (5 Years, Bachelor of Technology and MBA (Dual Degree))",AI,SC,Gender-Neutral,3170,3170
Indian Institute of Technology Patna,"B.Tech (Metallurgical and Materials Engineering) - MBA (IIM Bodh Gaya) (5 Years, Bachelor of Technology and MBA (Dual Degree))",AI,ST,Gender-Neutral,1439,1439
Indian Institute of Technology Patna,"B.Tech. in Electronics and Communication Engineering and M.Tech. in Communication Systems (5 Years, Bachelor and Master of Technology (Dual Degree))",AI,OPEN,Gender-Neutral,6821,6950
Indian Institute of Technology Patna,"B.Tech. in Electronics and Communication Engineering and M.Tech. in Communication Systems (5 Years, Bachelor and Master of Technology (Dual Degree))",AI,OPEN,Female-only (including Supernumerary),12931,12931
Indian Institute of Technology Patna,"B.Tech. in Electronics and Communication Engineering and M.Tech. in Communication Systems (5 Years, Bachelor and Master of Technology (Dual Degree))",AI,EWS,Gender-Neutral,1095,1095
Indian Institute of Technology Patna,"B.Tech. in Electronics and Communication Engineering and M.Tech. in Communication Systems (5 Years, Bachelor and Master of Technology (Dual Degree))",AI,OBC-NCL,Gender-Neutral,2411,2748
Indian Institute of Technology Patna,"B.Tech. in Electronics and Communication Engineering and M.Tech. in Communication Systems (5 Years, Bachelor and Master of Technology (Dual Degree))",AI,SC,Gender-Neutral,1590,1590
Indian Institute of Technology Patna,"B.Tech. in Electronics and Communication Engineering and M.Tech. in Communication Systems (5 Years, Bachelor and Master of Technology (Dual Degree))",AI,SC,Female-only (including Supernumerary),3053,3053
Indian Institute of Technology Patna,"B.Tech. in Electronics and Communication Engineering and M.Tech. in Communication Systems (5 Years, Bachelor and Master of Technology (Dual Degree))",AI,ST,Gender-Neutral,903,903
Indian Institute of Technology Patna,"BS in Economics with MBA (IIM Bodh Gaya) (5 Years, Bachelor of Science and MBA (Dual Degree))",AI,OPEN,Gender-Neutral,15016,15050
Indian Institute of Technology Patna,"BS in Economics with MBA (IIM Bodh Gaya) (5 Years, Bachelor of Science and MBA (Dual Degree))",AI,EWS,Female-only (including Supernumerary),4761,4761
Indian Institute of Technology Patna,"BS in Economics with MBA (IIM Bodh Gaya) (5 Years, Bachelor of Science and MBA (Dual Degree))",AI,OBC-NCL,Gender-Neutral,5540,5540
Indian Institute of Technology Patna,"BS in Economics with MBA (IIM Bodh Gaya) (5 Years, Bachelor of Science and MBA (Dual Degree))",AI,SC,Gender-Neutral,2543,2543
Indian Institute of Technology Patna,"BS in Economics with MBA (IIM Bodh Gaya) (5 Years, Bachelor of Science and MBA (Dual Degree))",AI,ST,Gender-Neutral,1633,1633
Indian Institute of Technology Patna,"Chemical Engineering (4 Years, Bachelor of Technology)",AI,OPEN,Gender-Neutral,10388,14174
Indian Institute of Technology Patna,"Chemical Engineering (4 Years, Bachelor of Technology)",AI,OPEN,Female-only (including Supernumerary),20748,23962
Indian Institute of Technology Patna,"Chemical Engineering (4 Years, Bachelor of Technology)",AI,OPEN (PwD),Gender-Neutral,540P,540P
Indian Institute of Technology Patna,"Chemical Engineering (4 Years, Bachelor of Technology)",AI,EWS,Gender-Neutral,1997,2099
Indian Institute of Technology Patna,"Chemical Engineering (4 Years, Bachelor of Technology)",AI,EWS,Female-only (including Supernumerary),3790,3790
Indian Institute of Technology Patna,"Chemical Engineering (4 Years, Bachelor of Technology)",AI,OBC-NCL,Gender-Neutral,3756,4931
Indian Institute of Technology Patna,"Chemical Engineering (4 Years, Bachelor of Technology)",AI,OBC-NCL,Female-only (including Supernumerary),8875,9854
Indian Institute of Technology Patna,"Chemical Engineering (4 Years, Bachelor of Technology)",AI,SC,Gender-Neutral,2413,2666
Indian Institute of Technology Patna,"Chemical Engineering (4 Years, Bachelor of Technology)",AI,SC,Female-only (including Supernumerary),3844,4472
Indian Institute of Technology Patna,"Chemical Engineering (4 Years, Bachelor of Technology)",AI,ST,Gender-Neutral,1175,1325
Indian Institute of Technology Patna,"Chemical Engineering (4 Years, Bachelor of Technology)",AI,ST,Female-only (including Supernumerary),1778,1778
Indian Institute of Technology Patna,"Chemical Science and Technology (4 Years, Bachelor of Technology)",AI,OPEN,Gender-Neutral,14272,15919
Indian Institute of Technology Patna,"Chemical Science and Technology (4 Years, Bachelor of Technology)",AI,OPEN,Female-only (including Supernumerary),22748,24417
Indian Institute of Technology Patna,"Chemical Science and Technology (4 Years, Bachelor of Technology)",AI,EWS,Gender-Neutral,2249,2428
Indian Institute of Technology Patna,"Chemical Science and Technology (4 Years, Bachelor of Technology)",AI,EWS,Female-only (including Supernumerary),4545,4545
Indian Institute of Technology Patna,"Chemical Science and Technology (4 Years, Bachelor of Technology)",AI,OBC-NCL,Gender-Neutral,5122,5683
Indian Institute of Technology Patna,"Chemical Science and Technology (4 Years, Bachelor of Technology)",AI,OBC-NCL,Female-only (including Supernumerary),9827,9938
Indian Institute of Technology Patna,"Chemical Science and Technology (4 Years, Bachelor of Technology)",AI,SC,Gender-Neutral,2957,3178
Indian Institute of Technology Patna,"Chemical Science and Technology (4 Years, Bachelor of Technology)",AI,SC,Female-only (including Supernumerary),4474,4474
Indian Institute of Technology Patna,"Chemical Science and Technology (4 Years, Bachelor of Technology)",AI,ST,Gender-Neutral,1394,1434
Indian Institute of Technology Patna,"Chemical Science and Technology (4 Years, Bachelor of Technology)",AI,ST,Female-only (including Supernumerary),1887,1887
Indian Institute of Technology Patna,"Civil Engineering (4 Years, Bachelor of Technology)",AI,OPEN,Gender-Neutral,13631,16097
Indian Institute of Technology Patna,"Civil Engineering (4 Years, Bachelor of Technology)",AI,OPEN,Female-only (including Supernumerary),22752,26579
Indian Institute of Technology Patna,"Civil Engineering (4 Years, Bachelor of Technology)",AI,EWS,Gender-Neutral,2212,2379
Indian Institute of Technology Patna,"Civil Engineering (4 Years, Bachelor of Technology)",AI,EWS,Female-only (including Supernumerary),4485,4485
Indian Institute of Technology Patna,"Civil Engineering (4 Years, Bachelor of Technology)",AI,OBC-NCL,Gender-Neutral,4657,5370
Indian Institute of Technology Patna,"Civil Engineering (4 Years, Bachelor of Technology)",AI,OBC-NCL,Female-only (including Supernumerary),9486,10364
Indian Institute of Technology Patna,"Civil Engineering (4 Years, Bachelor of Technology)",AI,SC,Gender-Neutral,2571,2773
Indian Institute of Technology Patna,"Civil Engineering (4 Years, Bachelor of Technology)",AI,SC,Female-only (including Supernumerary),3842,4357
Indian Institute of Technology Patna,"Civil Engineering (4 Years, Bachelor of Technology)",AI,ST,Gender-Neutral,1011,1121
Indian Institute of Technology Patna,"Civil Engineering (4 Years, Bachelor of Technology)",AI,ST,Female-only (including Supernumerary),1305,1305
Indian Institute of Technology Patna,"Computer Science and Engineering (4 Years, Bachelor of Technology)",AI,OPEN,Gender-Neutral,2184,3635
Indian Institute of Technology Patna,"Computer Science and Engineering (4 Years, Bachelor of Technology)",AI,OPEN,Female-only (including Supernumerary),6105,9393
Indian Institute of Technology Patna,"Computer Science and Engineering (4 Years, Bachelor of Technology)",AI,OPEN (PwD),Gender-Neutral,127,127
Indian Institute of Technology Patna,"Computer Science and Engineering (4 Years, Bachelor of Technology)",AI,EWS,Gender-Neutral,439,507
Indian Institute of Technology Patna,"Computer Science and Engineering (4 Years, Bachelor of Technology)",AI,EWS,Female-only (including Supernumerary),1432,1433
Indian Institute of Technology Patna,"Computer Science and Engineering (4 Years, Bachelor of Technology)",AI,OBC-NCL,Gender-Neutral,919,1258
Indian Institute of Technology Patna,"Computer Science and Engineering (4 Years, Bachelor of Technology)",AI,OBC-NCL,Female-only (including Supernumerary),3010,3592
Indian Institute of Technology Patna,"Computer Science and Engineering (4 Years, Bachelor of Technology)",AI,OBC-NCL (PwD),Gender-Neutral,57,57
Indian Institute of Technology Patna,"Computer Science and Engineering (4 Years, Bachelor of Technology)",AI,SC,Gender-Neutral,437,775
Indian Institute of Technology Patna,"Computer Science and Engineering (4 Years, Bachelor of Technology)",AI,SC,Female-only (including Supernumerary),642,1628
Indian Institute of Technology Patna,"Computer Science and Engineering (4 Years, Bachelor of Technology)",AI,ST,Gender-Neutral,239,381
Indian Institute of Technology Patna,"Computer Science and Engineering (4 Years, Bachelor of Technology)",AI,ST,Female-only (including Supernumerary),523,523
Indian Institute of Technology Patna,"Economics (4 Years, Bachelor of Science)",AI,OPEN,Gender-Neutral,11313,14550
Indian Institute of Technology Patna,"Economics (4 Years, Bachelor of Science)",AI,OPEN,Female-only (including Supernumerary),20199,22119
Indian Institute of Technology Patna,"Economics (4 Years, Bachelor of Science)",AI,EWS,Gender-Neutral,2130,2175
Indian Institute of Technology Patna,"Economics (4 Years, Bachelor of Science)",AI,EWS,Female-only (including Supernumerary),4667,4667
Indian Institute of Technology Patna,"Economics (4 Years, Bachelor of Science)",AI,OBC-NCL,Gender-Neutral,3976,5923
Indian Institute of Technology Patna,"Economics (4 Years, Bachelor of Science)",AI,OBC-NCL,Female-only (including Supernumerary),8343,8343
Indian Institute of Technology Patna,"Economics (4 Years, Bachelor of Science)",AI,SC,Gender-Neutral,3083,3126
Indian Institute of Technology Patna,"Economics (4 Years, Bachelor of Science)",AI,SC,Female-only (including Supernumerary),4471,4471
Indian Institute of Technology Patna,"Economics (4 Years, Bachelor of Science)",AI,ST,Gender-Neutral,1589,1589
Indian Institute of Technology Patna,"Economics (4 Years, Bachelor of Science)",AI,ST,Female-only (including Supernumerary),2088,2088
Indian Institute of Technology Patna,"Electrical and Electronics Engineering (4 Years, Bachelor of Technology)",AI,OPEN,Gender-Neutral,6346,7827
Indian Institute of Technology Patna,"Electrical and Electronics Engineering (4 Years, Bachelor of Technology)",AI,OPEN,Female-only (including Supernumerary),12755,14083
Indian Institute of Technology Patna,"Electrical and Electronics Engineering (4 Years, Bachelor of Technology)",AI,OPEN (PwD),Gender-Neutral,287P,287P
Indian Institute of Technology Patna,"Electrical and Electronics Engineering (4 Years, Bachelor of Technology)",AI,EWS,Gender-Neutral,1050,1153
Indian Institute of Technology Patna,"Electrical and Electronics Engineering (4 Years, Bachelor of Technology)",AI,EWS,Female-only (including Supernumerary),2049,2049
Indian Institute of Technology Patna,"Electrical and Electronics Engineering (4 Years, Bachelor of Technology)",AI,OBC-NCL,Gender-Neutral,2310,2817
Indian Institute of Technology Patna,"Electrical and Electronics Engineering (4 Years, Bachelor of Technology)",AI,OBC-NCL,Female-only (including Supernumerary),5483,6237
Indian Institute of Technology Patna,"Electrical and Electronics Engineering (4 Years, Bachelor of Technology)",AI,SC,Gender-Neutral,1367,1779
Indian Institute of Technology Patna,"Electrical and Electronics Engineering (4 Years, Bachelor of Technology)",AI,SC,Female-only (including Supernumerary),2403,2403
Indian Institute of Technology Patna,"Electrical and Electronics Engineering (4 Years, Bachelor of Technology)",AI,ST,Gender-Neutral,654,791
Indian Institute of Technology Patna,"Electrical and Electronics Engineering (4 Years, Bachelor of Technology)",AI,ST,Female-only (including Supernumerary),1282,1282
Indian Institute of Technology Patna,"Electronics and Communication Engineering (4 Years, Bachelor of Technology)",AI,OPEN,Gender-Neutral,4832,6026
Indian Institute of Technology Patna,"Electronics and Communication Engineering (4 Years, Bachelor of Technology)",AI,OPEN,Female-only (including Supernumerary),10758,11627
Indian Institute of Technology Patna,"Electronics and Communication Engineering (4 Years, Bachelor of Technology)",AI,OPEN (PwD),Gender-Neutral,271,271
Indian Institute of Technology Patna,"Electronics and Communication Engineering (4 Years, Bachelor of Technology)",AI,EWS,Gender-Neutral,781,785
Indian Institute of Technology Patna,"Electronics and Communication Engineering (4 Years, Bachelor of Technology)",AI,EWS,Female-only (including Supernumerary),1752,1752
Indian Institute of Technology Patna,"Electronics and Communication Engineering (4 Years, Bachelor of Technology)",AI,EWS (PwD),Gender-Neutral,53P,53P
Indian Institute of Technology Patna,"Electronics and Communication Engineering (4 Years, Bachelor of Technology)",AI,OBC-NCL,Gender-Neutral,1791,2297
Indian Institute of Technology Patna,"Electronics and Communication Engineering (4 Years, Bachelor of Technology)",AI,OBC-NCL,Female-only (including Supernumerary),4902,5145
Indian Institute of Technology Patna,"Electronics and Communication Engineering (4 Years, Bachelor of Technology)",AI,OBC-NCL (PwD),Gender-Neutral,35P,35P
Indian Institute of Technology Patna,"Electronics and Communication Engineering (4 Years, Bachelor of Technology)",AI,SC,Gender-Neutral,1002,1350
Indian Institute of Technology Patna,"Electronics and Communication Engineering (4 Years, Bachelor of Technology)",AI,SC,Female-only (including Supernumerary),2288,2288
Indian Institute of Technology Patna,"Electronics and Communication Engineering (4 Years, Bachelor of Technology)",AI,ST,Gender-Neutral,569,627
Indian Institute of Technology Patna,"Electronics and Communication Engineering (4 Years, Bachelor of Technology)",AI,ST,Female-only (including Supernumerary),1051,1051
Indian Institute of Technology Patna,"Engineering Physics (4 Years, Bachelor of Technology)",AI,OPEN,Gender-Neutral,10245,12425
Indian Institute of Technology Patna,"Engineering Physics (4 Years, Bachelor of Technology)",AI,OPEN,Female-only (including Supernumerary),16422,19513
Indian Institute of Technology Patna,"Engineering Physics (4 Years, Bachelor of Technology)",AI,EWS,Gender-Neutral,1732,1962
Indian Institute of Technology Patna,"Engineering Physics (4 Years, Bachelor of Technology)",AI,EWS,Female-only (including Supernumerary),3383,3383
Indian Institute of Technology Patna,"Engineering Physics (4 Years, Bachelor of Technology)",AI,OBC-NCL,Gender-Neutral,4104,4785
Indian Institute of Technology Patna,"Engineering Physics (4 Years, Bachelor of Technology)",AI,OBC-NCL,Female-only (including Supernumerary),9220,9767
Indian Institute of Technology Patna,"Engineering Physics (4 Years, Bachelor of Technology)",AI,SC,Gender-Neutral,2775,2983
Indian Institute of Technology Patna,"Engineering Physics (4 Years, Bachelor of Technology)",AI,SC,Female-only (including Supernumerary),4478,4478
Indian Institute of Technology Patna,"Engineering Physics (4 Years, Bachelor of Technology)",AI,ST,Gender-Neutral,1194,1319
Indian Institute of Technology Patna,"Engineering Physics (4 Years, Bachelor of Technology)",AI,ST,Female-only (including Supernumerary),1705,1705
Indian Institute of Technology Patna,"Mathematics and Computing (4 Years, Bachelor of Technology)",AI,OPEN,Gender-Neutral,4119,5320
Indian Institute of Technology Patna,"Mathematics and Computing (4 Years, Bachelor of Technology)",AI,OPEN,Female-only (including Supernumerary),10309,11026
Indian Institute of Technology Patna,"Mathematics and Computing (4 Years, Bachelor of Technology)",AI,OPEN (PwD),Gender-Neutral,263,263
Indian Institute of Technology Patna,"Mathematics and Computing (4 Years, Bachelor of Technology)",AI,EWS,Gender-Neutral,658,777
Indian Institute of Technology Patna,"Mathematics and Computing (4 Years, Bachelor of Technology)",AI,EWS,Female-only (including Supernumerary),1786,1786
Indian Institute of Technology Patna,"Mathematics and Computing (4 Years, Bachelor of Technology)",AI,OBC-NCL,Gender-Neutral,1302,1923
Indian Institute of Technology Patna,"Mathematics and Computing (4 Years, Bachelor of Technology)",AI,OBC-NCL,Female-only (including Supernumerary),4516,4760
Indian Institute of Technology Patna,"Mathematics and Computing (4 Years, Bachelor of Technology)",AI,SC,Gender-Neutral,1044,1288
Indian Institute of Technology Patna,"Mathematics and Computing (4 Years, Bachelor of Technology)",AI,SC,Female-only (including Supernumerary),2389,2389
Indian Institute of Technology Patna,"Mathematics and Computing (4 Years, Bachelor of Technology)",AI,ST,Gender-Neutral,672,736
Indian Institute of Technology Patna,"Mathematics and Computing (4 Years, Bachelor of Technology)",AI,ST,Female-only (including Supernumerary),938,938
Indian Institute of Technology Patna,"Mechanical Engineering (4 Years, Bachelor of Technology)",AI,OPEN,Gender-Neutral,9017,12088
Indian Institute of Technology Patna,"Mechanical Engineering (4 Years, Bachelor of Technology)",AI,OPEN,Female-only (including Supernumerary),19564,22345
Indian Institute of Technology Patna,"Mechanical Engineering (4 Years, Bachelor of Technology)",AI,EWS,Gender-Neutral,1627,1841
Indian Institute of Technology Patna,"Mechanical Engineering (4 Years, Bachelor of Technology)",AI,EWS,Female-only (including Supernumerary),3951,4144
Indian Institute of Technology Patna,"Mechanical Engineering (4 Years, Bachelor of Technology)",AI,OBC-NCL,Gender-Neutral,3734,4317
Indian Institute of Technology Patna,"Mechanical Engineering (4 Years, Bachelor of Technology)",AI,OBC-NCL,Female-only (including Supernumerary),8361,8791
Indian Institute of Technology Patna,"Mechanical Engineering (4 Years, Bachelor of Technology)",AI,SC,Gender-Neutral,1872,2333
Indian Institute of Technology Patna,"Mechanical Engineering (4 Years, Bachelor of Technology)",AI,SC,Female-only (including Supernumerary),3160,4130
Indian Institute of Technology Patna,"Mechanical Engineering (4 Years, Bachelor of Technology)",AI,ST,Gender-Neutral,1023,1140
Indian Institute of Technology Patna,"Mechanical Engineering (4 Years, Bachelor of Technology)",AI,ST,Female-only (including Supernumerary),1725,1725
Indian Institute of Technology Patna,"Metallurgical and Materials Engineering (4 Years, Bachelor of Technology)",AI,OPEN,Gender-Neutral,14367,17179
Indian Institute of Technology Patna,"Metallurgical and Materials Engineering (4 Years, Bachelor of Technology)",AI,OPEN,Female-only (including Supernumerary),24024,26510
Indian Institute of Technology Patna,"Metallurgical and Materials Engineering (4 Years, Bachelor of Technology)",AI,EWS,Gender-Neutral,2362,2517
Indian Institute of Technology Patna,"Metallurgical and Materials Engineering (4 Years, Bachelor of Technology)",AI,EWS,Female-only (including Supernumerary),4778,4778
Indian Institute of Technology Patna,"Metallurgical and Materials Engineering (4 Years, Bachelor of Technology)",AI,OBC-NCL,Gender-Neutral,5248,5848
Indian Institute of Technology Patna,"Metallurgical and Materials Engineering (4 Years, Bachelor of Technology)",AI,OBC-NCL,Female-only (including Supernumerary),10017,10452
Indian Institute of Technology Patna,"Metallurgical and Materials Engineering (4 Years, Bachelor of Technology)",AI,SC,Gender-Neutral,2943,3059
Indian Institute of Technology Patna,"Metallurgical and Materials Engineering (4 Years, Bachelor of Technology)",AI,SC,Female-only (including Supernumerary),4303,4303
Indian Institute of Technology Patna,"Metallurgical and Materials Engineering (4 Years, Bachelor of Technology)",AI,ST,Gender-Neutral,1409,1465
Indian Institute of Technology Patna,"Metallurgical and Materials Engineering (4 Years, Bachelor of Technology)",AI,ST,Female-only (including Supernumerary),1920,1920
Indian Institute of Technology Roorkee,"Architecture (5 Years, Bachelor of Architecture)",AI,OPEN,Gender-Neutral,13547,19389
Indian Institute of Technology Roorkee,"Architecture (5 Years, Bachelor of Architecture)",AI,OPEN,Female-only (including Supernumerary),22061,24216
Indian Institute of Technology Roorkee,"Architecture (5 Years, Bachelor of Architecture)",AI,EWS,Gender-Neutral,2789,2963
Indian Institute of Technology Roorkee,"Architecture (5 Years, Bachelor of Architecture)",AI,EWS,Female-only (including Supernumerary),4872,4872
Indian Institute of Technology Roorkee,"Architecture (5 Years, Bachelor of Architecture)",AI,OBC-NCL,Gender-Neutral,5821,7464
Indian Institute of Technology Roorkee,"Architecture (5 Years, Bachelor of Architecture)",AI,OBC-NCL,Female-only (including Supernumerary),7330,9946
Indian Institute of Technology Roorkee,"Architecture (5 Years, Bachelor of Architecture)",AI,SC,Gender-Neutral,3099,3116
Indian Institute of Technology Roorkee,"Architecture (5 Years, Bachelor of Architecture)",AI,SC,Female-only (including Supernumerary),2492,2492
Indian Institute of Technology Roorkee,"Architecture (5 Years, Bachelor of Architecture)",AI,ST,Gender-Neutral,1204,1670
Indian Institute of Technology Roorkee,"Biosciences and Bioengineering (4 Years, Bachelor of Technology)",AI,OPEN,Gender-Neutral,6980,8735
Indian Institute of Technology Roorkee,"Biosciences and Bioengineering (4 Years, Bachelor of Technology)",AI,OPEN,Female-only (including Supernumerary),14812,16586
Indian Institute of Technology Roorkee,"Biosciences and Bioengineering (4 Years, Bachelor of Technology)",AI,OPEN (PwD),Gender-Neutral,380P,380P
Indian Institute of Technology Roorkee,"Biosciences and Bioengineering (4 Years, Bachelor of Technology)",AI,EWS,Gender-Neutral,1392,1450
Indian Institute of Technology Roorkee,"Biosciences and Bioengineering (4 Years, Bachelor of Technology)",AI,EWS,Female-only (including Supernumerary),3179,3179
Indian Institute of Technology Roorkee,"Biosciences and Bioengineering (4 Years, Bachelor of Technology)",AI,OBC-NCL,Gender-Neutral,3162,3789
Indian Institute of Technology Roorkee,"Biosciences and Bioengineering (4 Years, Bachelor of Technology)",AI,OBC-NCL,Female-only (including Supernumerary),6576,8056
Indian Institute of Technology Roorkee,"Biosciences and Bioengineering (4 Years, Bachelor of Technology)",AI,SC,Gender-Neutral,2224,2409
Indian Institute of Technology Roorkee,"Biosciences and Bioengineering (4 Years, Bachelor of Technology)",AI,SC,Female-only (including Supernumerary),3804,3804
Indian Institute of Technology Roorkee,"Biosciences and Bioengineering (4 Years, Bachelor of Technology)",AI,ST,Gender-Neutral,1225,1279
Indian Institute of Technology Roorkee,"Biosciences and Bioengineering (4 Years, Bachelor of Technology)",AI,ST,Female-only (including Supernumerary),1779,1779
Indian Institute of Technology Roorkee,"Chemical Engineering (4 Years, Bachelor of Technology)",AI,OPEN,Gender-Neutral,4237,5572
Indian Institute of Technology Roorkee,"Chemical Engineering (4 Years, Bachelor of Technology)",AI,OPEN,Female-only (including Supernumerary),9306,11584
Indian Institute of Technology Roorkee,"Chemical Engineering (4 Years, Bachelor of Technology)",AI,OPEN (PwD),Gender-Neutral,237P,323P
Indian Institute of Technology Roorkee,"Chemical Engineering (4 Years, Bachelor of Technology)",AI,EWS,Gender-Neutral,743,857
Indian Institute of Technology Roorkee,"Chemical Engineering (4 Years, Bachelor of Technology)",AI,EWS,Female-only (including Supernumerary),2036,2263
Indian Institute of Technology Roorkee,"Chemical Engineering (4 Years, Bachelor of Technology)",AI,OBC-NCL,Gender-Neutral,1973,2449
Indian Institute of Technology Roorkee,"Chemical Engineering (4 Years, Bachelor of Technology)",AI,OBC-NCL,Female-only (including Supernumerary),4887,5811
Indian Institute of Technology Roorkee,"Chemical Engineering (4 Years, Bachelor of Technology)",AI,SC,Gender-Neutral,891,1441
Indian Institute of Technology Roorkee,"Chemical Engineering (4 Years, Bachelor of Technology)",AI,SC,Female-only (including Supernumerary),1557,2198
Indian Institute of Technology Roorkee,"Chemical Engineering (4 Years, Bachelor of Technology)",AI,ST,Gender-Neutral,378,814
Indian Institute of Technology Roorkee,"Chemical Engineering (4 Years, Bachelor of Technology)",AI,ST,Female-only (including Supernumerary),1120,1180
Indian Institute of Technology Roorkee,"Chemical Sciences (5 Years, Bachelor of Science and Master of Science (Dual Degree))",AI,OPEN,Gender-Neutral,9076,12132
Indian Institute of Technology Roorkee,"Chemical Sciences (5 Years, Bachelor of Science and Master of Science (Dual Degree))",AI,OPEN,Female-only (including Supernumerary),18921,19547
Indian Institute of Technology Roorkee,"Chemical Sciences (5 Years, Bachelor of Science and Master of Science (Dual Degree))",AI,EWS,Gender-Neutral,1633,1928
Indian Institute of Technology Roorkee,"Chemical Sciences (5 Years, Bachelor of Science and Master of Science (Dual Degree))",AI,EWS,Female-only (including Supernumerary),3963,3963
Indian Institute of Technology Roorkee,"Chemical Sciences (5 Years, Bachelor of Science and Master of Science (Dual Degree))",AI,OBC-NCL,Gender-Neutral,3295,5241
Indian Institute of Technology Roorkee,"Chemical Sciences (5 Years, Bachelor of Science and Master of Science (Dual Degree))",AI,OBC-NCL,Female-only (including Supernumerary),9692,9908
Indian Institute of Technology Roorkee,"Chemical Sciences (5 Years, Bachelor of Science and Master of Science (Dual Degree))",AI,SC,Gender-Neutral,2279,2932
Indian Institute of Technology Roorkee,"Chemical Sciences (5 Years, Bachelor of Science and Master of Science (Dual Degree))",AI,SC,Female-only (including Supernumerary),4181,4181
Indian Institute of Technology Roorkee,"Chemical Sciences (5 Years, Bachelor of Science and Master of Science (Dual Degree))",AI,ST,Gender-Neutral,1323,1566
Indian Institute of Technology Roorkee,"Civil Engineering (4 Years, Bachelor of Technology)",AI,OPEN,Gender-Neutral,5403,7765
Indian Institute of Technology Roorkee,"Civil Engineering (4 Years, Bachelor of Technology)",AI,OPEN,Female-only (including Supernumerary),12197,16077
Indian Institute of Technology Roorkee,"Civil Engineering (4 Years, Bachelor of Technology)",AI,OPEN (PwD),Gender-Neutral,74P,190P
Indian Institute of Technology Roorkee,"Civil Engineering (4 Years, Bachelor of Technology)",AI,OPEN (PwD),Female-only (including Supernumerary),281P,281P
Indian Institute of Technology Roorkee,"Civil Engineering (4 Years, Bachelor of Technology)",AI,EWS,Gender-Neutral,973,1152
Indian Institute of Technology Roorkee,"Civil Engineering (4 Years, Bachelor of Technology)",AI,EWS,Female-only (including Supernumerary),2492,2595
Indian Institute of Technology Roorkee,"Civil Engineering (4 Years, Bachelor of Technology)",AI,OBC-NCL,Gender-Neutral,2396,3084
Indian Institute of Technology Roorkee,"Civil Engineering (4 Years, Bachelor of Technology)",AI,OBC-NCL,Female-only (including Supernumerary),5276,7347
Indian Institute of Technology Roorkee,"Civil Engineering (4 Years, Bachelor of Technology)",AI,SC,Gender-Neutral,1073,1810
Indian Institute of Technology Roorkee,"Civil Engineering (4 Years, Bachelor of Technology)",AI,SC,Female-only (including Supernumerary),2530,3139
Indian Institute of Technology Roorkee,"Civil Engineering (4 Years, Bachelor of Technology)",AI,ST,Gender-Neutral,342,598
Indian Institute of Technology Roorkee,"Civil Engineering (4 Years, Bachelor of Technology)",AI,ST,Female-only (including Supernumerary),615,669
Indian Institute of Technology Roorkee,"Computer Science and Engineering (4 Years, Bachelor of Technology)",AI,OPEN,Gender-Neutral,363,587
Indian Institute of Technology Roorkee,"Computer Science and Engineering (4 Years, Bachelor of Technology)",AI,OPEN,Female-only (including Supernumerary),1284,2034
Indian Institute of Technology Roorkee,"Computer Science and Engineering (4 Years, Bachelor of Technology)",AI,OPEN (PwD),Gender-Neutral,15,31
Indian Institute of Technology Roorkee,"Computer Science and Engineering (4 Years, Bachelor of Technology)",AI,OPEN (PwD),Female-only (including Supernumerary),42,42
Indian Institute of Technology Roorkee,"Computer Science and Engineering (4 Years, Bachelor of Technology)",AI,EWS,Gender-Neutral,76,97
Indian Institute of Technology Roorkee,"Computer Science and Engineering (4 Years, Bachelor of Technology)",AI,EWS,Female-only (including Supernumerary),293,332
Indian Institute of Technology Roorkee,"Computer Science and Engineering (4 Years, Bachelor of Technology)",AI,OBC-NCL,Gender-Neutral,178,312
Indian Institute of Technology Roorkee,"Computer Science and Engineering (4 Years, Bachelor of Technology)",AI,OBC-NCL,Female-only (including Supernumerary),782,1003
Indian Institute of Technology Roorkee,"Computer Science and Engineering (4 Years, Bachelor of Technology)",AI,OBC-NCL (PwD),Gender-Neutral,11,11
Indian Institute of Technology Roorkee,"Computer Science and Engineering (4 Years, Bachelor of Technology)",AI,SC,Gender-Neutral,101,152
Indian Institute of Technology Roorkee,"Computer Science and Engineering (4 Years, Bachelor of Technology)",AI,SC,Female-only (including Supernumerary),396,478
Indian Institute of Technology Roorkee,"Computer Science and Engineering (4 Years, Bachelor of Technology)",AI,SC (PwD),Gender-Neutral,1P,1P
Indian Institute of Technology Roorkee,"Computer Science and Engineering (4 Years, Bachelor of Technology)",AI,ST,Gender-Neutral,38,79
Indian Institute of Technology Roorkee,"Computer Science and Engineering (4 Years, Bachelor of Technology)",AI,ST,Female-only (including Supernumerary),116,133
Indian Institute of Technology Roorkee,"Data Science and Artificial Intelligence (4 Years, Bachelor of Technology)",AI,OPEN,Gender-Neutral,614,847
Indian Institute of Technology Roorkee,"Data Science and Artificial Intelligence (4 Years, Bachelor of Technology)",AI,OPEN,Female-only (including Supernumerary),1853,2574
Indian Institute of Technology Roorkee,"Data Science and Artificial Intelligence (4 Years, Bachelor of Technology)",AI,OPEN (PwD),Gender-Neutral,57,57
Indian Institute of Technology Roorkee,"Data Science and Artificial Intelligence (4 Years, Bachelor of Technology)",AI,EWS,Gender-Neutral,130,133
Indian Institute of Technology Roorkee,"Data Science and Artificial Intelligence (4 Years, Bachelor of Technology)",AI,EWS,Female-only (including Supernumerary),486,486
Indian Institute of Technology Roorkee,"Data Science and Artificial Intelligence (4 Years, Bachelor of Technology)",AI,EWS (PwD),Gender-Neutral,25,25
Indian Institute of Technology Roorkee,"Data Science and Artificial Intelligence (4 Years, Bachelor of Technology)",AI,OBC-NCL,Gender-Neutral,319,433
Indian Institute of Technology Roorkee,"Data Science and Artificial Intelligence (4 Years, Bachelor of Technology)",AI,OBC-NCL,Female-only (including Supernumerary),1072,1177
Indian Institute of Technology Roorkee,"Data Science and Artificial Intelligence (4 Years, Bachelor of Technology)",AI,SC,Gender-Neutral,148,252
Indian Institute of Technology Roorkee,"Data Science and Artificial Intelligence (4 Years, Bachelor of Technology)",AI,SC,Female-only (including Supernumerary),494,494
Indian Institute of Technology Roorkee,"Data Science and Artificial Intelligence (4 Years, Bachelor of Technology)",AI,ST,Gender-Neutral,115,117
Indian Institute of Technology Roorkee,"Data Science and Artificial Intelligence (4 Years, Bachelor of Technology)",AI,ST,Female-only (including Supernumerary),323,323
Indian Institute of Technology Roorkee,"Economics (5 Years, Bachelor of Science and Master of Science (Dual Degree))",AI,OPEN,Gender-Neutral,4478,5957
Indian Institute of Technology Roorkee,"Economics (5 Years, Bachelor of Science and Master of Science (Dual Degree))",AI,OPEN,Female-only (including Supernumerary),8511,10271
Indian Institute of Technology Roorkee,"Economics (5 Years, Bachelor of Science and Master of Science (Dual Degree))",AI,EWS,Gender-Neutral,792,983
Indian Institute of Technology Roorkee,"Economics (5 Years, Bachelor of Science and Master of Science (Dual Degree))",AI,EWS,Female-only (including Supernumerary),2701,2701
Indian Institute of Technology Roorkee,"Economics (5 Years, Bachelor of Science and Master of Science (Dual Degree))",AI,OBC-NCL,Gender-Neutral,2721,3410
Indian Institute of Technology Roorkee,"Economics (5 Years, Bachelor of Science and Master of Science (Dual Degree))",AI,OBC-NCL,Female-only (including Supernumerary),5564,6503
Indian Institute of Technology Roorkee,"Economics (5 Years, Bachelor of Science and Master of Science (Dual Degree))",AI,SC,Gender-Neutral,822,2069
Indian Institute of Technology Roorkee,"Economics (5 Years, Bachelor of Science and Master of Science (Dual Degree))",AI,SC,Female-only (including Supernumerary),4301,4301
Indian Institute of Technology Roorkee,"Economics (5 Years, Bachelor of Science and Master of Science (Dual Degree))",AI,ST,Gender-Neutral,363,808
Indian Institute of Technology Roorkee,"Electrical Engineering (4 Years, Bachelor of Technology)",AI,OPEN,Gender-Neutral,1591,2269
Indian Institute of Technology Roorkee,"Electrical Engineering (4 Years, Bachelor of Technology)",AI,OPEN,Female-only (including Supernumerary),4338,5415
Indian Institute of Technology Roorkee,"Electrical Engineering (4 Years, Bachelor of Technology)",AI,OPEN (PwD),Gender-Neutral,124,126
Indian Institute of Technology Roorkee,"Electrical Engineering (4 Years, Bachelor of Technology)",AI,OPEN (PwD),Female-only (including Supernumerary),204P,204P
Indian Institute of Technology Roorkee,"Electrical Engineering (4 Years, Bachelor of Technology)",AI,EWS,Gender-Neutral,297,354
Indian Institute of Technology Roorkee,"Electrical Engineering (4 Years, Bachelor of Technology)",AI,EWS,Female-only (including Supernumerary),901,1049
Indian Institute of Technology Roorkee,"Electrical Engineering (4 Years, Bachelor of Technology)",AI,OBC-NCL,Gender-Neutral,763,1027
Indian Institute of Technology Roorkee,"Electrical Engineering (4 Years, Bachelor of Technology)",AI,OBC-NCL,Female-only (including Supernumerary),2293,2672
Indian Institute of Technology Roorkee,"Electrical Engineering (4 Years, Bachelor of Technology)",AI,OBC-NCL (PwD),Gender-Neutral,85,90
Indian Institute of Technology Roorkee,"Electrical Engineering (4 Years, Bachelor of Technology)",AI,OBC-NCL (PwD),Female-only (including Supernumerary),129P,129P
Indian Institute of Technology Roorkee,"Electrical Engineering (4 Years, Bachelor of Technology)",AI,SC,Gender-Neutral,423,629
Indian Institute of Technology Roorkee,"Electrical Engineering (4 Years, Bachelor of Technology)",AI,SC,Female-only (including Supernumerary),680,1365
Indian Institute of Technology Roorkee,"Electrical Engineering (4 Years, Bachelor of Technology)",AI,ST,Gender-Neutral,244,306
Indian Institute of Technology Roorkee,"Electrical Engineering (4 Years, Bachelor of Technology)",AI,ST,Female-only (including Supernumerary),418,467
Indian Institute of Technology Roorkee,"Electronics and Communication Engineering (4 Years, Bachelor of Technology)",AI,OPEN,Gender-Neutral,865,1541
Indian Institute of Technology Roorkee,"Electronics and Communication Engineering (4 Years, Bachelor of Technology)",AI,OPEN,Female-only (including Supernumerary),2869,3926
Indian Institute of Technology Roorkee,"Electronics and Communication Engineering (4 Years, Bachelor of Technology)",AI,OPEN (PwD),Gender-Neutral,90,110
Indian Institute of Technology Roorkee,"Electronics and Communication Engineering (4 Years, Bachelor of Technology)",AI,OPEN (PwD),Female-only (including Supernumerary),257,257
Indian Institute of Technology Roorkee,"Electronics and Communication Engineering (4 Years, Bachelor of Technology)",AI,EWS,Gender-Neutral,210,272
Indian Institute of Technology Roorkee,"Electronics and Communication Engineering (4 Years, Bachelor of Technology)",AI,EWS,Female-only (including Supernumerary),823,864
Indian Institute of Technology Roorkee,"Electronics and Communication Engineering (4 Years, Bachelor of Technology)",AI,OBC-NCL,Gender-Neutral,374,752
Indian Institute of Technology Roorkee,"Electronics and Communication Engineering (4 Years, Bachelor of Technology)",AI,OBC-NCL,Female-only (including Supernumerary),1518,2087
Indian Institute of Technology Roorkee,"Electronics and Communication Engineering (4 Years, Bachelor of Technology)",AI,OBC-NCL (PwD),Gender-Neutral,49,49
Indian Institute of Technology Roorkee,"Electronics and Communication Engineering (4 Years, Bachelor of Technology)",AI,SC,Gender-Neutral,213,376
Indian Institute of Technology Roorkee,"Electronics and Communication Engineering (4 Years, Bachelor of Technology)",AI,SC,Female-only (including Supernumerary),628,854
Indian Institute of Technology Roorkee,"Electronics and Communication Engineering (4 Years, Bachelor of Technology)",AI,SC (PwD),Gender-Neutral,15P,15P
Indian Institute of Technology Roorkee,"Electronics and Communication Engineering (4 Years, Bachelor of Technology)",AI,ST,Gender-Neutral,152,223
Indian Institute of Technology Roorkee,"Electronics and Communication Engineering (4 Years, Bachelor of Technology)",AI,ST,Female-only (including Supernumerary),329,401
Indian Institute of Technology Roorkee,"Energy Engineering (4 Years, Bachelor of Technology)",AI,OPEN,Gender-Neutral,4584,5418
Indian Institute of Technology Roorkee,"Energy Engineering (4 Years, Bachelor of Technology)",AI,OPEN,Female-only (including Supernumerary),7804,7804
Indian Institute of Technology Roorkee,"Energy Engineering (4 Years, Bachelor of Technology)",AI,EWS,Gender-Neutral,987,1016
Indian Institute of Technology Roorkee,"Energy Engineering (4 Years, Bachelor of Technology)",AI,EWS,Female-only (including Supernumerary),2636,2636
Indian Institute of Technology Roorkee,"Energy Engineering (4 Years, Bachelor of Technology)",AI,OBC-NCL,Gender-Neutral,2453,2536
Indian Institute of Technology Roorkee,"Energy Engineering (4 Years, Bachelor of Technology)",AI,OBC-NCL,Female-only (including Supernumerary),5636,5636
Indian Institute of Technology Roorkee,"Energy Engineering (4 Years, Bachelor of Technology)",AI,SC,Gender-Neutral,885,1446
Indian Institute of Technology Roorkee,"Energy Engineering (4 Years, Bachelor of Technology)",AI,SC,Female-only (including Supernumerary),2866,2866
Indian Institute of Technology Roorkee,"Energy Engineering (4 Years, Bachelor of Technology)",AI,ST,Gender-Neutral,913,913
Indian Institute of Technology Roorkee,"Engineering Physics (4 Years, Bachelor of Technology)",AI,OPEN,Gender-Neutral,2748,4251
Indian Institute of Technology Roorkee,"Engineering Physics (4 Years, Bachelor of Technology)",AI,OPEN,Female-only (including Supernumerary),7214,10238
Indian Institute of Technology Roorkee,"Engineering Physics (4 Years, Bachelor of Technology)",AI,OPEN (PwD),Gender-Neutral,142P,142P
Indian Institute of Technology Roorkee,"Engineering Physics (4 Years, Bachelor of Technology)",AI,EWS,Gender-Neutral,902,936
Indian Institute of Technology Roorkee,"Engineering Physics (4 Years, Bachelor of Technology)",AI,EWS,Female-only (including Supernumerary),2061,2061
Indian Institute of Technology Roorkee,"Engineering Physics (4 Years, Bachelor of Technology)",AI,OBC-NCL,Gender-Neutral,1926,2356
Indian Institute of Technology Roorkee,"Engineering Physics (4 Years, Bachelor of Technology)",AI,OBC-NCL,Female-only (including Supernumerary),5878,6664
Indian Institute of Technology Roorkee,"Engineering Physics (4 Years, Bachelor of Technology)",AI,SC,Gender-Neutral,1071,1495
Indian Institute of Technology Roorkee,"Engineering Physics (4 Years, Bachelor of Technology)",AI,SC,Female-only (including Supernumerary),2924,3074
Indian Institute of Technology Roorkee,"Engineering Physics (4 Years, Bachelor of Technology)",AI,ST,Gender-Neutral,729,908
Indian Institute of Technology Roorkee,"Geological Technology (5 Years, Integrated Master of Technology)",AI,OPEN,Gender-Neutral,9793,11560
Indian Institute of Technology Roorkee,"Geological Technology (5 Years, Integrated Master of Technology)",AI,OPEN,Female-only (including Supernumerary),15758,19186
Indian Institute of Technology Roorkee,"Geological Technology (5 Years, Integrated Master of Technology)",AI,EWS,Gender-Neutral,1543,1714
Indian Institute of Technology Roorkee,"Geological Technology (5 Years, Integrated Master of Technology)",AI,EWS,Female-only (including Supernumerary),2929,2929
Indian Institute of Technology Roorkee,"Geological Technology (5 Years, Integrated Master of Technology)",AI,OBC-NCL,Gender-Neutral,4009,4545
Indian Institute of Technology Roorkee,"Geological Technology (5 Years, Integrated Master of Technology)",AI,OBC-NCL,Female-only (including Supernumerary),9685,9893
Indian Institute of Technology Roorkee,"Geological Technology (5 Years, Integrated Master of Technology)",AI,SC,Gender-Neutral,2440,2663
Indian Institute of Technology Roorkee,"Geological Technology (5 Years, Integrated Master of Technology)",AI,SC,Female-only (including Supernumerary),3838,3838
Indian Institute of Technology Roorkee,"Geological Technology (5 Years, Integrated Master of Technology)",AI,ST,Gender-Neutral,1191,1385
Indian Institute of Technology Roorkee,"Geological Technology (5 Years, Integrated Master of Technology)",AI,ST,Female-only (including Supernumerary),2001,2001
Indian Institute of Technology Roorkee,"Geophysical Technology (5 Years, Integrated Master of Technology)",AI,OPEN,Gender-Neutral,8272,9779
Indian Institute of Technology Roorkee,"Geophysical Technology (5 Years, Integrated Master of Technology)",AI,OPEN,Female-only (including Supernumerary),17615,17838
Indian Institute of Technology Roorkee,"Geophysical Technology (5 Years, Integrated Master of Technology)",AI,EWS,Gender-Neutral,1457,1534
Indian Institute of Technology Roorkee,"Geophysical Technology (5 Years, Integrated Master of Technology)",AI,EWS,Female-only (including Supernumerary),2882,2882
Indian Institute of Technology Roorkee,"Geophysical Technology (5 Years, Integrated Master of Technology)",AI,OBC-NCL,Gender-Neutral,2386,4080
Indian Institute of Technology Roorkee,"Geophysical Technology (5 Years, Integrated Master of Technology)",AI,OBC-NCL,Female-only (including Supernumerary),9245,9435
Indian Institute of Technology Roorkee,"Geophysical Technology (5 Years, Integrated Master of Technology)",AI,SC,Gender-Neutral,2254,2593
Indian Institute of Technology Roorkee,"Geophysical Technology (5 Years, Integrated Master of Technology)",AI,SC,Female-only (including Supernumerary),4184,4184
Indian Institute of Technology Roorkee,"Geophysical Technology (5 Years, Integrated Master of Technology)",AI,ST,Gender-Neutral,1220,1428
Indian Institute of Technology Roorkee,"Geophysical Technology (5 Years, Integrated Master of Technology)",AI,ST,Female-only (including Supernumerary),1896,1896
Indian Institute of Technology Roorkee,"Mathematics & Computing (5 Years, Bachelor of Science and Master of Science (Dual Degree))",AI,OPEN,Gender-Neutral,964,1529
Indian Institute of Technology Roorkee,"Mathematics & Computing (5 Years, Bachelor of Science and Master of Science (Dual Degree))",AI,OPEN,Female-only (including Supernumerary),3626,4596
Indian Institute of Technology Roorkee,"Mathematics & Computing (5 Years, Bachelor of Science and Master of Science (Dual Degree))",AI,OPEN (PwD),Gender-Neutral,100,100
Indian Institute of Technology Roorkee,"Mathematics & Computing (5 Years, Bachelor of Science and Master of Science (Dual Degree))",AI,EWS,Gender-Neutral,242,281
Indian Institute of Technology Roorkee,"Mathematics & Computing (5 Years, Bachelor of Science and Master of Science (Dual Degree))",AI,EWS,Female-only (including Supernumerary),832,832
Indian Institute of Technology Roorkee,"Mathematics & Computing (5 Years, Bachelor of Science and Master of Science (Dual Degree))",AI,OBC-NCL,Gender-Neutral,522,789
Indian Institute of Technology Roorkee,"Mathematics & Computing (5 Years, Bachelor of Science and Master of Science (Dual Degree))",AI,OBC-NCL,Female-only (including Supernumerary),2316,2567
Indian Institute of Technology Roorkee,"Mathematics & Computing (5 Years, Bachelor of Science and Master of Science (Dual Degree))",AI,OBC-NCL (PwD),Gender-Neutral,87,87
Indian Institute of Technology Roorkee,"Mathematics & Computing (5 Years, Bachelor of Science and Master of Science (Dual Degree))",AI,SC,Gender-Neutral,236,493
Indian Institute of Technology Roorkee,"Mathematics & Computing (5 Years, Bachelor of Science and Master of Science (Dual Degree))",AI,SC,Female-only (including Supernumerary),1395,1395
Indian Institute of Technology Roorkee,"Mathematics & Computing (5 Years, Bachelor of Science and Master of Science (Dual Degree))",AI,ST,Gender-Neutral,297,384
Indian Institute of Technology Roorkee,"Mathematics & Computing (5 Years, Bachelor of Science and Master of Science (Dual Degree))",AI,ST,Female-only (including Supernumerary),629,629
Indian Institute of Technology Roorkee,"Mechanical Engineering (4 Years, Bachelor of Technology)",AI,OPEN,Gender-Neutral,2763,4453
Indian Institute of Technology Roorkee,"Mechanical Engineering (4 Years, Bachelor of Technology)",AI,OPEN,Female-only (including Supernumerary),8139,11201
Indian Institute of Technology Roorkee,"Mechanical Engineering (4 Years, Bachelor of Technology)",AI,OPEN (PwD),Gender-Neutral,28,54P
Indian Institute of Technology Roorkee,"Mechanical Engineering (4 Years, Bachelor of Technology)",AI,OPEN (PwD),Female-only (including Supernumerary),410P,410P
Indian Institute of Technology Roorkee,"Mechanical Engineering (4 Years, Bachelor of Technology)",AI,EWS,Gender-Neutral,615,794
Indian Institute of Technology Roorkee,"Mechanical Engineering (4 Years, Bachelor of Technology)",AI,EWS,Female-only (including Supernumerary),1770,2173
Indian Institute of Technology Roorkee,"Mechanical Engineering (4 Years, Bachelor of Technology)",AI,OBC-NCL,Gender-Neutral,1040,1969
Indian Institute of Technology Roorkee,"Mechanical Engineering (4 Years, Bachelor of Technology)",AI,OBC-NCL,Female-only (including Supernumerary),3628,5163
Indian Institute of Technology Roorkee,"Mechanical Engineering (4 Years, Bachelor of Technology)",AI,OBC-NCL (PwD),Gender-Neutral,98P,98P
Indian Institute of Technology Roorkee,"Mechanical Engineering (4 Years, Bachelor of Technology)",AI,SC,Gender-Neutral,633,1090
Indian Institute of Technology Roorkee,"Mechanical Engineering (4 Years, Bachelor of Technology)",AI,SC,Female-only (including Supernumerary),1922,2327
Indian Institute of Technology Roorkee,"Mechanical Engineering (4 Years, Bachelor of Technology)",AI,ST,Gender-Neutral,391,621
Indian Institute of Technology Roorkee,"Mechanical Engineering (4 Years, Bachelor of Technology)",AI,ST,Female-only (including Supernumerary),806,997
Indian Institute of Technology Roorkee,"Metallurgical and Materials Engineering (4 Years, Bachelor of Technology)",AI,OPEN,Gender-Neutral,6582,7977
Indian Institute of Technology Roorkee,"Metallurgical and Materials Engineering (4 Years, Bachelor of Technology)",AI,OPEN,Female-only (including Supernumerary),11826,14458
Indian Institute of Technology Roorkee,"Metallurgical and Materials Engineering (4 Years, Bachelor of Technology)",AI,OPEN (PwD),Gender-Neutral,296P,296P
Indian Institute of Technology Roorkee,"Metallurgical and Materials Engineering (4 Years, Bachelor of Technology)",AI,EWS,Gender-Neutral,1255,1330
Indian Institute of Technology Roorkee,"Metallurgical and Materials Engineering (4 Years, Bachelor of Technology)",AI,EWS,Female-only (including Supernumerary),2860,2939
Indian Institute of Technology Roorkee,"Metallurgical and Materials Engineering (4 Years, Bachelor of Technology)",AI,OBC-NCL,Gender-Neutral,2808,3585
Indian Institute of Technology Roorkee,"Metallurgical and Materials Engineering (4 Years, Bachelor of Technology)",AI,OBC-NCL,Female-only (including Supernumerary),6797,7375
Indian Institute of Technology Roorkee,"Metallurgical and Materials Engineering (4 Years, Bachelor of Technology)",AI,SC,Gender-Neutral,1696,2029
Indian Institute of Technology Roorkee,"Metallurgical and Materials Engineering (4 Years, Bachelor of Technology)",AI,SC,Female-only (including Supernumerary),2997,3399
Indian Institute of Technology Roorkee,"Metallurgical and Materials Engineering (4 Years, Bachelor of Technology)",AI,ST,Gender-Neutral,867,1149
Indian Institute of Technology Roorkee,"Metallurgical and Materials Engineering (4 Years, Bachelor of Technology)",AI,ST,Female-only (including Supernumerary),1468,1468
Indian Institute of Technology Roorkee,"Physics (5 Years, Bachelor of Science and Master of Science (Dual Degree))",AI,OPEN,Gender-Neutral,6788,9749
Indian Institute of Technology Roorkee,"Physics (5 Years, Bachelor of Science and Master of Science (Dual Degree))",AI,OPEN,Female-only (including Supernumerary),14484,16001
Indian Institute of Technology Roorkee,"Physics (5 Years, Bachelor of Science and Master of Science (Dual Degree))",AI,EWS,Gender-Neutral,1556,1781
Indian Institute of Technology Roorkee,"Physics (5 Years, Bachelor of Science and Master of Science (Dual Degree))",AI,EWS,Female-only (including Supernumerary),3111,3111
Indian Institute of Technology Roorkee,"Physics (5 Years, Bachelor of Science and Master of Science (Dual Degree))",AI,OBC-NCL,Gender-Neutral,3934,5117
Indian Institute of Technology Roorkee,"Physics (5 Years, Bachelor of Science and Master of Science (Dual Degree))",AI,OBC-NCL,Female-only (including Supernumerary),10149,10201
Indian Institute of Technology Roorkee,"Physics (5 Years, Bachelor of Science and Master of Science (Dual Degree))",AI,SC,Gender-Neutral,2481,2979
Indian Institute of Technology Roorkee,"Physics (5 Years, Bachelor of Science and Master of Science (Dual Degree))",AI,SC,Female-only (including Supernumerary),3713,3713
Indian Institute of Technology Roorkee,"Physics (5 Years, Bachelor of Science and Master of Science (Dual Degree))",AI,ST,Gender-Neutral,1476,1476
Indian Institute of Technology Roorkee,"Production and Industrial Engineering (4 Years, Bachelor of Technology)",AI,OPEN,Gender-Neutral,5025,5903
Indian Institute of Technology Roorkee,"Production and Industrial Engineering (4 Years, Bachelor of Technology)",AI,OPEN,Female-only (including Supernumerary),11735,13361
Indian Institute of Technology Roorkee,"Production and Industrial Engineering (4 Years, Bachelor of Technology)",AI,OPEN (PwD),Gender-Neutral,255P,255P
Indian Institute of Technology Roorkee,"Production and Industrial Engineering (4 Years, Bachelor of Technology)",AI,EWS,Gender-Neutral,955,1077
Indian Institute of Technology Roorkee,"Production and Industrial Engineering (4 Years, Bachelor of Technology)",AI,EWS,Female-only (including Supernumerary),2464,2464
Indian Institute of Technology Roorkee,"Production and Industrial Engineering (4 Years, Bachelor of Technology)",AI,OBC-NCL,Gender-Neutral,2317,3027
Indian Institute of Technology Roorkee,"Production and Industrial Engineering (4 Years, Bachelor of Technology)",AI,OBC-NCL,Female-only (including Supernumerary),5978,6783
Indian Institute of Technology Roorkee,"Production and Industrial Engineering (4 Years, Bachelor of Technology)",AI,SC,Gender-Neutral,1491,2011
Indian Institute of Technology Roorkee,"Production and Industrial Engineering (4 Years, Bachelor of Technology)",AI,SC,Female-only (including Supernumerary),2218,3048
Indian Institute of Technology Roorkee,"Production and Industrial Engineering (4 Years, Bachelor of Technology)",AI,ST,Gender-Neutral,807,987
Indian Institute of Technology Roorkee,"Production and Industrial Engineering (4 Years, Bachelor of Technology)",AI,ST,Female-only (including Supernumerary),1561,1561
Indian Institute of Technology (ISM) Dhanbad,"B.Tech Mining Engineering and MBA in Logistic and Supply Chain Management (IIM Mumbai) (5 Years, Bachelor of Technology and MBA (Dual Degree))",AI,OPEN,Gender-Neutral,10787,15372
Indian Institute of Technology (ISM) Dhanbad,"B.Tech Mining Engineering and MBA in Logistic and Supply Chain Management (IIM Mumbai) (5 Years, Bachelor of Technology and MBA (Dual Degree))",AI,OPEN,Female-only (including Supernumerary),25251,29025
Indian Institute of Technology (ISM) Dhanbad,"B.Tech Mining Engineering and MBA in Logistic and Supply Chain Management (IIM Mumbai) (5 Years, Bachelor of Technology and MBA (Dual Degree))",AI,EWS,Gender-Neutral,2104,2345
Indian Institute of Technology (ISM) Dhanbad,"B.Tech Mining Engineering and MBA in Logistic and Supply Chain Management (IIM Mumbai) (5 Years, Bachelor of Technology and MBA (Dual Degree))",AI,EWS,Female-only (including Supernumerary),4623,4623
Indian Institute of Technology (ISM) Dhanbad,"B.Tech Mining Engineering and MBA in Logistic and Supply Chain Management (IIM Mumbai) (5 Years, Bachelor of Technology and MBA (Dual Degree))",AI,OBC-NCL,Gender-Neutral,4509,5694
Indian Institute of Technology (ISM) Dhanbad,"B.Tech Mining Engineering and MBA in Logistic and Supply Chain Management (IIM Mumbai) (5 Years, Bachelor of Technology and MBA (Dual Degree))",AI,OBC-NCL,Female-only (including Supernumerary),9510,10755
Indian Institute of Technology (ISM) Dhanbad,"B.Tech Mining Engineering and MBA in Logistic and Supply Chain Management (IIM Mumbai) (5 Years, Bachelor of Technology and MBA (Dual Degree))",AI,SC,Gender-Neutral,2566,3338
Indian Institute of Technology (ISM) Dhanbad,"B.Tech Mining Engineering and MBA in Logistic and Supply Chain Management (IIM Mumbai) (5 Years, Bachelor of Technology and MBA (Dual Degree))",AI,SC,Female-only (including Supernumerary),4382,4842
Indian Institute of Technology (ISM) Dhanbad,"B.Tech Mining Engineering and MBA in Logistic and Supply Chain Management (IIM Mumbai) (5 Years, Bachelor of Technology and MBA (Dual Degree))",AI,ST,Gender-Neutral,1302,1499
Indian Institute of Technology (ISM) Dhanbad,"B.Tech Mining Engineering and MBA in Logistic and Supply Chain Management (IIM Mumbai) (5 Years, Bachelor of Technology and MBA (Dual Degree))",AI,ST,Female-only (including Supernumerary),1940,1940
Indian Institute of Technology (ISM) Dhanbad,"Chemical Science (5 Years, Integrated Bachelor of Science-Master of Science)",AI,OPEN,Gender-Neutral,17401,18977
Indian Institute of Technology (ISM) Dhanbad,"Chemical Science (5 Years, Integrated Bachelor of Science-Master of Science)",AI,OPEN,Female-only (including Supernumerary),27281,28062
Indian Institute of Technology (ISM) Dhanbad,"Chemical Science (5 Years, Integrated Bachelor of Science-Master of Science)",AI,EWS,Gender-Neutral,2753,2798
Indian Institute of Technology (ISM) Dhanbad,"Chemical Science (5 Years, Integrated Bachelor of Science-Master of Science)",AI,OBC-NCL,Gender-Neutral,5960,6218
Indian Institute of Technology (ISM) Dhanbad,"Chemical Science (5 Years, Integrated Bachelor of Science-Master of Science)",AI,OBC-NCL,Female-only (including Supernumerary),11106,11106
Indian Institute of Technology (ISM) Dhanbad,"Chemical Science (5 Years, Integrated Bachelor of Science-Master of Science)",AI,SC,Gender-Neutral,3344,3392
Indian Institute of Technology (ISM) Dhanbad,"Chemical Science (5 Years, Integrated Bachelor of Science-Master of Science)",AI,SC,Female-only (including Supernumerary),4779,4779
Indian Institute of Technology (ISM) Dhanbad,"Chemical Science (5 Years, Integrated Bachelor of Science-Master of Science)",AI,ST,Gender-Neutral,1581,1581
Indian Institute of Technology (ISM) Dhanbad,"Chemical Engineering (4 Years, Bachelor of Technology)",AI,OPEN,Gender-Neutral,11350,13029
Indian Institute of Technology (ISM) Dhanbad,"Chemical Engineering (4 Years, Bachelor of Technology)",AI,OPEN,Female-only (including Supernumerary),17622,20265
Indian Institute of Technology (ISM) Dhanbad,"Chemical Engineering (4 Years, Bachelor of Technology)",AI,OPEN (PwD),Gender-Neutral,555P,555P
Indian Institute of Technology (ISM) Dhanbad,"Chemical Engineering (4 Years, Bachelor of Technology)",AI,EWS,Gender-Neutral,1812,1955
Indian Institute of Technology (ISM) Dhanbad,"Chemical Engineering (4 Years, Bachelor of Technology)",AI,EWS,Female-only (including Supernumerary),3664,3664
Indian Institute of Technology (ISM) Dhanbad,"Chemical Engineering (4 Years, Bachelor of Technology)",AI,OBC-NCL,Gender-Neutral,3792,4592
Indian Institute of Technology (ISM) Dhanbad,"Chemical Engineering (4 Years, Bachelor of Technology)",AI,OBC-NCL,Female-only (including Supernumerary),7833,8113
Indian Institute of Technology (ISM) Dhanbad,"Chemical Engineering (4 Years, Bachelor of Technology)",AI,SC,Gender-Neutral,2166,2470
Indian Institute of Technology (ISM) Dhanbad,"Chemical Engineering (4 Years, Bachelor of Technology)",AI,SC,Female-only (including Supernumerary),3678,3678
Indian Institute of Technology (ISM) Dhanbad,"Chemical Engineering (4 Years, Bachelor of Technology)",AI,ST,Gender-Neutral,1065,1153
Indian Institute of Technology (ISM) Dhanbad,"Chemical Engineering (4 Years, Bachelor of Technology)",AI,ST,Female-only (including Supernumerary),1718,1718
Indian Institute of Technology (ISM) Dhanbad,"Civil Engineering (4 Years, Bachelor of Technology)",AI,OPEN,Gender-Neutral,10121,15329
Indian Institute of Technology (ISM) Dhanbad,"Civil Engineering (4 Years, Bachelor of Technology)",AI,OPEN,Female-only (including Supernumerary),20439,24253
Indian Institute of Technology (ISM) Dhanbad,"Civil Engineering (4 Years, Bachelor of Technology)",AI,EWS,Gender-Neutral,2202,2365
Indian Institute of Technology (ISM) Dhanbad,"Civil Engineering (4 Years, Bachelor of Technology)",AI,EWS,Female-only (including Supernumerary),4251,4251
Indian Institute of Technology (ISM) Dhanbad,"Civil Engineering (4 Years, Bachelor of Technology)",AI,OBC-NCL,Gender-Neutral,4234,4812
Indian Institute of Technology (ISM) Dhanbad,"Civil Engineering (4 Years, Bachelor of Technology)",AI,OBC-NCL,Female-only (including Supernumerary),9623,9910
Indian Institute of Technology (ISM) Dhanbad,"Civil Engineering (4 Years, Bachelor of Technology)",AI,SC,Gender-Neutral,2162,2579
Indian Institute of Technology (ISM) Dhanbad,"Civil Engineering (4 Years, Bachelor of Technology)",AI,SC,Female-only (including Supernumerary),3695,3702
Indian Institute of Technology (ISM) Dhanbad,"Civil Engineering (4 Years, Bachelor of Technology)",AI,ST,Gender-Neutral,818,922
Indian Institute of Technology (ISM) Dhanbad,"Civil Engineering (4 Years, Bachelor of Technology)",AI,ST,Female-only (including Supernumerary),1190,1190
Indian Institute of Technology (ISM) Dhanbad,"Computer Science and Engineering (4 Years, Bachelor of Technology)",AI,OPEN,Gender-Neutral,2309,4167
Indian Institute of Technology (ISM) Dhanbad,"Computer Science and Engineering (4 Years, Bachelor of Technology)",AI,OPEN,Female-only (including Supernumerary),4485,8539
Indian Institute of Technology (ISM) Dhanbad,"Computer Science and Engineering (4 Years, Bachelor of Technology)",AI,OPEN (PwD),Gender-Neutral,130,153
Indian Institute of Technology (ISM) Dhanbad,"Computer Science and Engineering (4 Years, Bachelor of Technology)",AI,OPEN (PwD),Female-only (including Supernumerary),253,253
Indian Institute of Technology (ISM) Dhanbad,"Computer Science and Engineering (4 Years, Bachelor of Technology)",AI,EWS,Gender-Neutral,498,567
Indian Institute of Technology (ISM) Dhanbad,"Computer Science and Engineering (4 Years, Bachelor of Technology)",AI,EWS,Female-only (including Supernumerary),1373,1419
Indian Institute of Technology (ISM) Dhanbad,"Computer Science and Engineering (4 Years, Bachelor of Technology)",AI,EWS (PwD),Gender-Neutral,9P,9P
Indian Institute of Technology (ISM) Dhanbad,"Computer Science and Engineering (4 Years, Bachelor of Technology)",AI,OBC-NCL,Gender-Neutral,987,1334
Indian Institute of Technology (ISM) Dhanbad,"Computer Science and Engineering (4 Years, Bachelor of Technology)",AI,OBC-NCL,Female-only (including Supernumerary),2372,3440
Indian Institute of Technology (ISM) Dhanbad,"Computer Science and Engineering (4 Years, Bachelor of Technology)",AI,OBC-NCL (PwD),Gender-Neutral,84,91
Indian Institute of Technology (ISM) Dhanbad,"Computer Science and Engineering (4 Years, Bachelor of Technology)",AI,OBC-NCL (PwD),Female-only (including Supernumerary),187P,187P
Indian Institute of Technology (ISM) Dhanbad,"Computer Science and Engineering (4 Years, Bachelor of Technology)",AI,SC,Gender-Neutral,404,780
Indian Institute of Technology (ISM) Dhanbad,"Computer Science and Engineering (4 Years, Bachelor of Technology)",AI,SC,Female-only (including Supernumerary),1019,1476
Indian Institute of Technology (ISM) Dhanbad,"Computer Science and Engineering (4 Years, Bachelor of Technology)",AI,ST,Gender-Neutral,194,336
Indian Institute of Technology (ISM) Dhanbad,"Computer Science and Engineering (4 Years, Bachelor of Technology)",AI,ST,Female-only (including Supernumerary),341,449
Indian Institute of Technology (ISM) Dhanbad,"Electrical Engineering (4 Years, Bachelor of Technology)",AI,OPEN,Gender-Neutral,6377,8319
Indian Institute of Technology (ISM) Dhanbad,"Electrical Engineering (4 Years, Bachelor of Technology)",AI,OPEN,Female-only (including Supernumerary),13809,15221
Indian Institute of Technology (ISM) Dhanbad,"Electrical Engineering (4 Years, Bachelor of Technology)",AI,OPEN (PwD),Gender-Neutral,145P,351P
Indian Institute of Technology (ISM) Dhanbad,"Electrical Engineering (4 Years, Bachelor of Technology)",AI,EWS,Gender-Neutral,1040,1129
Indian Institute of Technology (ISM) Dhanbad,"Electrical Engineering (4 Years, Bachelor of Technology)",AI,EWS,Female-only (including Supernumerary),2169,2289
Indian Institute of Technology (ISM) Dhanbad,"Electrical Engineering (4 Years, Bachelor of Technology)",AI,OBC-NCL,Gender-Neutral,2174,2743
Indian Institute of Technology (ISM) Dhanbad,"Electrical Engineering (4 Years, Bachelor of Technology)",AI,OBC-NCL,Female-only (including Supernumerary),4818,6076
Indian Institute of Technology (ISM) Dhanbad,"Electrical Engineering (4 Years, Bachelor of Technology)",AI,SC,Gender-Neutral,1099,1575
Indian Institute of Technology (ISM) Dhanbad,"Electrical Engineering (4 Years, Bachelor of Technology)",AI,SC,Female-only (including Supernumerary),2265,2835
Indian Institute of Technology (ISM) Dhanbad,"Electrical Engineering (4 Years, Bachelor of Technology)",AI,ST,Gender-Neutral,670,824
Indian Institute of Technology (ISM) Dhanbad,"Electrical Engineering (4 Years, Bachelor of Technology)",AI,ST,Female-only (including Supernumerary),846,1021
Indian Institute of Technology (ISM) Dhanbad,"Electronics and Communication Engineering (4 Years, Bachelor of Technology)",AI,OPEN,Gender-Neutral,2900,5925
Indian Institute of Technology (ISM) Dhanbad,"Electronics and Communication Engineering (4 Years, Bachelor of Technology)",AI,OPEN,Female-only (including Supernumerary),10504,12818
Indian Institute of Technology (ISM) Dhanbad,"Electronics and Communication Engineering (4 Years, Bachelor of Technology)",AI,OPEN (PwD),Gender-Neutral,237,86P
Indian Institute of Technology (ISM) Dhanbad,"Electronics and Communication Engineering (4 Years, Bachelor of Technology)",AI,OPEN (PwD),Female-only (including Supernumerary),171P,171P
Indian Institute of Technology (ISM) Dhanbad,"Electronics and Communication Engineering (4 Years, Bachelor of Technology)",AI,EWS,Gender-Neutral,725,822
Indian Institute of Technology (ISM) Dhanbad,"Electronics and Communication Engineering (4 Years, Bachelor of Technology)",AI,EWS,Female-only (including Supernumerary),1762,1838
Indian Institute of Technology (ISM) Dhanbad,"Electronics and Communication Engineering (4 Years, Bachelor of Technology)",AI,EWS (PwD),Gender-Neutral,59P,59P
Indian Institute of Technology (ISM) Dhanbad,"Electronics and Communication Engineering (4 Years, Bachelor of Technology)",AI,OBC-NCL,Gender-Neutral,1580,2060
Indian Institute of Technology (ISM) Dhanbad,"Electronics and Communication Engineering (4 Years, Bachelor of Technology)",AI,OBC-NCL,Female-only (including Supernumerary),4069,4767
Indian Institute of Technology (ISM) Dhanbad,"Electronics and Communication Engineering (4 Years, Bachelor of Technology)",AI,OBC-NCL (PwD),Gender-Neutral,54P,54P
Indian Institute of Technology (ISM) Dhanbad,"Electronics and Communication Engineering (4 Years, Bachelor of Technology)",AI,SC,Gender-Neutral,971,1313
Indian Institute of Technology (ISM) Dhanbad,"Electronics and Communication Engineering (4 Years, Bachelor of Technology)",AI,SC,Female-only (including Supernumerary),1963,2143
Indian Institute of Technology (ISM) Dhanbad,"Electronics and Communication Engineering (4 Years, Bachelor of Technology)",AI,ST,Gender-Neutral,344,617
Indian Institute of Technology (ISM) Dhanbad,"Electronics and Communication Engineering (4 Years, Bachelor of Technology)",AI,ST,Female-only (including Supernumerary),552,977
Indian Institute of Technology (ISM) Dhanbad,"Engineering Physics (4 Years, Bachelor of Technology)",AI,OPEN,Gender-Neutral,8489,11713
Indian Institute of Technology (ISM) Dhanbad,"Engineering Physics (4 Years, Bachelor of Technology)",AI,OPEN,Female-only (including Supernumerary),16498,19315
Indian Institute of Technology (ISM) Dhanbad,"Engineering Physics (4 Years, Bachelor of Technology)",AI,EWS,Gender-Neutral,1535,1549
Indian Institute of Technology (ISM) Dhanbad,"Engineering Physics (4 Years, Bachelor of Technology)",AI,EWS,Female-only (including Supernumerary),3610,3610
Indian Institute of Technology (ISM) Dhanbad,"Engineering Physics (4 Years, Bachelor of Technology)",AI,OBC-NCL,Gender-Neutral,3831,4499
Indian Institute of Technology (ISM) Dhanbad,"Engineering Physics (4 Years, Bachelor of Technology)",AI,OBC-NCL,Female-only (including Supernumerary),8318,8427
Indian Institute of Technology (ISM) Dhanbad,"Engineering Physics (4 Years, Bachelor of Technology)",AI,SC,Gender-Neutral,2212,2800
Indian Institute of Technology (ISM) Dhanbad,"Engineering Physics (4 Years, Bachelor of Technology)",AI,SC,Female-only (including Supernumerary),3801,3801
Indian Institute of Technology (ISM) Dhanbad,"Engineering Physics (4 Years, Bachelor of Technology)",AI,ST,Gender-Neutral,1335,1445
Indian Institute of Technology (ISM) Dhanbad,"Environmental Engineering (4 Years, Bachelor of Technology)",AI,OPEN,Gender-Neutral,14854,17683
Indian Institute of Technology (ISM) Dhanbad,"Environmental Engineering (4 Years, Bachelor of Technology)",AI,OPEN,Female-only (including Supernumerary),24876,27032
Indian Institute of Technology (ISM) Dhanbad,"Environmental Engineering (4 Years, Bachelor of Technology)",AI,EWS,Gender-Neutral,2494,2619
Indian Institute of Technology (ISM) Dhanbad,"Environmental Engineering (4 Years, Bachelor of Technology)",AI,EWS,Female-only (including Supernumerary),4547,4547
Indian Institute of Technology (ISM) Dhanbad,"Environmental Engineering (4 Years, Bachelor of Technology)",AI,OBC-NCL,Gender-Neutral,5216,6075
Indian Institute of Technology (ISM) Dhanbad,"Environmental Engineering (4 Years, Bachelor of Technology)",AI,OBC-NCL,Female-only (including Supernumerary),9698,10374
Indian Institute of Technology (ISM) Dhanbad,"Environmental Engineering (4 Years, Bachelor of Technology)",AI,SC,Gender-Neutral,3229,3319
Indian Institute of Technology (ISM) Dhanbad,"Environmental Engineering (4 Years, Bachelor of Technology)",AI,SC,Female-only (including Supernumerary),4431,4431
Indian Institute of Technology (ISM) Dhanbad,"Environmental Engineering (4 Years, Bachelor of Technology)",AI,ST,Gender-Neutral,1457,1567
Indian Institute of Technology (ISM) Dhanbad,"Environmental Engineering (4 Years, Bachelor of Technology)",AI,ST,Female-only (including Supernumerary),2038,2038
Indian Institute of Technology (ISM) Dhanbad,"Geological Engineering (4 Years, Bachelor of Technology)",AI,OPEN,Gender-Neutral,16176,17791
Indian Institute of Technology (ISM) Dhanbad,"Geological Engineering (4 Years, Bachelor of Technology)",AI,OPEN,Female-only (including Supernumerary),28726,28726
Indian Institute of Technology (ISM) Dhanbad,"Geological Engineering (4 Years, Bachelor of Technology)",AI,EWS,Gender-Neutral,2622,2633
Indian Institute of Technology (ISM) Dhanbad,"Geological Engineering (4 Years, Bachelor of Technology)",AI,EWS,Female-only (including Supernumerary),4894,4894
Indian Institute of Technology (ISM) Dhanbad,"Geological Engineering (4 Years, Bachelor of Technology)",AI,OBC-NCL,Gender-Neutral,5955,6202
Indian Institute of Technology (ISM) Dhanbad,"Geological Engineering (4 Years, Bachelor of Technology)",AI,OBC-NCL,Female-only (including Supernumerary),10240,10240
Indian Institute of Technology (ISM) Dhanbad,"Geological Engineering (4 Years, Bachelor of Technology)",AI,SC,Gender-Neutral,3297,3333
Indian Institute of Technology (ISM) Dhanbad,"Geological Engineering (4 Years, Bachelor of Technology)",AI,SC,Female-only (including Supernumerary),4584,4584
Indian Institute of Technology (ISM) Dhanbad,"Geological Engineering (4 Years, Bachelor of Technology)",AI,ST,Gender-Neutral,1501,1501
Indian Institute of Technology (ISM) Dhanbad,"Geophysical Technology (4 Years, Bachelor of Technology)",AI,OPEN,Gender-Neutral,12968,17147
Indian Institute of Technology (ISM) Dhanbad,"Geophysical Technology (4 Years, Bachelor of Technology)",AI,OPEN,Female-only (including Supernumerary),27317,27317
Indian Institute of Technology (ISM) Dhanbad,"Geophysical Technology (4 Years, Bachelor of Technology)",AI,EWS,Gender-Neutral,2614,2615
Indian Institute of Technology (ISM) Dhanbad,"Geophysical Technology (4 Years, Bachelor of Technology)",AI,EWS,Female-only (including Supernumerary),4952,4952
Indian Institute of Technology (ISM) Dhanbad,"Geophysical Technology (4 Years, Bachelor of Technology)",AI,OBC-NCL,Gender-Neutral,5653,6155
Indian Institute of Technology (ISM) Dhanbad,"Geophysical Technology (4 Years, Bachelor of Technology)",AI,OBC-NCL,Female-only (including Supernumerary),10482,10482
Indian Institute of Technology (ISM) Dhanbad,"Geophysical Technology (4 Years, Bachelor of Technology)",AI,SC,Gender-Neutral,3202,3286
Indian Institute of Technology (ISM) Dhanbad,"Geophysical Technology (4 Years, Bachelor of Technology)",AI,SC,Female-only (including Supernumerary),4874,4874
Indian Institute of Technology (ISM) Dhanbad,"Geophysical Technology (4 Years, Bachelor of Technology)",AI,ST,Gender-Neutral,1524,1524
Indian Institute of Technology (ISM) Dhanbad,"Mathematics and Computing (4 Years, Bachelor of Technology)",AI,OPEN,Gender-Neutral,3764,4938
Indian Institute of Technology (ISM) Dhanbad,"Mathematics and Computing (4 Years, Bachelor of Technology)",AI,OPEN,Female-only (including Supernumerary),8952,10628
Indian Institute of Technology (ISM) Dhanbad,"Mathematics and Computing (4 Years, Bachelor of Technology)",AI,OPEN (PwD),Gender-Neutral,289,289
Indian Institute of Technology (ISM) Dhanbad,"Mathematics and Computing (4 Years, Bachelor of Technology)",AI,OPEN (PwD),Female-only (including Supernumerary),404P,404P
Indian Institute of Technology (ISM) Dhanbad,"Mathematics and Computing (4 Years, Bachelor of Technology)",AI,EWS,Gender-Neutral,592,666
Indian Institute of Technology (ISM) Dhanbad,"Mathematics and Computing (4 Years, Bachelor of Technology)",AI,EWS,Female-only (including Supernumerary),1506,1561
Indian Institute of Technology (ISM) Dhanbad,"Mathematics and Computing (4 Years, Bachelor of Technology)",AI,OBC-NCL,Gender-Neutral,1316,1739
Indian Institute of Technology (ISM) Dhanbad,"Mathematics and Computing (4 Years, Bachelor of Technology)",AI,OBC-NCL,Female-only (including Supernumerary),3546,4428
Indian Institute of Technology (ISM) Dhanbad,"Mathematics and Computing (4 Years, Bachelor of Technology)",AI,OBC-NCL (PwD),Gender-Neutral,161P,161P
Indian Institute of Technology (ISM) Dhanbad,"Mathematics and Computing (4 Years, Bachelor of Technology)",AI,SC,Gender-Neutral,847,1116
Indian Institute of Technology (ISM) Dhanbad,"Mathematics and Computing (4 Years, Bachelor of Technology)",AI,SC,Female-only (including Supernumerary),1895,1988
Indian Institute of Technology (ISM) Dhanbad,"Mathematics and Computing (4 Years, Bachelor of Technology)",AI,ST,Gender-Neutral,518,665
Indian Institute of Technology (ISM) Dhanbad,"Mathematics and Computing (4 Years, Bachelor of Technology)",AI,ST,Female-only (including Supernumerary),735,735
Indian Institute of Technology (ISM) Dhanbad,"Mechanical Engineering (4 Years, Bachelor of Technology)",AI,OPEN,Gender-Neutral,8231,11303
Indian Institute of Technology (ISM) Dhanbad,"Mechanical Engineering (4 Years, Bachelor of Technology)",AI,OPEN,Female-only (including Supernumerary),17154,20007
Indian Institute of Technology (ISM) Dhanbad,"Mechanical Engineering (4 Years, Bachelor of Technology)",AI,EWS,Gender-Neutral,1492,1632
Indian Institute of Technology (ISM) Dhanbad,"Mechanical Engineering (4 Years, Bachelor of Technology)",AI,EWS,Female-only (including Supernumerary),2914,3125
Indian Institute of Technology (ISM) Dhanbad,"Mechanical Engineering (4 Years, Bachelor of Technology)",AI,OBC-NCL,Gender-Neutral,3196,3959
Indian Institute of Technology (ISM) Dhanbad,"Mechanical Engineering (4 Years, Bachelor of Technology)",AI,OBC-NCL,Female-only (including Supernumerary),7294,8233
Indian Institute of Technology (ISM) Dhanbad,"Mechanical Engineering (4 Years, Bachelor of Technology)",AI,SC,Gender-Neutral,1753,2152
Indian Institute of Technology (ISM) Dhanbad,"Mechanical Engineering (4 Years, Bachelor of Technology)",AI,SC,Female-only (including Supernumerary),3410,3901
Indian Institute of Technology (ISM) Dhanbad,"Mechanical Engineering (4 Years, Bachelor of Technology)",AI,ST,Gender-Neutral,882,1005
Indian Institute of Technology (ISM) Dhanbad,"Mechanical Engineering (4 Years, Bachelor of Technology)",AI,ST,Female-only (including Supernumerary),1562,1666
Indian Institute of Technology (ISM) Dhanbad,"Mineral and Metallurgical Engineering (4 Years, Bachelor of Technology)",AI,OPEN,Gender-Neutral,13483,15480
Indian Institute of Technology (ISM) Dhanbad,"Mineral and Metallurgical Engineering (4 Years, Bachelor of Technology)",AI,OPEN,Female-only (including Supernumerary),23207,25774
Indian Institute of Technology (ISM) Dhanbad,"Mineral and Metallurgical Engineering (4 Years, Bachelor of Technology)",AI,EWS,Gender-Neutral,2116,2214
Indian Institute of Technology (ISM) Dhanbad,"Mineral and Metallurgical Engineering (4 Years, Bachelor of Technology)",AI,EWS,Female-only (including Supernumerary),4528,4528
Indian Institute of Technology (ISM) Dhanbad,"Mineral and Metallurgical Engineering (4 Years, Bachelor of Technology)",AI,OBC-NCL,Gender-Neutral,4489,5669
Indian Institute of Technology (ISM) Dhanbad,"Mineral and Metallurgical Engineering (4 Years, Bachelor of Technology)",AI,OBC-NCL,Female-only (including Supernumerary),9277,9575
Indian Institute of Technology (ISM) Dhanbad,"Mineral and Metallurgical Engineering (4 Years, Bachelor of Technology)",AI,SC,Gender-Neutral,2521,3105
Indian Institute of Technology (ISM) Dhanbad,"Mineral and Metallurgical Engineering (4 Years, Bachelor of Technology)",AI,SC,Female-only (including Supernumerary),3801,3801
Indian Institute of Technology (ISM) Dhanbad,"Mineral and Metallurgical Engineering (4 Years, Bachelor of Technology)",AI,ST,Gender-Neutral,1219,1478
Indian Institute of Technology (ISM) Dhanbad,"Mineral and Metallurgical Engineering (4 Years, Bachelor of Technology)",AI,ST,Female-only (including Supernumerary),1901,1901
Indian Institute of Technology (ISM) Dhanbad,"Mining Engineering (4 Years, Bachelor of Technology)",AI,OPEN,Gender-Neutral,13672,16037
Indian Institute of Technology (ISM) Dhanbad,"Mining Engineering (4 Years, Bachelor of Technology)",AI,OPEN,Female-only (including Supernumerary),23742,26813
Indian Institute of Technology (ISM) Dhanbad,"Mining Engineering (4 Years, Bachelor of Technology)",AI,EWS,Gender-Neutral,2314,2388
Indian Institute of Technology (ISM) Dhanbad,"Mining Engineering (4 Years, Bachelor of Technology)",AI,EWS,Female-only (including Supernumerary),4069,4069
Indian Institute of Technology (ISM) Dhanbad,"Mining Engineering (4 Years, Bachelor of Technology)",AI,OBC-NCL,Gender-Neutral,4540,5625
Indian Institute of Technology (ISM) Dhanbad,"Mining Engineering (4 Years, Bachelor of Technology)",AI,OBC-NCL,Female-only (including Supernumerary),10031,10249
Indian Institute of Technology (ISM) Dhanbad,"Mining Engineering (4 Years, Bachelor of Technology)",AI,SC,Gender-Neutral,2449,2969
Indian Institute of Technology (ISM) Dhanbad,"Mining Engineering (4 Years, Bachelor of Technology)",AI,SC,Female-only (including Supernumerary),4664,4672
Indian Institute of Technology (ISM) Dhanbad,"Mining Engineering (4 Years, Bachelor of Technology)",AI,ST,Gender-Neutral,1353,1484
Indian Institute of Technology (ISM) Dhanbad,"Mining Engineering (4 Years, Bachelor of Technology)",AI,ST,Female-only (including Supernumerary),764,764
Indian Institute of Technology (ISM) Dhanbad,"Mining Machinery Engineering (4 Years, Bachelor of Technology)",AI,OPEN,Gender-Neutral,14862,16855
Indian Institute of Technology (ISM) Dhanbad,"Mining Machinery Engineering (4 Years, Bachelor of Technology)",AI,OPEN,Female-only (including Supernumerary),25627,28531
Indian Institute of Technology (ISM) Dhanbad,"Mining Machinery Engineering (4 Years, Bachelor of Technology)",AI,EWS,Gender-Neutral,2339,2458
Indian Institute of Technology (ISM) Dhanbad,"Mining Machinery Engineering (4 Years, Bachelor of Technology)",AI,EWS,Female-only (including Supernumerary),4641,4641
Indian Institute of Technology (ISM) Dhanbad,"Mining Machinery Engineering (4 Years, Bachelor of Technology)",AI,OBC-NCL,Gender-Neutral,5682,5933
Indian Institute of Technology (ISM) Dhanbad,"Mining Machinery Engineering (4 Years, Bachelor of Technology)",AI,OBC-NCL,Female-only (including Supernumerary),10503,10836
Indian Institute of Technology (ISM) Dhanbad,"Mining Machinery Engineering (4 Years, Bachelor of Technology)",AI,SC,Gender-Neutral,2974,3192
Indian Institute of Technology (ISM) Dhanbad,"Mining Machinery Engineering (4 Years, Bachelor of Technology)",AI,SC,Female-only (including Supernumerary),4252,4642
Indian Institute of Technology (ISM) Dhanbad,"Mining Machinery Engineering (4 Years, Bachelor of Technology)",AI,ST,Gender-Neutral,1339,1517
Indian Institute of Technology (ISM) Dhanbad,"Mining Machinery Engineering (4 Years, Bachelor of Technology)",AI,ST,Female-only (including Supernumerary),2112,2112
Indian Institute of Technology (ISM) Dhanbad,"Petroleum Engineering (4 Years, Bachelor of Technology)",AI,OPEN,Gender-Neutral,9530,13921
Indian Institute of Technology (ISM) Dhanbad,"Petroleum Engineering (4 Years, Bachelor of Technology)",AI,OPEN,Female-only (including Supernumerary),21627,26417
Indian Institute of Technology (ISM) Dhanbad,"Petroleum Engineering (4 Years, Bachelor of Technology)",AI,EWS,Gender-Neutral,1922,2185
Indian Institute of Technology (ISM) Dhanbad,"Petroleum Engineering (4 Years, Bachelor of Technology)",AI,EWS,Female-only (including Supernumerary),3935,4017
Indian Institute of Technology (ISM) Dhanbad,"Petroleum Engineering (4 Years, Bachelor of Technology)",AI,OBC-NCL,Gender-Neutral,4068,4987
Indian Institute of Technology (ISM) Dhanbad,"Petroleum Engineering (4 Years, Bachelor of Technology)",AI,OBC-NCL,Female-only (including Supernumerary),8817,10045
Indian Institute of Technology (ISM) Dhanbad,"Petroleum Engineering (4 Years, Bachelor of Technology)",AI,SC,Gender-Neutral,2453,2889
Indian Institute of Technology (ISM) Dhanbad,"Petroleum Engineering (4 Years, Bachelor of Technology)",AI,SC,Female-only (including Supernumerary),3554,4640
Indian Institute of Technology (ISM) Dhanbad,"Petroleum Engineering (4 Years, Bachelor of Technology)",AI,ST,Gender-Neutral,1206,1414
Indian Institute of Technology (ISM) Dhanbad,"Petroleum Engineering (4 Years, Bachelor of Technology)",AI,ST,Female-only (including Supernumerary),1787,1787
Indian Institute of Technology (ISM) Dhanbad,"Physical Science (5 Years, Integrated Bachelor of Science-Master of Science)",AI,OPEN,Gender-Neutral,14221,17355
Indian Institute of Technology (ISM) Dhanbad,"Physical Science (5 Years, Integrated Bachelor of Science-Master of Science)",AI,OPEN,Female-only (including Supernumerary),24139,27720
Indian Institute of Technology (ISM) Dhanbad,"Physical Science (5 Years, Integrated Bachelor of Science-Master of Science)",AI,EWS,Gender-Neutral,2504,2862
Indian Institute of Technology (ISM) Dhanbad,"Physical Science (5 Years, Integrated Bachelor of Science-Master of Science)",AI,OBC-NCL,Gender-Neutral,5580,6264
Indian Institute of Technology (ISM) Dhanbad,"Physical Science (5 Years, Integrated Bachelor of Science-Master of Science)",AI,OBC-NCL,Female-only (including Supernumerary),10849,10849
Indian Institute of Technology (ISM) Dhanbad,"Physical Science (5 Years, Integrated Bachelor of Science-Master of Science)",AI,SC,Gender-Neutral,3349,3380
Indian Institute of Technology (ISM) Dhanbad,"Physical Science (5 Years, Integrated Bachelor of Science-Master of Science)",AI,SC,Female-only (including Supernumerary),4570,4570
Indian Institute of Technology (ISM) Dhanbad,"Physical Science (5 Years, Integrated Bachelor of Science-Master of Science)",AI,ST,Gender-Neutral,1592,1592
Indian Institute of Technology Ropar,"Artificial Intelligence and Data Engineering (4 Years, Bachelor of Technology)",AI,OPEN,Gender-Neutral,3421,4719
Indian Institute of Technology Ropar,"Artificial Intelligence and Data Engineering (4 Years, Bachelor of Technology)",AI,OPEN,Female-only (including Supernumerary),6661,7849
Indian Institute of Technology Ropar,"Artificial Intelligence and Data Engineering (4 Years, Bachelor of Technology)",AI,OPEN (PwD),Gender-Neutral,248,248
Indian Institute of Technology Ropar,"Artificial Intelligence and Data Engineering (4 Years, Bachelor of Technology)",AI,OPEN (PwD),Female-only (including Supernumerary),312P,312P
Indian Institute of Technology Ropar,"Artificial Intelligence and Data Engineering (4 Years, Bachelor of Technology)",AI,EWS,Gender-Neutral,561,652
Indian Institute of Technology Ropar,"Artificial Intelligence and Data Engineering (4 Years, Bachelor of Technology)",AI,EWS,Female-only (including Supernumerary),1665,1748
Indian Institute of Technology Ropar,"Artificial Intelligence and Data Engineering (4 Years, Bachelor of Technology)",AI,OBC-NCL,Gender-Neutral,1347,1812
Indian Institute of Technology Ropar,"Artificial Intelligence and Data Engineering (4 Years, Bachelor of Technology)",AI,OBC-NCL,Female-only (including Supernumerary),3890,4474
Indian Institute of Technology Ropar,"Artificial Intelligence and Data Engineering (4 Years, Bachelor of Technology)",AI,OBC-NCL (PwD),Gender-Neutral,114,114
Indian Institute of Technology Ropar,"Artificial Intelligence and Data Engineering (4 Years, Bachelor of Technology)",AI,SC,Gender-Neutral,829,1085
Indian Institute of Technology Ropar,"Artificial Intelligence and Data Engineering (4 Years, Bachelor of Technology)",AI,SC,Female-only (including Supernumerary),1762,1907
Indian Institute of Technology Ropar,"Artificial Intelligence and Data Engineering (4 Years, Bachelor of Technology)",AI,ST,Gender-Neutral,472,540
Indian Institute of Technology Ropar,"Artificial Intelligence and Data Engineering (4 Years, Bachelor of Technology)",AI,ST,Female-only (including Supernumerary),525,645
Indian Institute of Technology Ropar,"Chemical Engineering (4 Years, Bachelor of Technology)",AI,OPEN,Gender-Neutral,8948,11670
Indian Institute of Technology Ropar,"Chemical Engineering (4 Years, Bachelor of Technology)",AI,OPEN,Female-only (including Supernumerary),18072,19100
Indian Institute of Technology Ropar,"Chemical Engineering (4 Years, Bachelor of Technology)",AI,EWS,Gender-Neutral,1734,1918
Indian Institute of Technology Ropar,"Chemical Engineering (4 Years, Bachelor of Technology)",AI,EWS,Female-only (including Supernumerary),2924,2924
Indian Institute of Technology Ropar,"Chemical Engineering (4 Years, Bachelor of Technology)",AI,OBC-NCL,Gender-Neutral,3953,4517
Indian Institute of Technology Ropar,"Chemical Engineering (4 Years, Bachelor of Technology)",AI,OBC-NCL,Female-only (including Supernumerary),5953,7862
Indian Institute of Technology Ropar,"Chemical Engineering (4 Years, Bachelor of Technology)",AI,SC,Gender-Neutral,2291,2421
Indian Institute of Technology Ropar,"Chemical Engineering (4 Years, Bachelor of Technology)",AI,SC,Female-only (including Supernumerary),3512,3512
Indian Institute of Technology Ropar,"Chemical Engineering (4 Years, Bachelor of Technology)",AI,ST,Gender-Neutral,1228,1292
Indian Institute of Technology Ropar,"Chemical Engineering (4 Years, Bachelor of Technology)",AI,ST,Female-only (including Supernumerary),1772,1772
Indian Institute of Technology Ropar,"Civil Engineering (4 Years, Bachelor of Technology)",AI,OPEN,Gender-Neutral,11785,14538
Indian Institute of Technology Ropar,"Civil Engineering (4 Years, Bachelor of Technology)",AI,OPEN,Female-only (including Supernumerary),21374,21533
Indian Institute of Technology Ropar,"Civil Engineering (4 Years, Bachelor of Technology)",AI,OPEN (PwD),Gender-Neutral,185P,185P
Indian Institute of Technology Ropar,"Civil Engineering (4 Years, Bachelor of Technology)",AI,EWS,Gender-Neutral,2078,2342
Indian Institute of Technology Ropar,"Civil Engineering (4 Years, Bachelor of Technology)",AI,EWS,Female-only (including Supernumerary),3377,3377
Indian Institute of Technology Ropar,"Civil Engineering (4 Years, Bachelor of Technology)",AI,OBC-NCL,Gender-Neutral,3983,4649
Indian Institute of Technology Ropar,"Civil Engineering (4 Years, Bachelor of Technology)",AI,OBC-NCL,Female-only (including Supernumerary),8809,9871
Indian Institute of Technology Ropar,"Civil Engineering (4 Years, Bachelor of Technology)",AI,SC,Gender-Neutral,1846,2425
Indian Institute of Technology Ropar,"Civil Engineering (4 Years, Bachelor of Technology)",AI,SC,Female-only (including Supernumerary),3746,3746
Indian Institute of Technology Ropar,"Civil Engineering (4 Years, Bachelor of Technology)",AI,ST,Gender-Neutral,924,983
Indian Institute of Technology Ropar,"Civil Engineering (4 Years, Bachelor of Technology)",AI,ST,Female-only (including Supernumerary),1295,1295
Indian Institute of Technology Ropar,"Computer Science and Engineering (4 Years, Bachelor of Technology)",AI,OPEN,Gender-Neutral,1768,3214
Indian Institute of Technology Ropar,"Computer Science and Engineering (4 Years, Bachelor of Technology)",AI,OPEN,Female-only (including Supernumerary),5395,6869
Indian Institute of Technology Ropar,"Computer Science and Engineering (4 Years, Bachelor of Technology)",AI,OPEN (PwD),Gender-Neutral,108,108
Indian Institute of Technology Ropar,"Computer Science and Engineering (4 Years, Bachelor of Technology)",AI,OPEN (PwD),Female-only (including Supernumerary),252,252
Indian Institute of Technology Ropar,"Computer Science and Engineering (4 Years, Bachelor of Technology)",AI,EWS,Gender-Neutral,373,506
Indian Institute of Technology Ropar,"Computer Science and Engineering (4 Years, Bachelor of Technology)",AI,EWS,Female-only (including Supernumerary),1220,1348
Indian Institute of Technology Ropar,"Computer Science and Engineering (4 Years, Bachelor of Technology)",AI,EWS (PwD),Gender-Neutral,31,31
Indian Institute of Technology Ropar,"Computer Science and Engineering (4 Years, Bachelor of Technology)",AI,OBC-NCL,Gender-Neutral,868,1220
Indian Institute of Technology Ropar,"Computer Science and Engineering (4 Years, Bachelor of Technology)",AI,OBC-NCL,Female-only (including Supernumerary),2331,3540
Indian Institute of Technology Ropar,"Computer Science and Engineering (4 Years, Bachelor of Technology)",AI,OBC-NCL (PwD),Gender-Neutral,68,68
Indian Institute of Technology Ropar,"Computer Science and Engineering (4 Years, Bachelor of Technology)",AI,SC,Gender-Neutral,382,711
Indian Institute of Technology Ropar,"Computer Science and Engineering (4 Years, Bachelor of Technology)",AI,SC,Female-only (including Supernumerary),1238,1576
Indian Institute of Technology Ropar,"Computer Science and Engineering (4 Years, Bachelor of Technology)",AI,ST,Gender-Neutral,212,387
Indian Institute of Technology Ropar,"Computer Science and Engineering (4 Years, Bachelor of Technology)",AI,ST,Female-only (including Supernumerary),389,502
Indian Institute of Technology Ropar,"Digital Agriculture (4 Years, Bachelor of Technology)",AI,OPEN,Gender-Neutral,10931,15356
Indian Institute of Technology Ropar,"Digital Agriculture (4 Years, Bachelor of Technology)",AI,OPEN,Female-only (including Supernumerary),19196,19257
Indian Institute of Technology Ropar,"Digital Agriculture (4 Years, Bachelor of Technology)",AI,EWS,Gender-Neutral,2110,2466
Indian Institute of Technology Ropar,"Digital Agriculture (4 Years, Bachelor of Technology)",AI,OBC-NCL,Gender-Neutral,5375,5759
Indian Institute of Technology Ropar,"Digital Agriculture (4 Years, Bachelor of Technology)",AI,OBC-NCL,Female-only (including Supernumerary),10979,10979
Indian Institute of Technology Ropar,"Digital Agriculture (4 Years, Bachelor of Technology)",AI,SC,Gender-Neutral,3057,3274
Indian Institute of Technology Ropar,"Digital Agriculture (4 Years, Bachelor of Technology)",AI,SC,Female-only (including Supernumerary),4807,4807
Indian Institute of Technology Ropar,"Digital Agriculture (4 Years, Bachelor of Technology)",AI,ST,Gender-Neutral,1482,1482
Indian Institute of Technology Ropar,"Electrical Engineering (4 Years, Bachelor of Technology)",AI,OPEN,Gender-Neutral,4932,6599
Indian Institute of Technology Ropar,"Electrical Engineering (4 Years, Bachelor of Technology)",AI,OPEN,Female-only (including Supernumerary),8822,13280
Indian Institute of Technology Ropar,"Electrical Engineering (4 Years, Bachelor of Technology)",AI,OPEN (PwD),Gender-Neutral,416P,416P
Indian Institute of Technology Ropar,"Electrical Engineering (4 Years, Bachelor of Technology)",AI,EWS,Gender-Neutral,861,1013
Indian Institute of Technology Ropar,"Electrical Engineering (4 Years, Bachelor of Technology)",AI,EWS,Female-only (including Supernumerary),1899,2159
Indian Institute of Technology Ropar,"Electrical Engineering (4 Years, Bachelor of Technology)",AI,OBC-NCL,Gender-Neutral,1907,2807
Indian Institute of Technology Ropar,"Electrical Engineering (4 Years, Bachelor of Technology)",AI,OBC-NCL,Female-only (including Supernumerary),5109,5987
Indian Institute of Technology Ropar,"Electrical Engineering (4 Years, Bachelor of Technology)",AI,SC,Gender-Neutral,1118,1647
Indian Institute of Technology Ropar,"Electrical Engineering (4 Years, Bachelor of Technology)",AI,SC,Female-only (including Supernumerary),2908,3236
Indian Institute of Technology Ropar,"Electrical Engineering (4 Years, Bachelor of Technology)",AI,ST,Gender-Neutral,763,880
Indian Institute of Technology Ropar,"Electrical Engineering (4 Years, Bachelor of Technology)",AI,ST,Female-only (including Supernumerary),1230,1270
Indian Institute of Technology Ropar,"Electrical Engineering (Integrated Circuit Design and Technology) (4 Years, Bachelor of Technology)",AI,OPEN,Gender-Neutral,4096,5083
Indian Institute of Technology Ropar,"Electrical Engineering (Integrated Circuit Design and Technology) (4 Years, Bachelor of Technology)",AI,OPEN,Female-only (including Supernumerary),10609,10634
Indian Institute of Technology Ropar,"Electrical Engineering (Integrated Circuit Design and Technology) (4 Years, Bachelor of Technology)",AI,OPEN (PwD),Gender-Neutral,249P,249P
Indian Institute of Technology Ropar,"Electrical Engineering (Integrated Circuit Design and Technology) (4 Years, Bachelor of Technology)",AI,EWS,Gender-Neutral,809,887
Indian Institute of Technology Ropar,"Electrical Engineering (Integrated Circuit Design and Technology) (4 Years, Bachelor of Technology)",AI,OBC-NCL,Gender-Neutral,2162,2283
Indian Institute of Technology Ropar,"Electrical Engineering (Integrated Circuit Design and Technology) (4 Years, Bachelor of Technology)",AI,OBC-NCL,Female-only (including Supernumerary),5981,5981
Indian Institute of Technology Ropar,"Electrical Engineering (Integrated Circuit Design and Technology) (4 Years, Bachelor of Technology)",AI,SC,Gender-Neutral,1205,1227
Indian Institute of Technology Ropar,"Electrical Engineering (Integrated Circuit Design and Technology) (4 Years, Bachelor of Technology)",AI,SC,Female-only (including Supernumerary),2856,2856
Indian Institute of Technology Ropar,"Electrical Engineering (Integrated Circuit Design and Technology) (4 Years, Bachelor of Technology)",AI,ST,Gender-Neutral,804,804
Indian Institute of Technology Ropar,"Engineering Physics (4 Years, Bachelor of Technology)",AI,OPEN,Gender-Neutral,8590,10879
Indian Institute of Technology Ropar,"Engineering Physics (4 Years, Bachelor of Technology)",AI,OPEN,Female-only (including Supernumerary),18371,20238
Indian Institute of Technology Ropar,"Engineering Physics (4 Years, Bachelor of Technology)",AI,EWS,Gender-Neutral,1782,1797
Indian Institute of Technology Ropar,"Engineering Physics (4 Years, Bachelor of Technology)",AI,OBC-NCL,Gender-Neutral,4346,4557
Indian Institute of Technology Ropar,"Engineering Physics (4 Years, Bachelor of Technology)",AI,OBC-NCL,Female-only (including Supernumerary),8350,8350
Indian Institute of Technology Ropar,"Engineering Physics (4 Years, Bachelor of Technology)",AI,SC,Gender-Neutral,2412,2662
Indian Institute of Technology Ropar,"Engineering Physics (4 Years, Bachelor of Technology)",AI,SC,Female-only (including Supernumerary),3751,3751
Indian Institute of Technology Ropar,"Engineering Physics (4 Years, Bachelor of Technology)",AI,ST,Gender-Neutral,1347,1390
Indian Institute of Technology Ropar,"Engineering Science (4 Years, Bachelor of Technology)",AI,OPEN,Gender-Neutral,4781,8459
Indian Institute of Technology Ropar,"Engineering Science (4 Years, Bachelor of Technology)",AI,OPEN,Female-only (including Supernumerary),15865,16311
Indian Institute of Technology Ropar,"Engineering Science (4 Years, Bachelor of Technology)",AI,EWS,Gender-Neutral,1308,1381
Indian Institute of Technology Ropar,"Engineering Science (4 Years, Bachelor of Technology)",AI,EWS,Female-only (including Supernumerary),2748,2748
Indian Institute of Technology Ropar,"Engineering Science (4 Years, Bachelor of Technology)",AI,OBC-NCL,Gender-Neutral,3707,4458
Indian Institute of Technology Ropar,"Engineering Science (4 Years, Bachelor of Technology)",AI,OBC-NCL,Female-only (including Supernumerary),7273,7867
Indian Institute of Technology Ropar,"Engineering Science (4 Years, Bachelor of Technology)",AI,SC,Gender-Neutral,1524,2229
Indian Institute of Technology Ropar,"Engineering Science (4 Years, Bachelor of Technology)",AI,SC,Female-only (including Supernumerary),3647,3647
Indian Institute of Technology Ropar,"Engineering Science (4 Years, Bachelor of Technology)",AI,ST,Gender-Neutral,1400,1534
Indian Institute of Technology Ropar,"Mathematics and Computing (4 Years, Bachelor of Technology)",AI,OPEN,Gender-Neutral,3001,4749
Indian Institute of Technology Ropar,"Mathematics and Computing (4 Years, Bachelor of Technology)",AI,OPEN,Female-only (including Supernumerary),7357,9229
Indian Institute of Technology Ropar,"Mathematics and Computing (4 Years, Bachelor of Technology)",AI,OPEN (PwD),Gender-Neutral,240,39P
Indian Institute of Technology Ropar,"Mathematics and Computing (4 Years, Bachelor of Technology)",AI,EWS,Gender-Neutral,596,756
Indian Institute of Technology Ropar,"Mathematics and Computing (4 Years, Bachelor of Technology)",AI,EWS,Female-only (including Supernumerary),1643,1783
Indian Institute of Technology Ropar,"Mathematics and Computing (4 Years, Bachelor of Technology)",AI,OBC-NCL,Gender-Neutral,1129,1911
Indian Institute of Technology Ropar,"Mathematics and Computing (4 Years, Bachelor of Technology)",AI,OBC-NCL,Female-only (including Supernumerary),3870,4600
Indian Institute of Technology Ropar,"Mathematics and Computing (4 Years, Bachelor of Technology)",AI,SC,Gender-Neutral,1015,1323
Indian Institute of Technology Ropar,"Mathematics and Computing (4 Years, Bachelor of Technology)",AI,SC,Female-only (including Supernumerary),2306,2323
Indian Institute of Technology Ropar,"Mathematics and Computing (4 Years, Bachelor of Technology)",AI,ST,Gender-Neutral,362,740
Indian Institute of Technology Ropar,"Mathematics and Computing (4 Years, Bachelor of Technology)",AI,ST,Female-only (including Supernumerary),1199,1199
Indian Institute of Technology Ropar,"Mechanical Engineering (4 Years, Bachelor of Technology)",AI,OPEN,Gender-Neutral,8085,10069
Indian Institute of Technology Ropar,"Mechanical Engineering (4 Years, Bachelor of Technology)",AI,OPEN,Female-only (including Supernumerary),17399,18830
Indian Institute of Technology Ropar,"Mechanical Engineering (4 Years, Bachelor of Technology)",AI,EWS,Gender-Neutral,1354,1675
Indian Institute of Technology Ropar,"Mechanical Engineering (4 Years, Bachelor of Technology)",AI,EWS,Female-only (including Supernumerary),2965,3068
Indian Institute of Technology Ropar,"Mechanical Engineering (4 Years, Bachelor of Technology)",AI,OBC-NCL,Gender-Neutral,3276,4096
Indian Institute of Technology Ropar,"Mechanical Engineering (4 Years, Bachelor of Technology)",AI,OBC-NCL,Female-only (including Supernumerary),6740,8315
Indian Institute of Technology Ropar,"Mechanical Engineering (4 Years, Bachelor of Technology)",AI,SC,Gender-Neutral,1928,2244
Indian Institute of Technology Ropar,"Mechanical Engineering (4 Years, Bachelor of Technology)",AI,SC,Female-only (including Supernumerary),3706,4433
Indian Institute of Technology Ropar,"Mechanical Engineering (4 Years, Bachelor of Technology)",AI,ST,Gender-Neutral,942,1152
Indian Institute of Technology Ropar,"Mechanical Engineering (4 Years, Bachelor of Technology)",AI,ST,Female-only (including Supernumerary),1622,1622
Indian Institute of Technology Ropar,"Metallurgical and Materials Engineering (4 Years, Bachelor of Technology)",AI,OPEN,Gender-Neutral,11968,14773
Indian Institute of Technology Ropar,"Metallurgical and Materials Engineering (4 Years, Bachelor of Technology)",AI,OPEN,Female-only (including Supernumerary),21142,22516
Indian Institute of Technology Ropar,"Metallurgical and Materials Engineering (4 Years, Bachelor of Technology)",AI,EWS,Gender-Neutral,2240,2307
Indian Institute of Technology Ropar,"Metallurgical and Materials Engineering (4 Years, Bachelor of Technology)",AI,EWS,Female-only (including Supernumerary),4166,4166
Indian Institute of Technology Ropar,"Metallurgical and Materials Engineering (4 Years, Bachelor of Technology)",AI,OBC-NCL,Gender-Neutral,4836,5490
Indian Institute of Technology Ropar,"Metallurgical and Materials Engineering (4 Years, Bachelor of Technology)",AI,OBC-NCL,Female-only (including Supernumerary),9560,10272
Indian Institute of Technology Ropar,"Metallurgical and Materials Engineering (4 Years, Bachelor of Technology)",AI,SC,Gender-Neutral,2915,2928
Indian Institute of Technology Ropar,"Metallurgical and Materials Engineering (4 Years, Bachelor of Technology)",AI,SC,Female-only (including Supernumerary),4662,4662
Indian Institute of Technology Ropar,"Metallurgical and Materials Engineering (4 Years, Bachelor of Technology)",AI,ST,Gender-Neutral,1411,1436
Indian Institute of Technology (BHU) Varanasi,"Architecture (5 Years, Bachelor of Architecture)",AI,OPEN,Gender-Neutral,21225,28480
Indian Institute of Technology (BHU) Varanasi,"Architecture (5 Years, Bachelor of Architecture)",AI,OPEN,Female-only (including Supernumerary),26881,26881
Indian Institute of Technology (BHU) Varanasi,"Architecture (5 Years, Bachelor of Architecture)",AI,EWS,Gender-Neutral,4322,4432
Indian Institute of Technology (BHU) Varanasi,"Architecture (5 Years, Bachelor of Architecture)",AI,OBC-NCL,Gender-Neutral,8415,9002
Indian Institute of Technology (BHU) Varanasi,"Architecture (5 Years, Bachelor of Architecture)",AI,OBC-NCL,Female-only (including Supernumerary),11476,11941
Indian Institute of Technology (BHU) Varanasi,"Architecture (5 Years, Bachelor of Architecture)",AI,SC,Gender-Neutral,3734,4075
Indian Institute of Technology (BHU) Varanasi,"Architecture (5 Years, Bachelor of Architecture)",AI,SC,Female-only (including Supernumerary),4323,4323
Indian Institute of Technology (BHU) Varanasi,"Architecture (5 Years, Bachelor of Architecture)",AI,ST,Gender-Neutral,2177,2199
Indian Institute of Technology (BHU) Varanasi,"Biochemical Engineering (4 Years, Bachelor of Technology)",AI,OPEN,Gender-Neutral,11035,13511
Indian Institute of Technology (BHU) Varanasi,"Biochemical Engineering (4 Years, Bachelor of Technology)",AI,OPEN,Female-only (including Supernumerary),19773,21149
Indian Institute of Technology (BHU) Varanasi,"Biochemical Engineering (4 Years, Bachelor of Technology)",AI,EWS,Gender-Neutral,1992,2063
Indian Institute of Technology (BHU) Varanasi,"Biochemical Engineering (4 Years, Bachelor of Technology)",AI,OBC-NCL,Gender-Neutral,4790,5067
Indian Institute of Technology (BHU) Varanasi,"Biochemical Engineering (4 Years, Bachelor of Technology)",AI,OBC-NCL,Female-only (including Supernumerary),8889,8889
Indian Institute of Technology (BHU) Varanasi,"Biochemical Engineering (4 Years, Bachelor of Technology)",AI,SC,Gender-Neutral,2716,2892
Indian Institute of Technology (BHU) Varanasi,"Biochemical Engineering (4 Years, Bachelor of Technology)",AI,SC,Female-only (including Supernumerary),4164,4164
Indian Institute of Technology (BHU) Varanasi,"Biochemical Engineering (4 Years, Bachelor of Technology)",AI,ST,Gender-Neutral,1386,1521
Indian Institute of Technology (BHU) Varanasi,"Biomedical Engineering (4 Years, Bachelor of Technology)",AI,OPEN,Gender-Neutral,10717,13196
Indian Institute of Technology (BHU) Varanasi,"Biomedical Engineering (4 Years, Bachelor of Technology)",AI,OPEN,Female-only (including Supernumerary),18256,20951
Indian Institute of Technology (BHU) Varanasi,"Biomedical Engineering (4 Years, Bachelor of Technology)",AI,EWS,Gender-Neutral,1915,2259
Indian Institute of Technology (BHU) Varanasi,"Biomedical Engineering (4 Years, Bachelor of Technology)",AI,OBC-NCL,Gender-Neutral,4501,5156
Indian Institute of Technology (BHU) Varanasi,"Biomedical Engineering (4 Years, Bachelor of Technology)",AI,OBC-NCL,Female-only (including Supernumerary),9616,9616
Indian Institute of Technology (BHU) Varanasi,"Biomedical Engineering (4 Years, Bachelor of Technology)",AI,SC,Gender-Neutral,2830,2880
Indian Institute of Technology (BHU) Varanasi,"Biomedical Engineering (4 Years, Bachelor of Technology)",AI,SC,Female-only (including Supernumerary),4286,4286
Indian Institute of Technology (BHU) Varanasi,"Biomedical Engineering (4 Years, Bachelor of Technology)",AI,ST,Gender-Neutral,1432,1432
Indian Institute of Technology (BHU) Varanasi,"Ceramic Engineering (4 Years, Bachelor of Technology)",AI,OPEN,Gender-Neutral,10075,14562
Indian Institute of Technology (BHU) Varanasi,"Ceramic Engineering (4 Years, Bachelor of Technology)",AI,OPEN,Female-only (including Supernumerary),22342,24201
Indian Institute of Technology (BHU) Varanasi,"Ceramic Engineering (4 Years, Bachelor of Technology)",AI,EWS,Gender-Neutral,2011,2178
Indian Institute of Technology (BHU) Varanasi,"Ceramic Engineering (4 Years, Bachelor of Technology)",AI,EWS,Female-only (including Supernumerary),3788,3788
Indian Institute of Technology (BHU) Varanasi,"Ceramic Engineering (4 Years, Bachelor of Technology)",AI,OBC-NCL,Gender-Neutral,4625,5245
Indian Institute of Technology (BHU) Varanasi,"Ceramic Engineering (4 Years, Bachelor of Technology)",AI,OBC-NCL,Female-only (including Supernumerary),10030,10781
Indian Institute of Technology (BHU) Varanasi,"Ceramic Engineering (4 Years, Bachelor of Technology)",AI,SC,Gender-Neutral,2331,3078
Indian Institute of Technology (BHU) Varanasi,"Ceramic Engineering (4 Years, Bachelor of Technology)",AI,SC,Female-only (including Supernumerary),4449,4473
Indian Institute of Technology (BHU) Varanasi,"Ceramic Engineering (4 Years, Bachelor of Technology)",AI,ST,Gender-Neutral,1420,1506
Indian Institute of Technology (BHU) Varanasi,"Ceramic Engineering (4 Years, Bachelor of Technology)",AI,ST,Female-only (including Supernumerary),1831,1831
Indian Institute of Technology (BHU) Varanasi,"Chemical Engineering (4 Years, Bachelor of Technology)",AI,OPEN,Gender-Neutral,7002,9512
Indian Institute of Technology (BHU) Varanasi,"Chemical Engineering (4 Years, Bachelor of Technology)",AI,OPEN,Female-only (including Supernumerary),13335,17224
Indian Institute of Technology (BHU) Varanasi,"Chemical Engineering (4 Years, Bachelor of Technology)",AI,OPEN (PwD),Gender-Neutral,437P,437P
Indian Institute of Technology (BHU) Varanasi,"Chemical Engineering (4 Years, Bachelor of Technology)",AI,EWS,Gender-Neutral,1201,1362
Indian Institute of Technology (BHU) Varanasi,"Chemical Engineering (4 Years, Bachelor of Technology)",AI,EWS,Female-only (including Supernumerary),2907,2988
Indian Institute of Technology (BHU) Varanasi,"Chemical Engineering (4 Years, Bachelor of Technology)",AI,OBC-NCL,Gender-Neutral,2851,3609
Indian Institute of Technology (BHU) Varanasi,"Chemical Engineering (4 Years, Bachelor of Technology)",AI,OBC-NCL,Female-only (including Supernumerary),6542,8000
Indian Institute of Technology (BHU) Varanasi,"Chemical Engineering (4 Years, Bachelor of Technology)",AI,SC,Gender-Neutral,1535,2055
Indian Institute of Technology (BHU) Varanasi,"Chemical Engineering (4 Years, Bachelor of Technology)",AI,SC,Female-only (including Supernumerary),2658,3443
Indian Institute of Technology (BHU) Varanasi,"Chemical Engineering (4 Years, Bachelor of Technology)",AI,ST,Gender-Neutral,826,1130
Indian Institute of Technology (BHU) Varanasi,"Chemical Engineering (4 Years, Bachelor of Technology)",AI,ST,Female-only (including Supernumerary),1470,1602
Indian Institute of Technology (BHU) Varanasi,"Civil Engineering (4 Years, Bachelor of Technology)",AI,OPEN,Gender-Neutral,8090,12331
Indian Institute of Technology (BHU) Varanasi,"Civil Engineering (4 Years, Bachelor of Technology)",AI,OPEN,Female-only (including Supernumerary),17302,20902
Indian Institute of Technology (BHU) Varanasi,"Civil Engineering (4 Years, Bachelor of Technology)",AI,EWS,Gender-Neutral,1660,1936
Indian Institute of Technology (BHU) Varanasi,"Civil Engineering (4 Years, Bachelor of Technology)",AI,EWS,Female-only (including Supernumerary),3140,3423
Indian Institute of Technology (BHU) Varanasi,"Civil Engineering (4 Years, Bachelor of Technology)",AI,OBC-NCL,Gender-Neutral,3460,3980
Indian Institute of Technology (BHU) Varanasi,"Civil Engineering (4 Years, Bachelor of Technology)",AI,OBC-NCL,Female-only (including Supernumerary),7688,8291
Indian Institute of Technology (BHU) Varanasi,"Civil Engineering (4 Years, Bachelor of Technology)",AI,SC,Gender-Neutral,1834,2312
Indian Institute of Technology (BHU) Varanasi,"Civil Engineering (4 Years, Bachelor of Technology)",AI,SC,Female-only (including Supernumerary),3442,3665
Indian Institute of Technology (BHU) Varanasi,"Civil Engineering (4 Years, Bachelor of Technology)",AI,ST,Gender-Neutral,666,783
Indian Institute of Technology (BHU) Varanasi,"Civil Engineering (4 Years, Bachelor of Technology)",AI,ST,Female-only (including Supernumerary),863,1008
Indian Institute of Technology (BHU) Varanasi,"Computer Science and Engineering (4 Years, Bachelor of Technology)",AI,OPEN,Gender-Neutral,853,1439
Indian Institute of Technology (BHU) Varanasi,"Computer Science and Engineering (4 Years, Bachelor of Technology)",AI,OPEN,Female-only (including Supernumerary),3329,4270
Indian Institute of Technology (BHU) Varanasi,"Computer Science and Engineering (4 Years, Bachelor of Technology)",AI,OPEN (PwD),Gender-Neutral,59,66
Indian Institute of Technology (BHU) Varanasi,"Computer Science and Engineering (4 Years, Bachelor of Technology)",AI,OPEN (PwD),Female-only (including Supernumerary),188,188
Indian Institute of Technology (BHU) Varanasi,"Computer Science and Engineering (4 Years, Bachelor of Technology)",AI,EWS,Gender-Neutral,168,245
Indian Institute of Technology (BHU) Varanasi,"Computer Science and Engineering (4 Years, Bachelor of Technology)",AI,EWS,Female-only (including Supernumerary),646,798
Indian Institute of Technology (BHU) Varanasi,"Computer Science and Engineering (4 Years, Bachelor of Technology)",AI,EWS (PwD),Gender-Neutral,17,17
Indian Institute of Technology (BHU) Varanasi,"Computer Science and Engineering (4 Years, Bachelor of Technology)",AI,OBC-NCL,Gender-Neutral,394,601
Indian Institute of Technology (BHU) Varanasi,"Computer Science and Engineering (4 Years, Bachelor of Technology)",AI,OBC-NCL,Female-only (including Supernumerary),1204,1857
Indian Institute of Technology (BHU) Varanasi,"Computer Science and Engineering (4 Years, Bachelor of Technology)",AI,OBC-NCL (PwD),Gender-Neutral,35,46
Indian Institute of Technology (BHU) Varanasi,"Computer Science and Engineering (4 Years, Bachelor of Technology)",AI,OBC-NCL (PwD),Female-only (including Supernumerary),79,79
Indian Institute of Technology (BHU) Varanasi,"Computer Science and Engineering (4 Years, Bachelor of Technology)",AI,SC,Gender-Neutral,135,373
Indian Institute of Technology (BHU) Varanasi,"Computer Science and Engineering (4 Years, Bachelor of Technology)",AI,SC,Female-only (including Supernumerary),702,895
Indian Institute of Technology (BHU) Varanasi,"Computer Science and Engineering (4 Years, Bachelor of Technology)",AI,SC (PwD),Gender-Neutral,10P,10P
Indian Institute of Technology (BHU) Varanasi,"Computer Science and Engineering (4 Years, Bachelor of Technology)",AI,ST,Gender-Neutral,96,170
Indian Institute of Technology (BHU) Varanasi,"Computer Science and Engineering (4 Years, Bachelor of Technology)",AI,ST,Female-only (including Supernumerary),242,243
Indian Institute of Technology (BHU) Varanasi,"Computer Science and Engineering (4 Years, Bachelor of Technology)",AI,ST (PwD),Gender-Neutral,5P,5P
Indian Institute of Technology (BHU) Varanasi,"Electrical Engineering (4 Years, Bachelor of Technology)",AI,OPEN,Gender-Neutral,2811,3879
Indian Institute of Technology (BHU) Varanasi,"Electrical Engineering (4 Years, Bachelor of Technology)",AI,OPEN,Female-only (including Supernumerary),6702,8959
Indian Institute of Technology (BHU) Varanasi,"Electrical Engineering (4 Years, Bachelor of Technology)",AI,OPEN (PwD),Gender-Neutral,292,51P
Indian Institute of Technology (BHU) Varanasi,"Electrical Engineering (4 Years, Bachelor of Technology)",AI,EWS,Gender-Neutral,462,617
Indian Institute of Technology (BHU) Varanasi,"Electrical Engineering (4 Years, Bachelor of Technology)",AI,EWS,Female-only (including Supernumerary),1422,1482
Indian Institute of Technology (BHU) Varanasi,"Electrical Engineering (4 Years, Bachelor of Technology)",AI,EWS (PwD),Gender-Neutral,73P,73P
Indian Institute of Technology (BHU) Varanasi,"Electrical Engineering (4 Years, Bachelor of Technology)",AI,OBC-NCL,Gender-Neutral,1197,1529
Indian Institute of Technology (BHU) Varanasi,"Electrical Engineering (4 Years, Bachelor of Technology)",AI,OBC-NCL,Female-only (including Supernumerary),3076,3692
Indian Institute of Technology (BHU) Varanasi,"Electrical Engineering (4 Years, Bachelor of Technology)",AI,OBC-NCL (PwD),Gender-Neutral,27P,53P
Indian Institute of Technology (BHU) Varanasi,"Electrical Engineering (4 Years, Bachelor of Technology)",AI,SC,Gender-Neutral,690,955
Indian Institute of Technology (BHU) Varanasi,"Electrical Engineering (4 Years, Bachelor of Technology)",AI,SC,Female-only (including Supernumerary),1643,1976
Indian Institute of Technology (BHU) Varanasi,"Electrical Engineering (4 Years, Bachelor of Technology)",AI,ST,Gender-Neutral,310,480
Indian Institute of Technology (BHU) Varanasi,"Electrical Engineering (4 Years, Bachelor of Technology)",AI,ST,Female-only (including Supernumerary),576,889
Indian Institute of Technology (BHU) Varanasi,"Electronics Engineering (4 Years, Bachelor of Technology)",AI,OPEN,Gender-Neutral,1973,2809
Indian Institute of Technology (BHU) Varanasi,"Electronics Engineering (4 Years, Bachelor of Technology)",AI,OPEN,Female-only (including Supernumerary),5573,6557
Indian Institute of Technology (BHU) Varanasi,"Electronics Engineering (4 Years, Bachelor of Technology)",AI,OPEN (PwD),Gender-Neutral,196,220
Indian Institute of Technology (BHU) Varanasi,"Electronics Engineering (4 Years, Bachelor of Technology)",AI,OPEN (PwD),Female-only (including Supernumerary),221P,221P
Indian Institute of Technology (BHU) Varanasi,"Electronics Engineering (4 Years, Bachelor of Technology)",AI,EWS,Gender-Neutral,340,421
Indian Institute of Technology (BHU) Varanasi,"Electronics Engineering (4 Years, Bachelor of Technology)",AI,EWS,Female-only (including Supernumerary),1149,1369
Indian Institute of Technology (BHU) Varanasi,"Electronics Engineering (4 Years, Bachelor of Technology)",AI,EWS (PwD),Gender-Neutral,24P,24P
Indian Institute of Technology (BHU) Varanasi,"Electronics Engineering (4 Years, Bachelor of Technology)",AI,OBC-NCL,Gender-Neutral,884,1189
Indian Institute of Technology (BHU) Varanasi,"Electronics Engineering (4 Years, Bachelor of Technology)",AI,OBC-NCL,Female-only (including Supernumerary),2725,3018
Indian Institute of Technology (BHU) Varanasi,"Electronics Engineering (4 Years, Bachelor of Technology)",AI,OBC-NCL (PwD),Gender-Neutral,128,5P
Indian Institute of Technology (BHU) Varanasi,"Electronics Engineering (4 Years, Bachelor of Technology)",AI,SC,Gender-Neutral,485,777
Indian Institute of Technology (BHU) Varanasi,"Electronics Engineering (4 Years, Bachelor of Technology)",AI,SC,Female-only (including Supernumerary),1480,1701
Indian Institute of Technology (BHU) Varanasi,"Electronics Engineering (4 Years, Bachelor of Technology)",AI,ST,Gender-Neutral,357,482
Indian Institute of Technology (BHU) Varanasi,"Electronics Engineering (4 Years, Bachelor of Technology)",AI,ST,Female-only (including Supernumerary),790,812
Indian Institute of Technology (BHU) Varanasi,"Engineering Physics (4 Years, Bachelor of Technology)",AI,OPEN,Gender-Neutral,5306,7798
Indian Institute of Technology (BHU) Varanasi,"Engineering Physics (4 Years, Bachelor of Technology)",AI,OPEN,Female-only (including Supernumerary),15178,15604
Indian Institute of Technology (BHU) Varanasi,"Engineering Physics (4 Years, Bachelor of Technology)",AI,OPEN (PwD),Gender-Neutral,542P,542P
Indian Institute of Technology (BHU) Varanasi,"Engineering Physics (4 Years, Bachelor of Technology)",AI,EWS,Gender-Neutral,1358,1424
Indian Institute of Technology (BHU) Varanasi,"Engineering Physics (4 Years, Bachelor of Technology)",AI,EWS,Female-only (including Supernumerary),2473,2473
Indian Institute of Technology (BHU) Varanasi,"Engineering Physics (4 Years, Bachelor of Technology)",AI,OBC-NCL,Gender-Neutral,3220,3620
Indian Institute of Technology (BHU) Varanasi,"Engineering Physics (4 Years, Bachelor of Technology)",AI,OBC-NCL,Female-only (including Supernumerary),6515,7552
Indian Institute of Technology (BHU) Varanasi,"Engineering Physics (4 Years, Bachelor of Technology)",AI,SC,Gender-Neutral,1975,2195
Indian Institute of Technology (BHU) Varanasi,"Engineering Physics (4 Years, Bachelor of Technology)",AI,SC,Female-only (including Supernumerary),3650,3650
Indian Institute of Technology (BHU) Varanasi,"Engineering Physics (4 Years, Bachelor of Technology)",AI,ST,Gender-Neutral,1210,1240
Indian Institute of Technology (BHU) Varanasi,"Industrial Chemistry (4 Years, Bachelor of Technology)",AI,OPEN,Gender-Neutral,10861,12340
Indian Institute of Technology (BHU) Varanasi,"Industrial Chemistry (4 Years, Bachelor of Technology)",AI,OPEN,Female-only (including Supernumerary),19887,20601
Indian Institute of Technology (BHU) Varanasi,"Industrial Chemistry (4 Years, Bachelor of Technology)",AI,EWS,Gender-Neutral,1811,2090
Indian Institute of Technology (BHU) Varanasi,"Industrial Chemistry (4 Years, Bachelor of Technology)",AI,EWS,Female-only (including Supernumerary),3555,3555
Indian Institute of Technology (BHU) Varanasi,"Industrial Chemistry (4 Years, Bachelor of Technology)",AI,OBC-NCL,Gender-Neutral,4497,4681
Indian Institute of Technology (BHU) Varanasi,"Industrial Chemistry (4 Years, Bachelor of Technology)",AI,OBC-NCL,Female-only (including Supernumerary),8494,10245
Indian Institute of Technology (BHU) Varanasi,"Industrial Chemistry (4 Years, Bachelor of Technology)",AI,SC,Gender-Neutral,2673,2780
Indian Institute of Technology (BHU) Varanasi,"Industrial Chemistry (4 Years, Bachelor of Technology)",AI,SC,Female-only (including Supernumerary),4504,4504
Indian Institute of Technology (BHU) Varanasi,"Industrial Chemistry (4 Years, Bachelor of Technology)",AI,ST,Gender-Neutral,1407,1407
Indian Institute of Technology (BHU) Varanasi,"Materials Science and Technology (4 Years, Bachelor of Technology)",AI,OPEN,Gender-Neutral,9257,9905
Indian Institute of Technology (BHU) Varanasi,"Materials Science and Technology (4 Years, Bachelor of Technology)",AI,OPEN,Female-only (including Supernumerary),16691,17773
Indian Institute of Technology (BHU) Varanasi,"Materials Science and Technology (4 Years, Bachelor of Technology)",AI,EWS,Gender-Neutral,1579,1671
Indian Institute of Technology (BHU) Varanasi,"Materials Science and Technology (4 Years, Bachelor of Technology)",AI,EWS,Female-only (including Supernumerary),3522,3522
Indian Institute of Technology (BHU) Varanasi,"Materials Science and Technology (4 Years, Bachelor of Technology)",AI,OBC-NCL,Gender-Neutral,3670,4257
Indian Institute of Technology (BHU) Varanasi,"Materials Science and Technology (4 Years, Bachelor of Technology)",AI,OBC-NCL,Female-only (including Supernumerary),7990,8326
Indian Institute of Technology (BHU) Varanasi,"Materials Science and Technology (4 Years, Bachelor of Technology)",AI,SC,Gender-Neutral,2329,2573
Indian Institute of Technology (BHU) Varanasi,"Materials Science and Technology (4 Years, Bachelor of Technology)",AI,SC,Female-only (including Supernumerary),3583,3583
Indian Institute of Technology (BHU) Varanasi,"Materials Science and Technology (4 Years, Bachelor of Technology)",AI,ST,Gender-Neutral,1236,1367
Indian Institute of Technology (BHU) Varanasi,"Mathematics and Computing (4 Years, Bachelor of Technology)",AI,OPEN,Gender-Neutral,1534,1923
Indian Institute of Technology (BHU) Varanasi,"Mathematics and Computing (4 Years, Bachelor of Technology)",AI,OPEN,Female-only (including Supernumerary),4466,5284
Indian Institute of Technology (BHU) Varanasi,"Mathematics and Computing (4 Years, Bachelor of Technology)",AI,OPEN (PwD),Gender-Neutral,200,200
Indian Institute of Technology (BHU) Varanasi,"Mathematics and Computing (4 Years, Bachelor of Technology)",AI,OPEN (PwD),Female-only (including Supernumerary),258,258
Indian Institute of Technology (BHU) Varanasi,"Mathematics and Computing (4 Years, Bachelor of Technology)",AI,EWS,Gender-Neutral,252,290
Indian Institute of Technology (BHU) Varanasi,"Mathematics and Computing (4 Years, Bachelor of Technology)",AI,EWS,Female-only (including Supernumerary),889,889
Indian Institute of Technology (BHU) Varanasi,"Mathematics and Computing (4 Years, Bachelor of Technology)",AI,OBC-NCL,Gender-Neutral,706,845
Indian Institute of Technology (BHU) Varanasi,"Mathematics and Computing (4 Years, Bachelor of Technology)",AI,OBC-NCL,Female-only (including Supernumerary),2145,2505
Indian Institute of Technology (BHU) Varanasi,"Mathematics and Computing (4 Years, Bachelor of Technology)",AI,OBC-NCL (PwD),Gender-Neutral,112,112
Indian Institute of Technology (BHU) Varanasi,"Mathematics and Computing (4 Years, Bachelor of Technology)",AI,SC,Gender-Neutral,285,467
Indian Institute of Technology (BHU) Varanasi,"Mathematics and Computing (4 Years, Bachelor of Technology)",AI,SC,Female-only (including Supernumerary),1513,1547
Indian Institute of Technology (BHU) Varanasi,"Mathematics and Computing (4 Years, Bachelor of Technology)",AI,ST,Gender-Neutral,201,287
Indian Institute of Technology (BHU) Varanasi,"Mathematics and Computing (4 Years, Bachelor of Technology)",AI,ST,Female-only (including Supernumerary),347,347
Indian Institute of Technology (BHU) Varanasi,"Mechanical Engineering (4 Years, Bachelor of Technology)",AI,OPEN,Gender-Neutral,4695,8010
Indian Institute of Technology (BHU) Varanasi,"Mechanical Engineering (4 Years, Bachelor of Technology)",AI,OPEN,Female-only (including Supernumerary),13909,16502
Indian Institute of Technology (BHU) Varanasi,"Mechanical Engineering (4 Years, Bachelor of Technology)",AI,OPEN (PwD),Gender-Neutral,252P,519P
Indian Institute of Technology (BHU) Varanasi,"Mechanical Engineering (4 Years, Bachelor of Technology)",AI,EWS,Gender-Neutral,993,1098
Indian Institute of Technology (BHU) Varanasi,"Mechanical Engineering (4 Years, Bachelor of Technology)",AI,EWS,Female-only (including Supernumerary),2607,2826
Indian Institute of Technology (BHU) Varanasi,"Mechanical Engineering (4 Years, Bachelor of Technology)",AI,OBC-NCL,Gender-Neutral,2146,3175
Indian Institute of Technology (BHU) Varanasi,"Mechanical Engineering (4 Years, Bachelor of Technology)",AI,OBC-NCL,Female-only (including Supernumerary),6086,7082
Indian Institute of Technology (BHU) Varanasi,"Mechanical Engineering (4 Years, Bachelor of Technology)",AI,SC,Gender-Neutral,1100,1809
Indian Institute of Technology (BHU) Varanasi,"Mechanical Engineering (4 Years, Bachelor of Technology)",AI,SC,Female-only (including Supernumerary),2672,3120
Indian Institute of Technology (BHU) Varanasi,"Mechanical Engineering (4 Years, Bachelor of Technology)",AI,ST,Gender-Neutral,757,871
Indian Institute of Technology (BHU) Varanasi,"Mechanical Engineering (4 Years, Bachelor of Technology)",AI,ST,Female-only (including Supernumerary),1267,1570
Indian Institute of Technology (BHU) Varanasi,"Metallurgical Engineering (4 Years, Bachelor of Technology)",AI,OPEN,Gender-Neutral,10019,12952
Indian Institute of Technology (BHU) Varanasi,"Metallurgical Engineering (4 Years, Bachelor of Technology)",AI,OPEN,Female-only (including Supernumerary),17788,22297
Indian Institute of Technology (BHU) Varanasi,"Metallurgical Engineering (4 Years, Bachelor of Technology)",AI,EWS,Gender-Neutral,1735,1966
Indian Institute of Technology (BHU) Varanasi,"Metallurgical Engineering (4 Years, Bachelor of Technology)",AI,EWS,Female-only (including Supernumerary),3559,3609
Indian Institute of Technology (BHU) Varanasi,"Metallurgical Engineering (4 Years, Bachelor of Technology)",AI,OBC-NCL,Gender-Neutral,3679,4494
Indian Institute of Technology (BHU) Varanasi,"Metallurgical Engineering (4 Years, Bachelor of Technology)",AI,OBC-NCL,Female-only (including Supernumerary),8382,9300
Indian Institute of Technology (BHU) Varanasi,"Metallurgical Engineering (4 Years, Bachelor of Technology)",AI,SC,Gender-Neutral,2150,2656
Indian Institute of Technology (BHU) Varanasi,"Metallurgical Engineering (4 Years, Bachelor of Technology)",AI,SC,Female-only (including Supernumerary),3823,4274
Indian Institute of Technology (BHU) Varanasi,"Metallurgical Engineering (4 Years, Bachelor of Technology)",AI,ST,Gender-Neutral,1186,1430
Indian Institute of Technology (BHU) Varanasi,"Metallurgical Engineering (4 Years, Bachelor of Technology)",AI,ST,Female-only (including Supernumerary),1796,1853
Indian Institute of Technology (BHU) Varanasi,"Mining Engineering (4 Years, Bachelor of Technology)",AI,OPEN,Gender-Neutral,11693,15019
Indian Institute of Technology (BHU) Varanasi,"Mining Engineering (4 Years, Bachelor of Technology)",AI,OPEN,Female-only (including Supernumerary),22156,25332
Indian Institute of Technology (BHU) Varanasi,"Mining Engineering (4 Years, Bachelor of Technology)",AI,EWS,Gender-Neutral,2062,2306
Indian Institute of Technology (BHU) Varanasi,"Mining Engineering (4 Years, Bachelor of Technology)",AI,EWS,Female-only (including Supernumerary),3716,4023
Indian Institute of Technology (BHU) Varanasi,"Mining Engineering (4 Years, Bachelor of Technology)",AI,OBC-NCL,Gender-Neutral,4145,5329
Indian Institute of Technology (BHU) Varanasi,"Mining Engineering (4 Years, Bachelor of Technology)",AI,OBC-NCL,Female-only (including Supernumerary),10327,10900
Indian Institute of Technology (BHU) Varanasi,"Mining Engineering (4 Years, Bachelor of Technology)",AI,SC,Gender-Neutral,2762,3017
Indian Institute of Technology (BHU) Varanasi,"Mining Engineering (4 Years, Bachelor of Technology)",AI,SC,Female-only (including Supernumerary),4388,4721
Indian Institute of Technology (BHU) Varanasi,"Mining Engineering (4 Years, Bachelor of Technology)",AI,ST,Gender-Neutral,1285,1399
Indian Institute of Technology (BHU) Varanasi,"Mining Engineering (4 Years, Bachelor of Technology)",AI,ST,Female-only (including Supernumerary),1956,1966
Indian Institute of Technology (BHU) Varanasi,"Pharmaceutical Engineering & Technology (4 Years, Bachelor of Technology)",AI,OPEN,Gender-Neutral,12814,15894
Indian Institute of Technology (BHU) Varanasi,"Pharmaceutical Engineering & Technology (4 Years, Bachelor of Technology)",AI,OPEN,Female-only (including Supernumerary),21758,22915
Indian Institute of Technology (BHU) Varanasi,"Pharmaceutical Engineering & Technology (4 Years, Bachelor of Technology)",AI,EWS,Gender-Neutral,2224,2401
Indian Institute of Technology (BHU) Varanasi,"Pharmaceutical Engineering & Technology (4 Years, Bachelor of Technology)",AI,EWS,Female-only (including Supernumerary),3613,4596
Indian Institute of Technology (BHU) Varanasi,"Pharmaceutical Engineering & Technology (4 Years, Bachelor of Technology)",AI,OBC-NCL,Gender-Neutral,4964,5776
Indian Institute of Technology (BHU) Varanasi,"Pharmaceutical Engineering & Technology (4 Years, Bachelor of Technology)",AI,OBC-NCL,Female-only (including Supernumerary),9115,10915
Indian Institute of Technology (BHU) Varanasi,"Pharmaceutical Engineering & Technology (4 Years, Bachelor of Technology)",AI,SC,Gender-Neutral,2927,3173
Indian Institute of Technology (BHU) Varanasi,"Pharmaceutical Engineering & Technology (4 Years, Bachelor of Technology)",AI,SC,Female-only (including Supernumerary),4407,4437
Indian Institute of Technology (BHU) Varanasi,"Pharmaceutical Engineering & Technology (4 Years, Bachelor of Technology)",AI,ST,Gender-Neutral,1448,1620
Indian Institute of Technology (BHU) Varanasi,"Pharmaceutical Engineering & Technology (4 Years, Bachelor of Technology)",AI,ST,Female-only (including Supernumerary),1998,1998
Indian Institute of Technology Guwahati,"Biosciences and Bioengineering (4 Years, Bachelor of Technology)",AI,OPEN,Gender-Neutral,9358,12170
Indian Institute of Technology Guwahati,"Biosciences and Bioengineering (4 Years, Bachelor of Technology)",AI,OPEN,Female-only (including Supernumerary),17386,19195
Indian Institute of Technology Guwahati,"Biosciences and Bioengineering (4 Years, Bachelor of Technology)",AI,EWS,Gender-Neutral,1631,1908
Indian Institute of Technology Guwahati,"Biosciences and Bioengineering (4 Years, Bachelor of Technology)",AI,EWS,Female-only (including Supernumerary),3461,3461
Indian Institute of Technology Guwahati,"Biosciences and Bioengineering (4 Years, Bachelor of Technology)",AI,OBC-NCL,Gender-Neutral,3921,4389
Indian Institute of Technology Guwahati,"Biosciences and Bioengineering (4 Years, Bachelor of Technology)",AI,OBC-NCL,Female-only (including Supernumerary),7949,8987
Indian Institute of Technology Guwahati,"Biosciences and Bioengineering (4 Years, Bachelor of Technology)",AI,SC,Gender-Neutral,2432,2786
Indian Institute of Technology Guwahati,"Biosciences and Bioengineering (4 Years, Bachelor of Technology)",AI,SC,Female-only (including Supernumerary),3677,4269
Indian Institute of Technology Guwahati,"Biosciences and Bioengineering (4 Years, Bachelor of Technology)",AI,ST,Gender-Neutral,711,1449
Indian Institute of Technology Guwahati,"Biosciences and Bioengineering (4 Years, Bachelor of Technology)",AI,ST,Female-only (including Supernumerary),1591,1591
Indian Institute of Technology Guwahati,"Chemical Engineering (4 Years, Bachelor of Technology)",AI,OPEN,Gender-Neutral,5865,6915
Indian Institute of Technology Guwahati,"Chemical Engineering (4 Years, Bachelor of Technology)",AI,OPEN,Female-only (including Supernumerary),11930,13534
Indian Institute of Technology Guwahati,"Chemical Engineering (4 Years, Bachelor of Technology)",AI,OPEN (PwD),Gender-Neutral,41P,41P
Indian Institute of Technology Guwahati,"Chemical Engineering (4 Years, Bachelor of Technology)",AI,EWS,Gender-Neutral,995,1124
Indian Institute of Technology Guwahati,"Chemical Engineering (4 Years, Bachelor of Technology)",AI,EWS,Female-only (including Supernumerary),2071,2440
Indian Institute of Technology Guwahati,"Chemical Engineering (4 Years, Bachelor of Technology)",AI,OBC-NCL,Gender-Neutral,2160,2844
Indian Institute of Technology Guwahati,"Chemical Engineering (4 Years, Bachelor of Technology)",AI,OBC-NCL,Female-only (including Supernumerary),5951,6606
Indian Institute of Technology Guwahati,"Chemical Engineering (4 Years, Bachelor of Technology)",AI,SC,Gender-Neutral,1258,1638
Indian Institute of Technology Guwahati,"Chemical Engineering (4 Years, Bachelor of Technology)",AI,SC,Female-only (including Supernumerary),1886,2668
Indian Institute of Technology Guwahati,"Chemical Engineering (4 Years, Bachelor of Technology)",AI,ST,Gender-Neutral,869,949
Indian Institute of Technology Guwahati,"Chemical Engineering (4 Years, Bachelor of Technology)",AI,ST,Female-only (including Supernumerary),1280,1433
Indian Institute of Technology Guwahati,"Chemical Science and Technology (4 Years, Bachelor of Technology)",AI,OPEN,Gender-Neutral,7008,9262
Indian Institute of Technology Guwahati,"Chemical Science and Technology (4 Years, Bachelor of Technology)",AI,OPEN,Female-only (including Supernumerary),13443,16897
Indian Institute of Technology Guwahati,"Chemical Science and Technology (4 Years, Bachelor of Technology)",AI,EWS,Gender-Neutral,1374,1499
Indian Institute of Technology Guwahati,"Chemical Science and Technology (4 Years, Bachelor of Technology)",AI,EWS,Female-only (including Supernumerary),3035,3035
Indian Institute of Technology Guwahati,"Chemical Science and Technology (4 Years, Bachelor of Technology)",AI,OBC-NCL,Gender-Neutral,2883,3502
Indian Institute of Technology Guwahati,"Chemical Science and Technology (4 Years, Bachelor of Technology)",AI,OBC-NCL,Female-only (including Supernumerary),6830,7675
Indian Institute of Technology Guwahati,"Chemical Science and Technology (4 Years, Bachelor of Technology)",AI,SC,Gender-Neutral,1694,2153
Indian Institute of Technology Guwahati,"Chemical Science and Technology (4 Years, Bachelor of Technology)",AI,SC,Female-only (including Supernumerary),2851,3591
Indian Institute of Technology Guwahati,"Chemical Science and Technology (4 Years, Bachelor of Technology)",AI,ST,Gender-Neutral,973,1103
Indian Institute of Technology Guwahati,"Chemical Science and Technology (4 Years, Bachelor of Technology)",AI,ST,Female-only (including Supernumerary),1450,1450
Indian Institute of Technology Guwahati,"Civil Engineering (4 Years, Bachelor of Technology)",AI,OPEN,Gender-Neutral,6630,9883
Indian Institute of Technology Guwahati,"Civil Engineering (4 Years, Bachelor of Technology)",AI,OPEN,Female-only (including Supernumerary),16497,17941
Indian Institute of Technology Guwahati,"Civil Engineering (4 Years, Bachelor of Technology)",AI,OPEN (PwD),Gender-Neutral,499P,499P
Indian Institute of Technology Guwahati,"Civil Engineering (4 Years, Bachelor of Technology)",AI,EWS,Gender-Neutral,1293,1505
Indian Institute of Technology Guwahati,"Civil Engineering (4 Years, Bachelor of Technology)",AI,EWS,Female-only (including Supernumerary),2893,3006
Indian Institute of Technology Guwahati,"Civil Engineering (4 Years, Bachelor of Technology)",AI,OBC-NCL,Gender-Neutral,3092,3639
Indian Institute of Technology Guwahati,"Civil Engineering (4 Years, Bachelor of Technology)",AI,OBC-NCL,Female-only (including Supernumerary),7456,7988
Indian Institute of Technology Guwahati,"Civil Engineering (4 Years, Bachelor of Technology)",AI,SC,Gender-Neutral,1675,2067
Indian Institute of Technology Guwahati,"Civil Engineering (4 Years, Bachelor of Technology)",AI,SC,Female-only (including Supernumerary),3268,3429
Indian Institute of Technology Guwahati,"Civil Engineering (4 Years, Bachelor of Technology)",AI,ST,Gender-Neutral,582,726
Indian Institute of Technology Guwahati,"Civil Engineering (4 Years, Bachelor of Technology)",AI,ST,Female-only (including Supernumerary),813,875
Indian Institute of Technology Guwahati,"Computer Science and Engineering (4 Years, Bachelor of Technology)",AI,OPEN,Gender-Neutral,588,822
Indian Institute of Technology Guwahati,"Computer Science and Engineering (4 Years, Bachelor of Technology)",AI,OPEN,Female-only (including Supernumerary),2252,2903
Indian Institute of Technology Guwahati,"Computer Science and Engineering (4 Years, Bachelor of Technology)",AI,OPEN (PwD),Gender-Neutral,33,39
Indian Institute of Technology Guwahati,"Computer Science and Engineering (4 Years, Bachelor of Technology)",AI,EWS,Gender-Neutral,103,122
Indian Institute of Technology Guwahati,"Computer Science and Engineering (4 Years, Bachelor of Technology)",AI,EWS,Female-only (including Supernumerary),347,352
Indian Institute of Technology Guwahati,"Computer Science and Engineering (4 Years, Bachelor of Technology)",AI,EWS (PwD),Gender-Neutral,15,15
Indian Institute of Technology Guwahati,"Computer Science and Engineering (4 Years, Bachelor of Technology)",AI,OBC-NCL,Gender-Neutral,315,392
Indian Institute of Technology Guwahati,"Computer Science and Engineering (4 Years, Bachelor of Technology)",AI,OBC-NCL,Female-only (including Supernumerary),1053,1183
Indian Institute of Technology Guwahati,"Computer Science and Engineering (4 Years, Bachelor of Technology)",AI,OBC-NCL (PwD),Gender-Neutral,15,15
Indian Institute of Technology Guwahati,"Computer Science and Engineering (4 Years, Bachelor of Technology)",AI,OBC-NCL (PwD),Female-only (including Supernumerary),63,63
Indian Institute of Technology Guwahati,"Computer Science and Engineering (4 Years, Bachelor of Technology)",AI,SC,Gender-Neutral,144,201
Indian Institute of Technology Guwahati,"Computer Science and Engineering (4 Years, Bachelor of Technology)",AI,SC,Female-only (including Supernumerary),545,617
Indian Institute of Technology Guwahati,"Computer Science and Engineering (4 Years, Bachelor of Technology)",AI,ST,Gender-Neutral,83,98
Indian Institute of Technology Guwahati,"Computer Science and Engineering (4 Years, Bachelor of Technology)",AI,ST,Female-only (including Supernumerary),210,224
Indian Institute of Technology Guwahati,"Data Science and Artificial Intelligence (4 Years, Bachelor of Technology)",AI,OPEN,Gender-Neutral,1029,1286
Indian Institute of Technology Guwahati,"Data Science and Artificial Intelligence (4 Years, Bachelor of Technology)",AI,OPEN,Female-only (including Supernumerary),2922,3291
Indian Institute of Technology Guwahati,"Data Science and Artificial Intelligence (4 Years, Bachelor of Technology)",AI,OPEN (PwD),Gender-Neutral,81,81
Indian Institute of Technology Guwahati,"Data Science and Artificial Intelligence (4 Years, Bachelor of Technology)",AI,OPEN (PwD),Female-only (including Supernumerary),91,91
Indian Institute of Technology Guwahati,"Data Science and Artificial Intelligence (4 Years, Bachelor of Technology)",AI,EWS,Gender-Neutral,148,184
Indian Institute of Technology Guwahati,"Data Science and Artificial Intelligence (4 Years, Bachelor of Technology)",AI,EWS,Female-only (including Supernumerary),627,627
Indian Institute of Technology Guwahati,"Data Science and Artificial Intelligence (4 Years, Bachelor of Technology)",AI,OBC-NCL,Gender-Neutral,455,544
Indian Institute of Technology Guwahati,"Data Science and Artificial Intelligence (4 Years, Bachelor of Technology)",AI,OBC-NCL,Female-only (including Supernumerary),1351,1420
Indian Institute of Technology Guwahati,"Data Science and Artificial Intelligence (4 Years, Bachelor of Technology)",AI,OBC-NCL (PwD),Gender-Neutral,31,31
Indian Institute of Technology Guwahati,"Data Science and Artificial Intelligence (4 Years, Bachelor of Technology)",AI,SC,Gender-Neutral,235,324
Indian Institute of Technology Guwahati,"Data Science and Artificial Intelligence (4 Years, Bachelor of Technology)",AI,SC,Female-only (including Supernumerary),707,717
Indian Institute of Technology Guwahati,"Data Science and Artificial Intelligence (4 Years, Bachelor of Technology)",AI,ST,Gender-Neutral,106,129
Indian Institute of Technology Guwahati,"Data Science and Artificial Intelligence (4 Years, Bachelor of Technology)",AI,ST,Female-only (including Supernumerary),316,316
Indian Institute of Technology Guwahati,"Electronics and Communication Engineering (4 Years, Bachelor of Technology)",AI,OPEN,Gender-Neutral,1556,1988
Indian Institute of Technology Guwahati,"Electronics and Communication Engineering (4 Years, Bachelor of Technology)",AI,OPEN,Female-only (including Supernumerary),4617,5230
Indian Institute of Technology Guwahati,"Electronics and Communication Engineering (4 Years, Bachelor of Technology)",AI,OPEN (PwD),Gender-Neutral,137,137
Indian Institute of Technology Guwahati,"Electronics and Communication Engineering (4 Years, Bachelor of Technology)",AI,EWS,Gender-Neutral,288,342
Indian Institute of Technology Guwahati,"Electronics and Communication Engineering (4 Years, Bachelor of Technology)",AI,EWS,Female-only (including Supernumerary),930,978
Indian Institute of Technology Guwahati,"Electronics and Communication Engineering (4 Years, Bachelor of Technology)",AI,OBC-NCL,Gender-Neutral,770,899
Indian Institute of Technology Guwahati,"Electronics and Communication Engineering (4 Years, Bachelor of Technology)",AI,OBC-NCL,Female-only (including Supernumerary),2163,2619
Indian Institute of Technology Guwahati,"Electronics and Communication Engineering (4 Years, Bachelor of Technology)",AI,OBC-NCL (PwD),Gender-Neutral,89,110
Indian Institute of Technology Guwahati,"Electronics and Communication Engineering (4 Years, Bachelor of Technology)",AI,OBC-NCL (PwD),Female-only (including Supernumerary),4P,4P
Indian Institute of Technology Guwahati,"Electronics and Communication Engineering (4 Years, Bachelor of Technology)",AI,SC,Gender-Neutral,389,519
Indian Institute of Technology Guwahati,"Electronics and Communication Engineering (4 Years, Bachelor of Technology)",AI,SC,Female-only (including Supernumerary),932,1080
Indian Institute of Technology Guwahati,"Electronics and Communication Engineering (4 Years, Bachelor of Technology)",AI,ST,Gender-Neutral,233,250
Indian Institute of Technology Guwahati,"Electronics and Communication Engineering (4 Years, Bachelor of Technology)",AI,ST,Female-only (including Supernumerary),441,441
Indian Institute of Technology Guwahati,"Electronics and Electrical Engineering (4 Years, Bachelor of Technology)",AI,OPEN,Gender-Neutral,2023,2247
Indian Institute of Technology Guwahati,"Electronics and Electrical Engineering (4 Years, Bachelor of Technology)",AI,OPEN,Female-only (including Supernumerary),5497,5593
Indian Institute of Technology Guwahati,"Electronics and Electrical Engineering (4 Years, Bachelor of Technology)",AI,OPEN (PwD),Gender-Neutral,241,241
Indian Institute of Technology Guwahati,"Electronics and Electrical Engineering (4 Years, Bachelor of Technology)",AI,OPEN (PwD),Female-only (including Supernumerary),301,301
Indian Institute of Technology Guwahati,"Electronics and Electrical Engineering (4 Years, Bachelor of Technology)",AI,EWS,Gender-Neutral,355,379
Indian Institute of Technology Guwahati,"Electronics and Electrical Engineering (4 Years, Bachelor of Technology)",AI,EWS,Female-only (including Supernumerary),1039,1039
Indian Institute of Technology Guwahati,"Electronics and Electrical Engineering (4 Years, Bachelor of Technology)",AI,EWS (PwD),Gender-Neutral,28P,28P
Indian Institute of Technology Guwahati,"Electronics and Electrical Engineering (4 Years, Bachelor of Technology)",AI,OBC-NCL,Gender-Neutral,968,1060
Indian Institute of Technology Guwahati,"Electronics and Electrical Engineering (4 Years, Bachelor of Technology)",AI,OBC-NCL,Female-only (including Supernumerary),2715,2820
Indian Institute of Technology Guwahati,"Electronics and Electrical Engineering (4 Years, Bachelor of Technology)",AI,OBC-NCL (PwD),Gender-Neutral,101,101
Indian Institute of Technology Guwahati,"Electronics and Electrical Engineering (4 Years, Bachelor of Technology)",AI,SC,Gender-Neutral,576,641
Indian Institute of Technology Guwahati,"Electronics and Electrical Engineering (4 Years, Bachelor of Technology)",AI,SC,Female-only (including Supernumerary),1225,1475
Indian Institute of Technology Guwahati,"Electronics and Electrical Engineering (4 Years, Bachelor of Technology)",AI,ST,Gender-Neutral,296,312
Indian Institute of Technology Guwahati,"Electronics and Electrical Engineering (4 Years, Bachelor of Technology)",AI,ST,Female-only (including Supernumerary),680,680
Indian Institute of Technology Guwahati,"Energy Engineering (4 Years, Bachelor of Technology)",AI,OPEN,Gender-Neutral,5924,6728
Indian Institute of Technology Guwahati,"Energy Engineering (4 Years, Bachelor of Technology)",AI,OPEN,Female-only (including Supernumerary),11518,13248
Indian Institute of Technology Guwahati,"Energy Engineering (4 Years, Bachelor of Technology)",AI,OPEN (PwD),Gender-Neutral,567P,567P
Indian Institute of Technology Guwahati,"Energy Engineering (4 Years, Bachelor of Technology)",AI,EWS,Gender-Neutral,1227,1402
Indian Institute of Technology Guwahati,"Energy Engineering (4 Years, Bachelor of Technology)",AI,OBC-NCL,Gender-Neutral,2550,2821
Indian Institute of Technology Guwahati,"Energy Engineering (4 Years, Bachelor of Technology)",AI,OBC-NCL,Female-only (including Supernumerary),7537,7537
Indian Institute of Technology Guwahati,"Energy Engineering (4 Years, Bachelor of Technology)",AI,SC,Gender-Neutral,1634,1667
Indian Institute of Technology Guwahati,"Energy Engineering (4 Years, Bachelor of Technology)",AI,SC,Female-only (including Supernumerary),3153,3153
Indian Institute of Technology Guwahati,"Energy Engineering (4 Years, Bachelor of Technology)",AI,ST,Gender-Neutral,345,345
Indian Institute of Technology Guwahati,"Engineering Physics (4 Years, Bachelor of Technology)",AI,OPEN,Gender-Neutral,4334,6121
Indian Institute of Technology Guwahati,"Engineering Physics (4 Years, Bachelor of Technology)",AI,OPEN,Female-only (including Supernumerary),9404,14967
Indian Institute of Technology Guwahati,"Engineering Physics (4 Years, Bachelor of Technology)",AI,OPEN (PwD),Gender-Neutral,215P,397P
Indian Institute of Technology Guwahati,"Engineering Physics (4 Years, Bachelor of Technology)",AI,EWS,Gender-Neutral,976,1193
Indian Institute of Technology Guwahati,"Engineering Physics (4 Years, Bachelor of Technology)",AI,EWS,Female-only (including Supernumerary),2718,2718
Indian Institute of Technology Guwahati,"Engineering Physics (4 Years, Bachelor of Technology)",AI,OBC-NCL,Gender-Neutral,2041,3122
Indian Institute of Technology Guwahati,"Engineering Physics (4 Years, Bachelor of Technology)",AI,OBC-NCL,Female-only (including Supernumerary),5975,6595
Indian Institute of Technology Guwahati,"Engineering Physics (4 Years, Bachelor of Technology)",AI,SC,Gender-Neutral,1526,2123
Indian Institute of Technology Guwahati,"Engineering Physics (4 Years, Bachelor of Technology)",AI,SC,Female-only (including Supernumerary),3331,3625
Indian Institute of Technology Guwahati,"Engineering Physics (4 Years, Bachelor of Technology)",AI,ST,Gender-Neutral,701,1025
Indian Institute of Technology Guwahati,"Engineering Physics (4 Years, Bachelor of Technology)",AI,ST,Female-only (including Supernumerary),1082,1082
Indian Institute of Technology Guwahati,"Mathematics and Computing (4 Years, Bachelor of Technology)",AI,OPEN,Gender-Neutral,943,1366
Indian Institute of Technology Guwahati,"Mathematics and Computing (4 Years, Bachelor of Technology)",AI,OPEN,Female-only (including Supernumerary),3357,4299
Indian Institute of Technology Guwahati,"Mathematics and Computing (4 Years, Bachelor of Technology)",AI,OPEN (PwD),Gender-Neutral,94,115
Indian Institute of Technology Guwahati,"Mathematics and Computing (4 Years, Bachelor of Technology)",AI,OPEN (PwD),Female-only (including Supernumerary),285,285
Indian Institute of Technology Guwahati,"Mathematics and Computing (4 Years, Bachelor of Technology)",AI,EWS,Gender-Neutral,154,226
Indian Institute of Technology Guwahati,"Mathematics and Computing (4 Years, Bachelor of Technology)",AI,EWS,Female-only (including Supernumerary),876,982
Indian Institute of Technology Guwahati,"Mathematics and Computing (4 Years, Bachelor of Technology)",AI,EWS (PwD),Gender-Neutral,21P,21P
Indian Institute of Technology Guwahati,"Mathematics and Computing (4 Years, Bachelor of Technology)",AI,OBC-NCL,Gender-Neutral,447,625
Indian Institute of Technology Guwahati,"Mathematics and Computing (4 Years, Bachelor of Technology)",AI,OBC-NCL,Female-only (including Supernumerary),1523,2152
Indian Institute of Technology Guwahati,"Mathematics and Computing (4 Years, Bachelor of Technology)",AI,SC,Gender-Neutral,239,385
Indian Institute of Technology Guwahati,"Mathematics and Computing (4 Years, Bachelor of Technology)",AI,SC,Female-only (including Supernumerary),764,869
Indian Institute of Technology Guwahati,"Mathematics and Computing (4 Years, Bachelor of Technology)",AI,ST,Gender-Neutral,132,176
Indian Institute of Technology Guwahati,"Mathematics and Computing (4 Years, Bachelor of Technology)",AI,ST,Female-only (including Supernumerary),302,302
Indian Institute of Technology Guwahati,"Mechanical Engineering (4 Years, Bachelor of Technology)",AI,OPEN,Gender-Neutral,3104,5642
Indian Institute of Technology Guwahati,"Mechanical Engineering (4 Years, Bachelor of Technology)",AI,OPEN,Female-only (including Supernumerary),11165,13627
Indian Institute of Technology Guwahati,"Mechanical Engineering (4 Years, Bachelor of Technology)",AI,OPEN (PwD),Gender-Neutral,209,189P
Indian Institute of Technology Guwahati,"Mechanical Engineering (4 Years, Bachelor of Technology)",AI,EWS,Gender-Neutral,815,937
Indian Institute of Technology Guwahati,"Mechanical Engineering (4 Years, Bachelor of Technology)",AI,EWS,Female-only (including Supernumerary),2031,2603
Indian Institute of Technology Guwahati,"Mechanical Engineering (4 Years, Bachelor of Technology)",AI,OBC-NCL,Gender-Neutral,1981,2333
Indian Institute of Technology Guwahati,"Mechanical Engineering (4 Years, Bachelor of Technology)",AI,OBC-NCL,Female-only (including Supernumerary),5059,5461
Indian Institute of Technology Guwahati,"Mechanical Engineering (4 Years, Bachelor of Technology)",AI,OBC-NCL (PwD),Gender-Neutral,208P,208P
Indian Institute of Technology Guwahati,"Mechanical Engineering (4 Years, Bachelor of Technology)",AI,SC,Gender-Neutral,950,1212
Indian Institute of Technology Guwahati,"Mechanical Engineering (4 Years, Bachelor of Technology)",AI,SC,Female-only (including Supernumerary),1213,2660
Indian Institute of Technology Guwahati,"Mechanical Engineering (4 Years, Bachelor of Technology)",AI,ST,Gender-Neutral,222,648
Indian Institute of Technology Guwahati,"Mechanical Engineering (4 Years, Bachelor of Technology)",AI,ST,Female-only (including Supernumerary),1290,1379
Indian Institute of Technology Bhilai,"Computer Science and Engineering (4 Years, Bachelor of Technology)",AI,OPEN,Gender-Neutral,6201,8886
Indian Institute of Technology Bhilai,"Computer Science and Engineering (4 Years, Bachelor of Technology)",AI,OPEN,Female-only (including Supernumerary),10794,13285
Indian Institute of Technology Bhilai,"Computer Science and Engineering (4 Years, Bachelor of Technology)",AI,OPEN (PwD),Gender-Neutral,275,275
Indian Institute of Technology Bhilai,"Computer Science and Engineering (4 Years, Bachelor of Technology)",AI,EWS,Gender-Neutral,1126,1219
Indian Institute of Technology Bhilai,"Computer Science and Engineering (4 Years, Bachelor of Technology)",AI,EWS,Female-only (including Supernumerary),2244,2244
Indian Institute of Technology Bhilai,"Computer Science and Engineering (4 Years, Bachelor of Technology)",AI,OBC-NCL,Gender-Neutral,2256,2815
Indian Institute of Technology Bhilai,"Computer Science and Engineering (4 Years, Bachelor of Technology)",AI,OBC-NCL,Female-only (including Supernumerary),4762,4911
Indian Institute of Technology Bhilai,"Computer Science and Engineering (4 Years, Bachelor of Technology)",AI,OBC-NCL (PwD),Gender-Neutral,9P,9P
Indian Institute of Technology Bhilai,"Computer Science and Engineering (4 Years, Bachelor of Technology)",AI,SC,Gender-Neutral,1241,1464
Indian Institute of Technology Bhilai,"Computer Science and Engineering (4 Years, Bachelor of Technology)",AI,SC,Female-only (including Supernumerary),2049,2122
Indian Institute of Technology Bhilai,"Computer Science and Engineering (4 Years, Bachelor of Technology)",AI,ST,Gender-Neutral,638,758
Indian Institute of Technology Bhilai,"Computer Science and Engineering (4 Years, Bachelor of Technology)",AI,ST,Female-only (including Supernumerary),1009,1009
Indian Institute of Technology Bhilai,"Data Science and Artificial Intelligence (4 Years, Bachelor of Technology)",AI,OPEN,Gender-Neutral,7368,9400
Indian Institute of Technology Bhilai,"Data Science and Artificial Intelligence (4 Years, Bachelor of Technology)",AI,OPEN,Female-only (including Supernumerary),13754,14917
Indian Institute of Technology Bhilai,"Data Science and Artificial Intelligence (4 Years, Bachelor of Technology)",AI,OPEN (PwD),Gender-Neutral,85P,85P
Indian Institute of Technology Bhilai,"Data Science and Artificial Intelligence (4 Years, Bachelor of Technology)",AI,OPEN (PwD),Female-only (including Supernumerary),266P,266P
Indian Institute of Technology Bhilai,"Data Science and Artificial Intelligence (4 Years, Bachelor of Technology)",AI,EWS,Gender-Neutral,1188,1242
Indian Institute of Technology Bhilai,"Data Science and Artificial Intelligence (4 Years, Bachelor of Technology)",AI,EWS,Female-only (including Supernumerary),2269,2269
Indian Institute of Technology Bhilai,"Data Science and Artificial Intelligence (4 Years, Bachelor of Technology)",AI,OBC-NCL,Gender-Neutral,2842,3212
Indian Institute of Technology Bhilai,"Data Science and Artificial Intelligence (4 Years, Bachelor of Technology)",AI,OBC-NCL,Female-only (including Supernumerary),5373,5902
Indian Institute of Technology Bhilai,"Data Science and Artificial Intelligence (4 Years, Bachelor of Technology)",AI,SC,Gender-Neutral,1262,1581
Indian Institute of Technology Bhilai,"Data Science and Artificial Intelligence (4 Years, Bachelor of Technology)",AI,SC,Female-only (including Supernumerary),2250,2250
Indian Institute of Technology Bhilai,"Data Science and Artificial Intelligence (4 Years, Bachelor of Technology)",AI,ST,Gender-Neutral,782,817
Indian Institute of Technology Bhilai,"Data Science and Artificial Intelligence (4 Years, Bachelor of Technology)",AI,ST,Female-only (including Supernumerary),1092,1092
Indian Institute of Technology Bhilai,"Electrical Engineering (4 Years, Bachelor of Technology)",AI,OPEN,Gender-Neutral,10295,11934
Indian Institute of Technology Bhilai,"Electrical Engineering (4 Years, Bachelor of Technology)",AI,OPEN,Female-only (including Supernumerary),18135,18798
Indian Institute of Technology Bhilai,"Electrical Engineering (4 Years, Bachelor of Technology)",AI,EWS,Gender-Neutral,1587,1819
Indian Institute of Technology Bhilai,"Electrical Engineering (4 Years, Bachelor of Technology)",AI,EWS,Female-only (including Supernumerary),2754,2754
Indian Institute of Technology Bhilai,"Electrical Engineering (4 Years, Bachelor of Technology)",AI,OBC-NCL,Gender-Neutral,3608,4369
Indian Institute of Technology Bhilai,"Electrical Engineering (4 Years, Bachelor of Technology)",AI,OBC-NCL,Female-only (including Supernumerary),7621,7809
Indian Institute of Technology Bhilai,"Electrical Engineering (4 Years, Bachelor of Technology)",AI,SC,Gender-Neutral,1960,2253
Indian Institute of Technology Bhilai,"Electrical Engineering (4 Years, Bachelor of Technology)",AI,SC,Female-only (including Supernumerary),3234,3313
Indian Institute of Technology Bhilai,"Electrical Engineering (4 Years, Bachelor of Technology)",AI,ST,Gender-Neutral,920,1097
Indian Institute of Technology Bhilai,"Electrical Engineering (4 Years, Bachelor of Technology)",AI,ST,Female-only (including Supernumerary),1328,1328
Indian Institute of Technology Bhilai,"Electronics and Communication Engineering (4 Years, Bachelor of Technology)",AI,OPEN,Gender-Neutral,8257,9962
Indian Institute of Technology Bhilai,"Electronics and Communication Engineering (4 Years, Bachelor of Technology)",AI,OPEN,Female-only (including Supernumerary),15360,17231
Indian Institute of Technology Bhilai,"Electronics and Communication Engineering (4 Years, Bachelor of Technology)",AI,EWS,Gender-Neutral,1289,1344
Indian Institute of Technology Bhilai,"Electronics and Communication Engineering (4 Years, Bachelor of Technology)",AI,EWS,Female-only (including Supernumerary),2531,2531
Indian Institute of Technology Bhilai,"Electronics and Communication Engineering (4 Years, Bachelor of Technology)",AI,OBC-NCL,Gender-Neutral,2653,3498
Indian Institute of Technology Bhilai,"Electronics and Communication Engineering (4 Years, Bachelor of Technology)",AI,OBC-NCL,Female-only (including Supernumerary),6138,6323
Indian Institute of Technology Bhilai,"Electronics and Communication Engineering (4 Years, Bachelor of Technology)",AI,SC,Gender-Neutral,1635,1836
Indian Institute of Technology Bhilai,"Electronics and Communication Engineering (4 Years, Bachelor of Technology)",AI,SC,Female-only (including Supernumerary),2501,2501
Indian Institute of Technology Bhilai,"Electronics and Communication Engineering (4 Years, Bachelor of Technology)",AI,ST,Gender-Neutral,915,976
Indian Institute of Technology Bhilai,"Materials Science and Metallurgical Engineering (4 Years, Bachelor of Technology)",AI,OPEN,Gender-Neutral,15101,17880
Indian Institute of Technology Bhilai,"Materials Science and Metallurgical Engineering (4 Years, Bachelor of Technology)",AI,OPEN,Female-only (including Supernumerary),27254,27479
Indian Institute of Technology Bhilai,"Materials Science and Metallurgical Engineering (4 Years, Bachelor of Technology)",AI,EWS,Gender-Neutral,2518,2558
Indian Institute of Technology Bhilai,"Materials Science and Metallurgical Engineering (4 Years, Bachelor of Technology)",AI,EWS,Female-only (including Supernumerary),4857,4857
Indian Institute of Technology Bhilai,"Materials Science and Metallurgical Engineering (4 Years, Bachelor of Technology)",AI,OBC-NCL,Gender-Neutral,5557,6105
Indian Institute of Technology Bhilai,"Materials Science and Metallurgical Engineering (4 Years, Bachelor of Technology)",AI,OBC-NCL,Female-only (including Supernumerary),10427,10427
Indian Institute of Technology Bhilai,"Materials Science and Metallurgical Engineering (4 Years, Bachelor of Technology)",AI,SC,Gender-Neutral,3281,3295
Indian Institute of Technology Bhilai,"Materials Science and Metallurgical Engineering (4 Years, Bachelor of Technology)",AI,SC,Female-only (including Supernumerary),4663,4663
Indian Institute of Technology Bhilai,"Materials Science and Metallurgical Engineering (4 Years, Bachelor of Technology)",AI,ST,Gender-Neutral,1440,1440
Indian Institute of Technology Bhilai,"Materials Science and Metallurgical Engineering (4 Years, Bachelor of Technology)",AI,ST,Female-only (including Supernumerary),1962,1962
Indian Institute of Technology Bhilai,"Mechanical Engineering (4 Years, Bachelor of Technology)",AI,OPEN,Gender-Neutral,12106,15260
Indian Institute of Technology Bhilai,"Mechanical Engineering (4 Years, Bachelor of Technology)",AI,OPEN,Female-only (including Supernumerary),20486,24459
Indian Institute of Technology Bhilai,"Mechanical Engineering (4 Years, Bachelor of Technology)",AI,EWS,Gender-Neutral,2142,2322
Indian Institute of Technology Bhilai,"Mechanical Engineering (4 Years, Bachelor of Technology)",AI,EWS,Female-only (including Supernumerary),4191,4397
Indian Institute of Technology Bhilai,"Mechanical Engineering (4 Years, Bachelor of Technology)",AI,OBC-NCL,Gender-Neutral,4555,5514
Indian Institute of Technology Bhilai,"Mechanical Engineering (4 Years, Bachelor of Technology)",AI,OBC-NCL,Female-only (including Supernumerary),9206,10129
Indian Institute of Technology Bhilai,"Mechanical Engineering (4 Years, Bachelor of Technology)",AI,SC,Gender-Neutral,2429,2558
Indian Institute of Technology Bhilai,"Mechanical Engineering (4 Years, Bachelor of Technology)",AI,SC,Female-only (including Supernumerary),4456,4456
Indian Institute of Technology Bhilai,"Mechanical Engineering (4 Years, Bachelor of Technology)",AI,ST,Gender-Neutral,1247,1265
Indian Institute of Technology Bhilai,"Mechanical Engineering (4 Years, Bachelor of Technology)",AI,ST,Female-only (including Supernumerary),1696,1696
Indian Institute of Technology Bhilai,"Mechatronics Engineering (4 Years, Bachelor of Technology)",AI,OPEN,Gender-Neutral,10843,12519
Indian Institute of Technology Bhilai,"Mechatronics Engineering (4 Years, Bachelor of Technology)",AI,OPEN,Female-only (including Supernumerary),20216,21980
Indian Institute of Technology Bhilai,"Mechatronics Engineering (4 Years, Bachelor of Technology)",AI,EWS,Gender-Neutral,1883,1890
Indian Institute of Technology Bhilai,"Mechatronics Engineering (4 Years, Bachelor of Technology)",AI,OBC-NCL,Gender-Neutral,4453,4885
Indian Institute of Technology Bhilai,"Mechatronics Engineering (4 Years, Bachelor of Technology)",AI,OBC-NCL,Female-only (including Supernumerary),8096,8800
Indian Institute of Technology Bhilai,"Mechatronics Engineering (4 Years, Bachelor of Technology)",AI,SC,Gender-Neutral,2407,2707
Indian Institute of Technology Bhilai,"Mechatronics Engineering (4 Years, Bachelor of Technology)",AI,SC,Female-only (including Supernumerary),3878,3878
Indian Institute of Technology Bhilai,"Mechatronics Engineering (4 Years, Bachelor of Technology)",AI,ST,Gender-Neutral,1264,1300
Indian Institute of Technology Goa,"Computer Science and Engineering (4 Years, Bachelor of Technology)",AI,OPEN,Gender-Neutral,4323,7024
Indian Institute of Technology Goa,"Computer Science and Engineering (4 Years, Bachelor of Technology)",AI,OPEN,Female-only (including Supernumerary),9808,13954
Indian Institute of Technology Goa,"Computer Science and Engineering (4 Years, Bachelor of Technology)",AI,OPEN (PwD),Female-only (including Supernumerary),122P,122P
Indian Institute of Technology Goa,"Computer Science and Engineering (4 Years, Bachelor of Technology)",AI,EWS,Gender-Neutral,845,896
Indian Institute of Technology Goa,"Computer Science and Engineering (4 Years, Bachelor of Technology)",AI,EWS,Female-only (including Supernumerary),1916,1916
Indian Institute of Technology Goa,"Computer Science and Engineering (4 Years, Bachelor of Technology)",AI,OBC-NCL,Gender-Neutral,1768,2234
Indian Institute of Technology Goa,"Computer Science and Engineering (4 Years, Bachelor of Technology)",AI,OBC-NCL,Female-only (including Supernumerary),4558,4786
Indian Institute of Technology Goa,"Computer Science and Engineering (4 Years, Bachelor of Technology)",AI,OBC-NCL (PwD),Gender-Neutral,41P,41P
Indian Institute of Technology Goa,"Computer Science and Engineering (4 Years, Bachelor of Technology)",AI,SC,Gender-Neutral,1175,1439
Indian Institute of Technology Goa,"Computer Science and Engineering (4 Years, Bachelor of Technology)",AI,SC,Female-only (including Supernumerary),1949,1949
Indian Institute of Technology Goa,"Computer Science and Engineering (4 Years, Bachelor of Technology)",AI,ST,Gender-Neutral,485,490
Indian Institute of Technology Goa,"Computer Science and Engineering (4 Years, Bachelor of Technology)",AI,ST,Female-only (including Supernumerary),1165,1165
Indian Institute of Technology Goa,"Electrical Engineering (4 Years, Bachelor of Technology)",AI,OPEN,Gender-Neutral,8798,11097
Indian Institute of Technology Goa,"Electrical Engineering (4 Years, Bachelor of Technology)",AI,OPEN,Female-only (including Supernumerary),14100,18331
Indian Institute of Technology Goa,"Electrical Engineering (4 Years, Bachelor of Technology)",AI,EWS,Gender-Neutral,1495,1688
Indian Institute of Technology Goa,"Electrical Engineering (4 Years, Bachelor of Technology)",AI,EWS,Female-only (including Supernumerary),3126,3126
Indian Institute of Technology Goa,"Electrical Engineering (4 Years, Bachelor of Technology)",AI,OBC-NCL,Gender-Neutral,3256,3804
Indian Institute of Technology Goa,"Electrical Engineering (4 Years, Bachelor of Technology)",AI,OBC-NCL,Female-only (including Supernumerary),7474,7476
Indian Institute of Technology Goa,"Electrical Engineering (4 Years, Bachelor of Technology)",AI,SC,Gender-Neutral,1849,2007
Indian Institute of Technology Goa,"Electrical Engineering (4 Years, Bachelor of Technology)",AI,SC,Female-only (including Supernumerary),3398,3398
Indian Institute of Technology Goa,"Electrical Engineering (4 Years, Bachelor of Technology)",AI,ST,Gender-Neutral,1073,1126
Indian Institute of Technology Goa,"Electrical Engineering (4 Years, Bachelor of Technology)",AI,ST,Female-only (including Supernumerary),1455,1455
Indian Institute of Technology Goa,"Mathematics and Computing (4 Years, Bachelor of Technology)",AI,OPEN,Gender-Neutral,6485,8565
Indian Institute of Technology Goa,"Mathematics and Computing (4 Years, Bachelor of Technology)",AI,OPEN,Female-only (including Supernumerary),12745,14672
Indian Institute of Technology Goa,"Mathematics and Computing (4 Years, Bachelor of Technology)",AI,EWS,Gender-Neutral,1239,1277
Indian Institute of Technology Goa,"Mathematics and Computing (4 Years, Bachelor of Technology)",AI,OBC-NCL,Gender-Neutral,2450,2964
Indian Institute of Technology Goa,"Mathematics and Computing (4 Years, Bachelor of Technology)",AI,OBC-NCL,Female-only (including Supernumerary),5176,6344
Indian Institute of Technology Goa,"Mathematics and Computing (4 Years, Bachelor of Technology)",AI,SC,Gender-Neutral,1658,1804
Indian Institute of Technology Goa,"Mathematics and Computing (4 Years, Bachelor of Technology)",AI,ST,Gender-Neutral,596,860
Indian Institute of Technology Goa,"Mechanical Engineering (4 Years, Bachelor of Technology)",AI,OPEN,Gender-Neutral,11780,14290
Indian Institute of Technology Goa,"Mechanical Engineering (4 Years, Bachelor of Technology)",AI,OPEN,Female-only (including Supernumerary),20820,24203
Indian Institute of Technology Goa,"Mechanical Engineering (4 Years, Bachelor of Technology)",AI,EWS,Gender-Neutral,1971,2135
Indian Institute of Technology Goa,"Mechanical Engineering (4 Years, Bachelor of Technology)",AI,EWS,Female-only (including Supernumerary),4305,4305
Indian Institute of Technology Goa,"Mechanical Engineering (4 Years, Bachelor of Technology)",AI,OBC-NCL,Gender-Neutral,4663,5287
Indian Institute of Technology Goa,"Mechanical Engineering (4 Years, Bachelor of Technology)",AI,OBC-NCL,Female-only (including Supernumerary),8065,9279
Indian Institute of Technology Goa,"Mechanical Engineering (4 Years, Bachelor of Technology)",AI,SC,Gender-Neutral,2462,2567
Indian Institute of Technology Goa,"Mechanical Engineering (4 Years, Bachelor of Technology)",AI,SC,Female-only (including Supernumerary),4110,4239
Indian Institute of Technology Goa,"Mechanical Engineering (4 Years, Bachelor of Technology)",AI,ST,Gender-Neutral,1203,1209
Indian Institute of Technology Goa,"Mechanical Engineering (4 Years, Bachelor of Technology)",AI,ST,Female-only (including Supernumerary),1513,1513
Indian Institute of Technology Palakkad,"Civil Engineering (4 Years, Bachelor of Technology)",AI,OPEN,Gender-Neutral,15458,18196
Indian Institute of Technology Palakkad,"Civil Engineering (4 Years, Bachelor of Technology)",AI,OPEN,Female-only (including Supernumerary),25584,26797
Indian Institute of Technology Palakkad,"Civil Engineering (4 Years, Bachelor of Technology)",AI,EWS,Gender-Neutral,2536,2574
Indian Institute of Technology Palakkad,"Civil Engineering (4 Years, Bachelor of Technology)",AI,EWS,Female-only (including Supernumerary),4410,4410
Indian Institute of Technology Palakkad,"Civil Engineering (4 Years, Bachelor of Technology)",AI,OBC-NCL,Gender-Neutral,5108,6072
Indian Institute of Technology Palakkad,"Civil Engineering (4 Years, Bachelor of Technology)",AI,OBC-NCL,Female-only (including Supernumerary),8624,10142
Indian Institute of Technology Palakkad,"Civil Engineering (4 Years, Bachelor of Technology)",AI,SC,Gender-Neutral,2731,2900
Indian Institute of Technology Palakkad,"Civil Engineering (4 Years, Bachelor of Technology)",AI,SC,Female-only (including Supernumerary),4065,4224
Indian Institute of Technology Palakkad,"Civil Engineering (4 Years, Bachelor of Technology)",AI,ST,Gender-Neutral,1184,1258
Indian Institute of Technology Palakkad,"Civil Engineering (4 Years, Bachelor of Technology)",AI,ST,Female-only (including Supernumerary),1541,1541
Indian Institute of Technology Palakkad,"Computer Science and Engineering (4 Years, Bachelor of Technology)",AI,OPEN,Gender-Neutral,4760,7625
Indian Institute of Technology Palakkad,"Computer Science and Engineering (4 Years, Bachelor of Technology)",AI,OPEN,Female-only (including Supernumerary),11095,12457
Indian Institute of Technology Palakkad,"Computer Science and Engineering (4 Years, Bachelor of Technology)",AI,EWS,Gender-Neutral,963,1018
Indian Institute of Technology Palakkad,"Computer Science and Engineering (4 Years, Bachelor of Technology)",AI,EWS,Female-only (including Supernumerary),1715,1715
Indian Institute of Technology Palakkad,"Computer Science and Engineering (4 Years, Bachelor of Technology)",AI,EWS (PwD),Gender-Neutral,45P,45P
Indian Institute of Technology Palakkad,"Computer Science and Engineering (4 Years, Bachelor of Technology)",AI,OBC-NCL,Gender-Neutral,2007,2432
Indian Institute of Technology Palakkad,"Computer Science and Engineering (4 Years, Bachelor of Technology)",AI,OBC-NCL,Female-only (including Supernumerary),4334,4804
Indian Institute of Technology Palakkad,"Computer Science and Engineering (4 Years, Bachelor of Technology)",AI,OBC-NCL (PwD),Gender-Neutral,82,82
Indian Institute of Technology Palakkad,"Computer Science and Engineering (4 Years, Bachelor of Technology)",AI,SC,Gender-Neutral,1122,1317
Indian Institute of Technology Palakkad,"Computer Science and Engineering (4 Years, Bachelor of Technology)",AI,SC,Female-only (including Supernumerary),1777,1777
Indian Institute of Technology Palakkad,"Computer Science and Engineering (4 Years, Bachelor of Technology)",AI,ST,Gender-Neutral,508,550
Indian Institute of Technology Palakkad,"Computer Science and Engineering (4 Years, Bachelor of Technology)",AI,ST,Female-only (including Supernumerary),1015,1015
Indian Institute of Technology Palakkad,"Data Science and Engineering (4 Years, Bachelor of Technology)",AI,OPEN,Gender-Neutral,7167,9484
Indian Institute of Technology Palakkad,"Data Science and Engineering (4 Years, Bachelor of Technology)",AI,OPEN,Female-only (including Supernumerary),11167,14302
Indian Institute of Technology Palakkad,"Data Science and Engineering (4 Years, Bachelor of Technology)",AI,EWS,Gender-Neutral,1291,1356
Indian Institute of Technology Palakkad,"Data Science and Engineering (4 Years, Bachelor of Technology)",AI,EWS,Female-only (including Supernumerary),1996,1996
Indian Institute of Technology Palakkad,"Data Science and Engineering (4 Years, Bachelor of Technology)",AI,OBC-NCL,Gender-Neutral,2364,3230
Indian Institute of Technology Palakkad,"Data Science and Engineering (4 Years, Bachelor of Technology)",AI,OBC-NCL,Female-only (including Supernumerary),5402,5773
Indian Institute of Technology Palakkad,"Data Science and Engineering (4 Years, Bachelor of Technology)",AI,OBC-NCL (PwD),Gender-Neutral,62P,62P
Indian Institute of Technology Palakkad,"Data Science and Engineering (4 Years, Bachelor of Technology)",AI,SC,Gender-Neutral,1542,1852
Indian Institute of Technology Palakkad,"Data Science and Engineering (4 Years, Bachelor of Technology)",AI,SC,Female-only (including Supernumerary),2243,2770
Indian Institute of Technology Palakkad,"Data Science and Engineering (4 Years, Bachelor of Technology)",AI,ST,Gender-Neutral,819,843
Indian Institute of Technology Palakkad,"Electrical Engineering (4 Years, Bachelor of Technology)",AI,OPEN,Gender-Neutral,8794,10926
Indian Institute of Technology Palakkad,"Electrical Engineering (4 Years, Bachelor of Technology)",AI,OPEN,Female-only (including Supernumerary),14044,16307
Indian Institute of Technology Palakkad,"Electrical Engineering (4 Years, Bachelor of Technology)",AI,EWS,Gender-Neutral,1574,1692
Indian Institute of Technology Palakkad,"Electrical Engineering (4 Years, Bachelor of Technology)",AI,EWS,Female-only (including Supernumerary),2641,2641
Indian Institute of Technology Palakkad,"Electrical Engineering (4 Years, Bachelor of Technology)",AI,OBC-NCL,Gender-Neutral,2882,3699
Indian Institute of Technology Palakkad,"Electrical Engineering (4 Years, Bachelor of Technology)",AI,OBC-NCL,Female-only (including Supernumerary),5230,7354
Indian Institute of Technology Palakkad,"Electrical Engineering (4 Years, Bachelor of Technology)",AI,SC,Gender-Neutral,1687,2001
Indian Institute of Technology Palakkad,"Electrical Engineering (4 Years, Bachelor of Technology)",AI,SC,Female-only (including Supernumerary),3067,3067
Indian Institute of Technology Palakkad,"Electrical Engineering (4 Years, Bachelor of Technology)",AI,ST,Gender-Neutral,739,963
Indian Institute of Technology Palakkad,"Electrical Engineering (4 Years, Bachelor of Technology)",AI,ST,Female-only (including Supernumerary),1088,1088
Indian Institute of Technology Palakkad,"Materials Engineering (4 Years, Bachelor of Technology)",AI,OPEN,Gender-Neutral,13296,18397
Indian Institute of Technology Palakkad,"Materials Engineering (4 Years, Bachelor of Technology)",AI,OPEN,Female-only (including Supernumerary),26312,29145
Indian Institute of Technology Palakkad,"Materials Engineering (4 Years, Bachelor of Technology)",AI,EWS,Gender-Neutral,2669,2683
Indian Institute of Technology Palakkad,"Materials Engineering (4 Years, Bachelor of Technology)",AI,EWS,Female-only (including Supernumerary),4876,4876
Indian Institute of Technology Palakkad,"Materials Engineering (4 Years, Bachelor of Technology)",AI,OBC-NCL,Gender-Neutral,5592,6216
Indian Institute of Technology Palakkad,"Materials Engineering (4 Years, Bachelor of Technology)",AI,OBC-NCL,Female-only (including Supernumerary),10656,10785
Indian Institute of Technology Palakkad,"Materials Engineering (4 Years, Bachelor of Technology)",AI,SC,Gender-Neutral,3233,3294
Indian Institute of Technology Palakkad,"Materials Engineering (4 Years, Bachelor of Technology)",AI,SC,Female-only (including Supernumerary),4242,4242
Indian Institute of Technology Palakkad,"Materials Engineering (4 Years, Bachelor of Technology)",AI,ST,Gender-Neutral,1492,1529
Indian Institute of Technology Palakkad,"Mechanical Engineering (4 Years, Bachelor of Technology)",AI,OPEN,Gender-Neutral,10775,14360
Indian Institute of Technology Palakkad,"Mechanical Engineering (4 Years, Bachelor of Technology)",AI,OPEN,Female-only (including Supernumerary),21080,23623
Indian Institute of Technology Palakkad,"Mechanical Engineering (4 Years, Bachelor of Technology)",AI,EWS,Gender-Neutral,2167,2274
Indian Institute of Technology Palakkad,"Mechanical Engineering (4 Years, Bachelor of Technology)",AI,EWS,Female-only (including Supernumerary),4245,4245
Indian Institute of Technology Palakkad,"Mechanical Engineering (4 Years, Bachelor of Technology)",AI,OBC-NCL,Gender-Neutral,4064,4721
Indian Institute of Technology Palakkad,"Mechanical Engineering (4 Years, Bachelor of Technology)",AI,OBC-NCL,Female-only (including Supernumerary),9020,9327
Indian Institute of Technology Palakkad,"Mechanical Engineering (4 Years, Bachelor of Technology)",AI,SC,Gender-Neutral,2275,2647
Indian Institute of Technology Palakkad,"Mechanical Engineering (4 Years, Bachelor of Technology)",AI,SC,Female-only (including Supernumerary),3121,4094
Indian Institute of Technology Palakkad,"Mechanical Engineering (4 Years, Bachelor of Technology)",AI,ST,Gender-Neutral,1146,1244
Indian Institute of Technology Palakkad,"Mechanical Engineering (4 Years, Bachelor of Technology)",AI,ST,Female-only (including Supernumerary),1595,1595
Indian Institute of Technology Tirupati,"Chemical Engineering (4 Years, Bachelor of Technology)",AI,OPEN,Gender-Neutral,10624,15969
Indian Institute of Technology Tirupati,"Chemical Engineering (4 Years, Bachelor of Technology)",AI,OPEN,Female-only (including Supernumerary),22830,24439
Indian Institute of Technology Tirupati,"Chemical Engineering (4 Years, Bachelor of Technology)",AI,EWS,Gender-Neutral,2192,2410
Indian Institute of Technology Tirupati,"Chemical Engineering (4 Years, Bachelor of Technology)",AI,EWS,Female-only (including Supernumerary),4132,4132
Indian Institute of Technology Tirupati,"Chemical Engineering (4 Years, Bachelor of Technology)",AI,OBC-NCL,Gender-Neutral,4810,5642
Indian Institute of Technology Tirupati,"Chemical Engineering (4 Years, Bachelor of Technology)",AI,OBC-NCL,Female-only (including Supernumerary),7340,9291
Indian Institute of Technology Tirupati,"Chemical Engineering (4 Years, Bachelor of Technology)",AI,SC,Gender-Neutral,2554,2824
Indian Institute of Technology Tirupati,"Chemical Engineering (4 Years, Bachelor of Technology)",AI,SC,Female-only (including Supernumerary),3783,3783
Indian Institute of Technology Tirupati,"Chemical Engineering (4 Years, Bachelor of Technology)",AI,ST,Gender-Neutral,1318,1342
Indian Institute of Technology Tirupati,"Civil Engineering (4 Years, Bachelor of Technology)",AI,OPEN,Gender-Neutral,13744,17682
Indian Institute of Technology Tirupati,"Civil Engineering (4 Years, Bachelor of Technology)",AI,OPEN,Female-only (including Supernumerary),24467,25631
Indian Institute of Technology Tirupati,"Civil Engineering (4 Years, Bachelor of Technology)",AI,EWS,Gender-Neutral,2467,2526
Indian Institute of Technology Tirupati,"Civil Engineering (4 Years, Bachelor of Technology)",AI,EWS,Female-only (including Supernumerary),4248,4248
Indian Institute of Technology Tirupati,"Civil Engineering (4 Years, Bachelor of Technology)",AI,OBC-NCL,Gender-Neutral,5374,5835
Indian Institute of Technology Tirupati,"Civil Engineering (4 Years, Bachelor of Technology)",AI,OBC-NCL,Female-only (including Supernumerary),7590,8337
Indian Institute of Technology Tirupati,"Civil Engineering (4 Years, Bachelor of Technology)",AI,SC,Gender-Neutral,2683,2833
Indian Institute of Technology Tirupati,"Civil Engineering (4 Years, Bachelor of Technology)",AI,SC,Female-only (including Supernumerary),3343,3733
Indian Institute of Technology Tirupati,"Civil Engineering (4 Years, Bachelor of Technology)",AI,ST,Gender-Neutral,899,933
Indian Institute of Technology Tirupati,"Computer Science and Engineering (4 Years, Bachelor of Technology)",AI,OPEN,Gender-Neutral,2879,6030
Indian Institute of Technology Tirupati,"Computer Science and Engineering (4 Years, Bachelor of Technology)",AI,OPEN,Female-only (including Supernumerary),7603,8942
Indian Institute of Technology Tirupati,"Computer Science and Engineering (4 Years, Bachelor of Technology)",AI,OPEN (PwD),Gender-Neutral,177,211
Indian Institute of Technology Tirupati,"Computer Science and Engineering (4 Years, Bachelor of Technology)",AI,EWS,Gender-Neutral,714,808
Indian Institute of Technology Tirupati,"Computer Science and Engineering (4 Years, Bachelor of Technology)",AI,EWS,Female-only (including Supernumerary),1504,1570
Indian Institute of Technology Tirupati,"Computer Science and Engineering (4 Years, Bachelor of Technology)",AI,EWS (PwD),Gender-Neutral,12P,12P
Indian Institute of Technology Tirupati,"Computer Science and Engineering (4 Years, Bachelor of Technology)",AI,OBC-NCL,Gender-Neutral,1567,1971
Indian Institute of Technology Tirupati,"Computer Science and Engineering (4 Years, Bachelor of Technology)",AI,OBC-NCL,Female-only (including Supernumerary),2687,3403
Indian Institute of Technology Tirupati,"Computer Science and Engineering (4 Years, Bachelor of Technology)",AI,SC,Gender-Neutral,586,1032
Indian Institute of Technology Tirupati,"Computer Science and Engineering (4 Years, Bachelor of Technology)",AI,SC,Female-only (including Supernumerary),1568,1568
Indian Institute of Technology Tirupati,"Computer Science and Engineering (4 Years, Bachelor of Technology)",AI,ST,Gender-Neutral,294,405
Indian Institute of Technology Tirupati,"Computer Science and Engineering (4 Years, Bachelor of Technology)",AI,ST,Female-only (including Supernumerary),730,730
Indian Institute of Technology Tirupati,"Electrical Engineering (4 Years, Bachelor of Technology)",AI,OPEN,Gender-Neutral,6013,9677
Indian Institute of Technology Tirupati,"Electrical Engineering (4 Years, Bachelor of Technology)",AI,OPEN,Female-only (including Supernumerary),13973,14834
Indian Institute of Technology Tirupati,"Electrical Engineering (4 Years, Bachelor of Technology)",AI,OPEN (PwD),Gender-Neutral,212,212
Indian Institute of Technology Tirupati,"Electrical Engineering (4 Years, Bachelor of Technology)",AI,EWS,Gender-Neutral,1319,1360
Indian Institute of Technology Tirupati,"Electrical Engineering (4 Years, Bachelor of Technology)",AI,EWS,Female-only (including Supernumerary),2058,2058
Indian Institute of Technology Tirupati,"Electrical Engineering (4 Years, Bachelor of Technology)",AI,OBC-NCL,Gender-Neutral,2493,3354
Indian Institute of Technology Tirupati,"Electrical Engineering (4 Years, Bachelor of Technology)",AI,OBC-NCL,Female-only (including Supernumerary),4972,6028
Indian Institute of Technology Tirupati,"Electrical Engineering (4 Years, Bachelor of Technology)",AI,SC,Gender-Neutral,1651,2026
Indian Institute of Technology Tirupati,"Electrical Engineering (4 Years, Bachelor of Technology)",AI,SC,Female-only (including Supernumerary),2450,2795
Indian Institute of Technology Tirupati,"Electrical Engineering (4 Years, Bachelor of Technology)",AI,ST,Gender-Neutral,761,897
Indian Institute of Technology Tirupati,"Electrical Engineering (4 Years, Bachelor of Technology)",AI,ST,Female-only (including Supernumerary),918,918
Indian Institute of Technology Tirupati,"Engineering Physics (4 Years, Bachelor of Technology)",AI,OPEN,Gender-Neutral,10927,13132
Indian Institute of Technology Tirupati,"Engineering Physics (4 Years, Bachelor of Technology)",AI,EWS,Female-only (including Supernumerary),3065,3065
Indian Institute of Technology Tirupati,"Engineering Physics (4 Years, Bachelor of Technology)",AI,OBC-NCL,Gender-Neutral,4802,5019
Indian Institute of Technology Tirupati,"Engineering Physics (4 Years, Bachelor of Technology)",AI,OBC-NCL,Female-only (including Supernumerary),8725,8725
Indian Institute of Technology Tirupati,"Engineering Physics (4 Years, Bachelor of Technology)",AI,SC,Gender-Neutral,2818,2818
Indian Institute of Technology Tirupati,"Mechanical Engineering (4 Years, Bachelor of Technology)",AI,OPEN,Gender-Neutral,7880,12618
Indian Institute of Technology Tirupati,"Mechanical Engineering (4 Years, Bachelor of Technology)",AI,OPEN,Female-only (including Supernumerary),20078,22458
Indian Institute of Technology Tirupati,"Mechanical Engineering (4 Years, Bachelor of Technology)",AI,EWS,Gender-Neutral,1690,2108
Indian Institute of Technology Tirupati,"Mechanical Engineering (4 Years, Bachelor of Technology)",AI,EWS,Female-only (including Supernumerary),4033,4033
Indian Institute of Technology Tirupati,"Mechanical Engineering (4 Years, Bachelor of Technology)",AI,OBC-NCL,Gender-Neutral,3939,4473
Indian Institute of Technology Tirupati,"Mechanical Engineering (4 Years, Bachelor of Technology)",AI,OBC-NCL,Female-only (including Supernumerary),7812,8262
Indian Institute of Technology Tirupati,"Mechanical Engineering (4 Years, Bachelor of Technology)",AI,SC,Gender-Neutral,1259,2445
Indian Institute of Technology Tirupati,"Mechanical Engineering (4 Years, Bachelor of Technology)",AI,SC,Female-only (including Supernumerary),3741,3745
Indian Institute of Technology Tirupati,"Mechanical Engineering (4 Years, Bachelor of Technology)",AI,ST,Gender-Neutral,1084,1217
Indian Institute of Technology Tirupati,"Mechanical Engineering (4 Years, Bachelor of Technology)",AI,ST,Female-only (including Supernumerary),1064,1064
Indian Institute of Technology Jammu,"Chemical Engineering (4 Years, Bachelor of Technology)",AI,OPEN,Gender-Neutral,14134,17411
Indian Institute of Technology Jammu,"Chemical Engineering (4 Years, Bachelor of Technology)",AI,OPEN,Female-only (including Supernumerary),23456,26951
Indian Institute of Technology Jammu,"Chemical Engineering (4 Years, Bachelor of Technology)",AI,EWS,Gender-Neutral,2489,2580
Indian Institute of Technology Jammu,"Chemical Engineering (4 Years, Bachelor of Technology)",AI,EWS,Female-only (including Supernumerary),4290,4290
Indian Institute of Technology Jammu,"Chemical Engineering (4 Years, Bachelor of Technology)",AI,OBC-NCL,Gender-Neutral,5218,5905
Indian Institute of Technology Jammu,"Chemical Engineering (4 Years, Bachelor of Technology)",AI,OBC-NCL,Female-only (including Supernumerary),10001,10449
Indian Institute of Technology Jammu,"Chemical Engineering (4 Years, Bachelor of Technology)",AI,SC,Gender-Neutral,2669,2990
Indian Institute of Technology Jammu,"Chemical Engineering (4 Years, Bachelor of Technology)",AI,SC,Female-only (including Supernumerary),4571,4571
Indian Institute of Technology Jammu,"Chemical Engineering (4 Years, Bachelor of Technology)",AI,ST,Gender-Neutral,1387,1410
Indian Institute of Technology Jammu,"Chemical Engineering (4 Years, Bachelor of Technology)",AI,ST,Female-only (including Supernumerary),1793,1793
Indian Institute of Technology Jammu,"Civil Engineering (4 Years, Bachelor of Technology)",AI,OPEN,Gender-Neutral,16793,18245
Indian Institute of Technology Jammu,"Civil Engineering (4 Years, Bachelor of Technology)",AI,OPEN,Female-only (including Supernumerary),27636,29824
Indian Institute of Technology Jammu,"Civil Engineering (4 Years, Bachelor of Technology)",AI,EWS,Gender-Neutral,2601,2606
Indian Institute of Technology Jammu,"Civil Engineering (4 Years, Bachelor of Technology)",AI,EWS,Female-only (including Supernumerary),4670,4670
Indian Institute of Technology Jammu,"Civil Engineering (4 Years, Bachelor of Technology)",AI,OBC-NCL,Gender-Neutral,5428,6065
Indian Institute of Technology Jammu,"Civil Engineering (4 Years, Bachelor of Technology)",AI,OBC-NCL,Female-only (including Supernumerary),10987,11028
Indian Institute of Technology Jammu,"Civil Engineering (4 Years, Bachelor of Technology)",AI,SC,Gender-Neutral,2793,2907
Indian Institute of Technology Jammu,"Civil Engineering (4 Years, Bachelor of Technology)",AI,SC,Female-only (including Supernumerary),4657,4657
Indian Institute of Technology Jammu,"Civil Engineering (4 Years, Bachelor of Technology)",AI,ST,Gender-Neutral,1162,1166
Indian Institute of Technology Jammu,"Civil Engineering (4 Years, Bachelor of Technology)",AI,ST,Female-only (including Supernumerary),1597,1597
Indian Institute of Technology Jammu,"Computer Science and Engineering (4 Years, Bachelor of Technology)",AI,OPEN,Gender-Neutral,4505,7218
Indian Institute of Technology Jammu,"Computer Science and Engineering (4 Years, Bachelor of Technology)",AI,OPEN,Female-only (including Supernumerary),12507,14701
Indian Institute of Technology Jammu,"Computer Science and Engineering (4 Years, Bachelor of Technology)",AI,OPEN (PwD),Gender-Neutral,251,251
Indian Institute of Technology Jammu,"Computer Science and Engineering (4 Years, Bachelor of Technology)",AI,EWS,Gender-Neutral,873,1030
Indian Institute of Technology Jammu,"Computer Science and Engineering (4 Years, Bachelor of Technology)",AI,EWS,Female-only (including Supernumerary),2228,2228
Indian Institute of Technology Jammu,"Computer Science and Engineering (4 Years, Bachelor of Technology)",AI,OBC-NCL,Gender-Neutral,1745,2662
Indian Institute of Technology Jammu,"Computer Science and Engineering (4 Years, Bachelor of Technology)",AI,OBC-NCL,Female-only (including Supernumerary),4770,5333
Indian Institute of Technology Jammu,"Computer Science and Engineering (4 Years, Bachelor of Technology)",AI,OBC-NCL (PwD),Gender-Neutral,85P,85P
Indian Institute of Technology Jammu,"Computer Science and Engineering (4 Years, Bachelor of Technology)",AI,SC,Gender-Neutral,1102,1318
Indian Institute of Technology Jammu,"Computer Science and Engineering (4 Years, Bachelor of Technology)",AI,SC,Female-only (including Supernumerary),2283,2283
Indian Institute of Technology Jammu,"Computer Science and Engineering (4 Years, Bachelor of Technology)",AI,ST,Gender-Neutral,539,837
Indian Institute of Technology Jammu,"Computer Science and Engineering (4 Years, Bachelor of Technology)",AI,ST,Female-only (including Supernumerary),1370,1370
Indian Institute of Technology Jammu,"Electrical Engineering (4 Years, Bachelor of Technology)",AI,OPEN,Gender-Neutral,9340,11188
Indian Institute of Technology Jammu,"Electrical Engineering (4 Years, Bachelor of Technology)",AI,OPEN,Female-only (including Supernumerary),16301,17109
Indian Institute of Technology Jammu,"Electrical Engineering (4 Years, Bachelor of Technology)",AI,EWS,Gender-Neutral,1604,1743
Indian Institute of Technology Jammu,"Electrical Engineering (4 Years, Bachelor of Technology)",AI,EWS,Female-only (including Supernumerary),2735,2735
Indian Institute of Technology Jammu,"Electrical Engineering (4 Years, Bachelor of Technology)",AI,OBC-NCL,Gender-Neutral,3423,4048
Indian Institute of Technology Jammu,"Electrical Engineering (4 Years, Bachelor of Technology)",AI,OBC-NCL,Female-only (including Supernumerary),7905,8063
Indian Institute of Technology Jammu,"Electrical Engineering (4 Years, Bachelor of Technology)",AI,SC,Gender-Neutral,1993,2264
Indian Institute of Technology Jammu,"Electrical Engineering (4 Years, Bachelor of Technology)",AI,SC,Female-only (including Supernumerary),3474,3474
Indian Institute of Technology Jammu,"Electrical Engineering (4 Years, Bachelor of Technology)",AI,ST,Gender-Neutral,1047,1099
Indian Institute of Technology Jammu,"Electrical Engineering (4 Years, Bachelor of Technology)",AI,ST,Female-only (including Supernumerary),1557,1557
Indian Institute of Technology Jammu,"Engineering Physics (4 Years, Bachelor of Technology)",AI,OPEN,Gender-Neutral,13666,15070
Indian Institute of Technology Jammu,"Engineering Physics (4 Years, Bachelor of Technology)",AI,OPEN,Female-only (including Supernumerary),22261,24498
Indian Institute of Technology Jammu,"Engineering Physics (4 Years, Bachelor of Technology)",AI,EWS,Gender-Neutral,2326,2585
Indian Institute of Technology Jammu,"Engineering Physics (4 Years, Bachelor of Technology)",AI,OBC-NCL,Gender-Neutral,5501,6136
Indian Institute of Technology Jammu,"Engineering Physics (4 Years, Bachelor of Technology)",AI,OBC-NCL,Female-only (including Supernumerary),11046,11136
Indian Institute of Technology Jammu,"Engineering Physics (4 Years, Bachelor of Technology)",AI,SC,Gender-Neutral,3041,3212
Indian Institute of Technology Jammu,"Engineering Physics (4 Years, Bachelor of Technology)",AI,SC,Female-only (including Supernumerary),4838,4838
Indian Institute of Technology Jammu,"Engineering Physics (4 Years, Bachelor of Technology)",AI,ST,Gender-Neutral,1494,1550
Indian Institute of Technology Jammu,"Engineering Physics (4 Years, Bachelor of Technology)",AI,ST,Female-only (including Supernumerary),1918,1918
Indian Institute of Technology Jammu,"Materials and Metallurgical Engineering (4 Years, Bachelor of Technology)",AI,OPEN,Gender-Neutral,16416,18637
Indian Institute of Technology Jammu,"Materials and Metallurgical Engineering (4 Years, Bachelor of Technology)",AI,OPEN,Female-only (including Supernumerary),28848,29690
Indian Institute of Technology Jammu,"Materials and Metallurgical Engineering (4 Years, Bachelor of Technology)",AI,EWS,Gender-Neutral,2726,2743
Indian Institute of Technology Jammu,"Materials and Metallurgical Engineering (4 Years, Bachelor of Technology)",AI,EWS,Female-only (including Supernumerary),4913,4913
Indian Institute of Technology Jammu,"Materials and Metallurgical Engineering (4 Years, Bachelor of Technology)",AI,OBC-NCL,Gender-Neutral,6036,6266
Indian Institute of Technology Jammu,"Materials and Metallurgical Engineering (4 Years, Bachelor of Technology)",AI,OBC-NCL,Female-only (including Supernumerary),10758,11051
Indian Institute of Technology Jammu,"Materials and Metallurgical Engineering (4 Years, Bachelor of Technology)",AI,SC,Gender-Neutral,3069,3374
Indian Institute of Technology Jammu,"Materials and Metallurgical Engineering (4 Years, Bachelor of Technology)",AI,SC,Female-only (including Supernumerary),4733,4733
Indian Institute of Technology Jammu,"Materials and Metallurgical Engineering (4 Years, Bachelor of Technology)",AI,ST,Gender-Neutral,1495,1530
Indian Institute of Technology Jammu,"Mathematics and Computing (4 Years, Bachelor of Technology)",AI,OPEN,Gender-Neutral,6331,8786
Indian Institute of Technology Jammu,"Mathematics and Computing (4 Years, Bachelor of Technology)",AI,OPEN,Female-only (including Supernumerary),14146,15512
Indian Institute of Technology Jammu,"Mathematics and Computing (4 Years, Bachelor of Technology)",AI,OPEN (PwD),Gender-Neutral,559P,559P
Indian Institute of Technology Jammu,"Mathematics and Computing (4 Years, Bachelor of Technology)",AI,EWS,Gender-Neutral,1102,1301
Indian Institute of Technology Jammu,"Mathematics and Computing (4 Years, Bachelor of Technology)",AI,EWS,Female-only (including Supernumerary),2272,2272
Indian Institute of Technology Jammu,"Mathematics and Computing (4 Years, Bachelor of Technology)",AI,OBC-NCL,Gender-Neutral,2600,3337
Indian Institute of Technology Jammu,"Mathematics and Computing (4 Years, Bachelor of Technology)",AI,OBC-NCL,Female-only (including Supernumerary),5440,6550
Indian Institute of Technology Jammu,"Mathematics and Computing (4 Years, Bachelor of Technology)",AI,SC,Gender-Neutral,1473,1640
Indian Institute of Technology Jammu,"Mathematics and Computing (4 Years, Bachelor of Technology)",AI,SC,Female-only (including Supernumerary),2553,2553
Indian Institute of Technology Jammu,"Mathematics and Computing (4 Years, Bachelor of Technology)",AI,ST,Gender-Neutral,959,1002
Indian Institute of Technology Jammu,"Mechanical Engineering (4 Years, Bachelor of Technology)",AI,OPEN,Gender-Neutral,11581,14123
Indian Institute of Technology Jammu,"Mechanical Engineering (4 Years, Bachelor of Technology)",AI,OPEN,Female-only (including Supernumerary),21802,22900
Indian Institute of Technology Jammu,"Mechanical Engineering (4 Years, Bachelor of Technology)",AI,EWS,Gender-Neutral,2216,2416
Indian Institute of Technology Jammu,"Mechanical Engineering (4 Years, Bachelor of Technology)",AI,EWS,Female-only (including Supernumerary),4142,4142
Indian Institute of Technology Jammu,"Mechanical Engineering (4 Years, Bachelor of Technology)",AI,OBC-NCL,Gender-Neutral,4573,5426
Indian Institute of Technology Jammu,"Mechanical Engineering (4 Years, Bachelor of Technology)",AI,OBC-NCL,Female-only (including Supernumerary),9314,10241
Indian Institute of Technology Jammu,"Mechanical Engineering (4 Years, Bachelor of Technology)",AI,SC,Gender-Neutral,2444,2725
Indian Institute of Technology Jammu,"Mechanical Engineering (4 Years, Bachelor of Technology)",AI,SC,Female-only (including Supernumerary),4172,4172
Indian Institute of Technology Jammu,"Mechanical Engineering (4 Years, Bachelor of Technology)",AI,ST,Gender-Neutral,1215,1232
Indian Institute of Technology Jammu,"Mechanical Engineering (4 Years, Bachelor of Technology)",AI,ST,Female-only (including Supernumerary),1678,1678
Indian Institute of Technology Jammu,"Unified Engineering (4 Years, Bachelor of Technology)",AI,OPEN,Gender-Neutral,10549,15636
Indian Institute of Technology Jammu,"Unified Engineering (4 Years, Bachelor of Technology)",AI,OPEN,Female-only (including Supernumerary),15915,23258
Indian Institute of Technology Jammu,"Unified Engineering (4 Years, Bachelor of Technology)",AI,EWS,Gender-Neutral,2262,2629
Indian Institute of Technology Jammu,"Unified Engineering (4 Years, Bachelor of Technology)",AI,EWS,Female-only (including Supernumerary),4552,4552
Indian Institute of Technology Jammu,"Unified Engineering (4 Years, Bachelor of Technology)",AI,OBC-NCL,Gender-Neutral,4147,5994
Indian Institute of Technology Jammu,"Unified Engineering (4 Years, Bachelor of Technology)",AI,OBC-NCL,Female-only (including Supernumerary),10235,10258
Indian Institute of Technology Jammu,"Unified Engineering (4 Years, Bachelor of Technology)",AI,SC,Gender-Neutral,2993,3209
Indian Institute of Technology Jammu,"Unified Engineering (4 Years, Bachelor of Technology)",AI,SC,Female-only (including Supernumerary),3899,4549
Indian Institute of Technology Jammu,"Unified Engineering (4 Years, Bachelor of Technology)",AI,ST,Gender-Neutral,1525,1578
Indian Institute of Technology Dharwad,"Chemical and Biochemical Engineering (4 Years, Bachelor of Technology)",AI,OPEN,Gender-Neutral,14544,17789
Indian Institute of Technology Dharwad,"Chemical and Biochemical Engineering (4 Years, Bachelor of Technology)",AI,OPEN,Female-only (including Supernumerary),25799,25984
Indian Institute of Technology Dharwad,"Chemical and Biochemical Engineering (4 Years, Bachelor of Technology)",AI,EWS,Gender-Neutral,2477,2560
Indian Institute of Technology Dharwad,"Chemical and Biochemical Engineering (4 Years, Bachelor of Technology)",AI,EWS,Female-only (including Supernumerary),4483,4483
Indian Institute of Technology Dharwad,"Chemical and Biochemical Engineering (4 Years, Bachelor of Technology)",AI,OBC-NCL,Gender-Neutral,5929,6107
Indian Institute of Technology Dharwad,"Chemical and Biochemical Engineering (4 Years, Bachelor of Technology)",AI,OBC-NCL,Female-only (including Supernumerary),9074,10290
Indian Institute of Technology Dharwad,"Chemical and Biochemical Engineering (4 Years, Bachelor of Technology)",AI,SC,Gender-Neutral,2985,3220
Indian Institute of Technology Dharwad,"Chemical and Biochemical Engineering (4 Years, Bachelor of Technology)",AI,SC,Female-only (including Supernumerary),3301,3301
Indian Institute of Technology Dharwad,"Chemical and Biochemical Engineering (4 Years, Bachelor of Technology)",AI,ST,Gender-Neutral,1326,1343
Indian Institute of Technology Dharwad,"Civil and Infrastructure Engineering (4 Years, Bachelor of Technology)",AI,OPEN,Gender-Neutral,15876,17968
Indian Institute of Technology Dharwad,"Civil and Infrastructure Engineering (4 Years, Bachelor of Technology)",AI,OPEN,Female-only (including Supernumerary),24018,27345
Indian Institute of Technology Dharwad,"Civil and Infrastructure Engineering (4 Years, Bachelor of Technology)",AI,OPEN (PwD),Gender-Neutral,485P,485P
Indian Institute of Technology Dharwad,"Civil and Infrastructure Engineering (4 Years, Bachelor of Technology)",AI,EWS,Gender-Neutral,2532,2563
Indian Institute of Technology Dharwad,"Civil and Infrastructure Engineering (4 Years, Bachelor of Technology)",AI,EWS,Female-only (including Supernumerary),4464,4464
Indian Institute of Technology Dharwad,"Civil and Infrastructure Engineering (4 Years, Bachelor of Technology)",AI,OBC-NCL,Gender-Neutral,5766,6129
Indian Institute of Technology Dharwad,"Civil and Infrastructure Engineering (4 Years, Bachelor of Technology)",AI,OBC-NCL,Female-only (including Supernumerary),9350,10271
Indian Institute of Technology Dharwad,"Civil and Infrastructure Engineering (4 Years, Bachelor of Technology)",AI,SC,Gender-Neutral,2718,2940
Indian Institute of Technology Dharwad,"Civil and Infrastructure Engineering (4 Years, Bachelor of Technology)",AI,SC,Female-only (including Supernumerary),4774,4774
Indian Institute of Technology Dharwad,"Civil and Infrastructure Engineering (4 Years, Bachelor of Technology)",AI,ST,Gender-Neutral,1218,1249
Indian Institute of Technology Dharwad,"Computer Science and Engineering (4 Years, Bachelor of Technology)",AI,OPEN,Gender-Neutral,5380,8332
Indian Institute of Technology Dharwad,"Computer Science and Engineering (4 Years, Bachelor of Technology)",AI,OPEN,Female-only (including Supernumerary),9233,14069
Indian Institute of Technology Dharwad,"Computer Science and Engineering (4 Years, Bachelor of Technology)",AI,OPEN (PwD),Gender-Neutral,167,167
Indian Institute of Technology Dharwad,"Computer Science and Engineering (4 Years, Bachelor of Technology)",AI,EWS,Gender-Neutral,1038,1203
Indian Institute of Technology Dharwad,"Computer Science and Engineering (4 Years, Bachelor of Technology)",AI,EWS,Female-only (including Supernumerary),1985,1985
Indian Institute of Technology Dharwad,"Computer Science and Engineering (4 Years, Bachelor of Technology)",AI,OBC-NCL,Gender-Neutral,2264,2782
Indian Institute of Technology Dharwad,"Computer Science and Engineering (4 Years, Bachelor of Technology)",AI,OBC-NCL,Female-only (including Supernumerary),4855,5296
Indian Institute of Technology Dharwad,"Computer Science and Engineering (4 Years, Bachelor of Technology)",AI,OBC-NCL (PwD),Gender-Neutral,107,107
Indian Institute of Technology Dharwad,"Computer Science and Engineering (4 Years, Bachelor of Technology)",AI,SC,Gender-Neutral,1036,1484
Indian Institute of Technology Dharwad,"Computer Science and Engineering (4 Years, Bachelor of Technology)",AI,SC,Female-only (including Supernumerary),2273,2414
Indian Institute of Technology Dharwad,"Computer Science and Engineering (4 Years, Bachelor of Technology)",AI,ST,Gender-Neutral,434,589
Indian Institute of Technology Dharwad,"Computer Science and Engineering (4 Years, Bachelor of Technology)",AI,ST,Female-only (including Supernumerary),577,577
Indian Institute of Technology Dharwad,"Electrical and Electronics Engineering (4 Years, Bachelor of Technology)",AI,OPEN,Gender-Neutral,7859,11099
Indian Institute of Technology Dharwad,"Electrical and Electronics Engineering (4 Years, Bachelor of Technology)",AI,OPEN,Female-only (including Supernumerary),15486,17677
Indian Institute of Technology Dharwad,"Electrical and Electronics Engineering (4 Years, Bachelor of Technology)",AI,OPEN (PwD),Gender-Neutral,72P,72P
Indian Institute of Technology Dharwad,"Electrical and Electronics Engineering (4 Years, Bachelor of Technology)",AI,EWS,Gender-Neutral,1507,1530
Indian Institute of Technology Dharwad,"Electrical and Electronics Engineering (4 Years, Bachelor of Technology)",AI,EWS,Female-only (including Supernumerary),2691,2691
Indian Institute of Technology Dharwad,"Electrical and Electronics Engineering (4 Years, Bachelor of Technology)",AI,OBC-NCL,Gender-Neutral,3548,4026
Indian Institute of Technology Dharwad,"Electrical and Electronics Engineering (4 Years, Bachelor of Technology)",AI,OBC-NCL,Female-only (including Supernumerary),6791,7627
Indian Institute of Technology Dharwad,"Electrical and Electronics Engineering (4 Years, Bachelor of Technology)",AI,SC,Gender-Neutral,1945,2092
Indian Institute of Technology Dharwad,"Electrical and Electronics Engineering (4 Years, Bachelor of Technology)",AI,SC,Female-only (including Supernumerary),2911,2911
Indian Institute of Technology Dharwad,"Electrical and Electronics Engineering (4 Years, Bachelor of Technology)",AI,ST,Gender-Neutral,968,1036
Indian Institute of Technology Dharwad,"Electronics and Communication Engineering (4 Years, Bachelor of Technology)",AI,OPEN,Gender-Neutral,4363,9848
Indian Institute of Technology Dharwad,"Electronics and Communication Engineering (4 Years, Bachelor of Technology)",AI,OPEN,Female-only (including Supernumerary),11432,15164
Indian Institute of Technology Dharwad,"Electronics and Communication Engineering (4 Years, Bachelor of Technology)",AI,OPEN (PwD),Gender-Neutral,268,268
Indian Institute of Technology Dharwad,"Electronics and Communication Engineering (4 Years, Bachelor of Technology)",AI,EWS,Gender-Neutral,1252,1341
Indian Institute of Technology Dharwad,"Electronics and Communication Engineering (4 Years, Bachelor of Technology)",AI,EWS,Female-only (including Supernumerary),2374,2374
Indian Institute of Technology Dharwad,"Electronics and Communication Engineering (4 Years, Bachelor of Technology)",AI,OBC-NCL,Gender-Neutral,3012,3441
Indian Institute of Technology Dharwad,"Electronics and Communication Engineering (4 Years, Bachelor of Technology)",AI,OBC-NCL,Female-only (including Supernumerary),5679,6007
Indian Institute of Technology Dharwad,"Electronics and Communication Engineering (4 Years, Bachelor of Technology)",AI,OBC-NCL (PwD),Gender-Neutral,61P,61P
Indian Institute of Technology Dharwad,"Electronics and Communication Engineering (4 Years, Bachelor of Technology)",AI,SC,Gender-Neutral,1655,1898
Indian Institute of Technology Dharwad,"Electronics and Communication Engineering (4 Years, Bachelor of Technology)",AI,SC,Female-only (including Supernumerary),2466,2466
Indian Institute of Technology Dharwad,"Electronics and Communication Engineering (4 Years, Bachelor of Technology)",AI,ST,Gender-Neutral,847,919
Indian Institute of Technology Dharwad,"Electronics and Communication Engineering (4 Years, Bachelor of Technology)",AI,ST,Female-only (including Supernumerary),1060,1060
Indian Institute of Technology Dharwad,"Engineering Physics (4 Years, Bachelor of Technology)",AI,OPEN,Gender-Neutral,12723,14696
Indian Institute of Technology Dharwad,"Engineering Physics (4 Years, Bachelor of Technology)",AI,OPEN,Female-only (including Supernumerary),20504,21227
Indian Institute of Technology Dharwad,"Engineering Physics (4 Years, Bachelor of Technology)",AI,EWS,Gender-Neutral,2290,2441
Indian Institute of Technology Dharwad,"Engineering Physics (4 Years, Bachelor of Technology)",AI,EWS,Female-only (including Supernumerary),4357,4357
Indian Institute of Technology Dharwad,"Engineering Physics (4 Years, Bachelor of Technology)",AI,OBC-NCL,Gender-Neutral,5022,5775
Indian Institute of Technology Dharwad,"Engineering Physics (4 Years, Bachelor of Technology)",AI,OBC-NCL,Female-only (including Supernumerary),9282,9521
Indian Institute of Technology Dharwad,"Engineering Physics (4 Years, Bachelor of Technology)",AI,SC,Gender-Neutral,2822,3163
Indian Institute of Technology Dharwad,"Engineering Physics (4 Years, Bachelor of Technology)",AI,SC,Female-only (including Supernumerary),4438,4438
Indian Institute of Technology Dharwad,"Engineering Physics (4 Years, Bachelor of Technology)",AI,ST,Gender-Neutral,1467,1539
Indian Institute of Technology Dharwad,"Major in Mathematics (4 Years, Bachelor of Science)",AI,OPEN,Gender-Neutral,10445,17372
Indian Institute of Technology Dharwad,"Major in Mathematics (4 Years, Bachelor of Science)",AI,OPEN,Female-only (including Supernumerary),25158,26937
Indian Institute of Technology Dharwad,"Major in Mathematics (4 Years, Bachelor of Science)",AI,EWS,Gender-Neutral,2404,2437
Indian Institute of Technology Dharwad,"Major in Mathematics (4 Years, Bachelor of Science)",AI,OBC-NCL,Gender-Neutral,5657,6017
Indian Institute of Technology Dharwad,"Major in Mathematics (4 Years, Bachelor of Science)",AI,OBC-NCL,Female-only (including Supernumerary),9768,9768
Indian Institute of Technology Dharwad,"Major in Mathematics (4 Years, Bachelor of Science)",AI,SC,Gender-Neutral,3248,3300
Indian Institute of Technology Dharwad,"Major in Mathematics (4 Years, Bachelor of Science)",AI,ST,Gender-Neutral,1605,1605
Indian Institute of Technology Dharwad,"Major in Physics (4 Years, Bachelor of Science)",AI,OPEN,Gender-Neutral,15972,18223
Indian Institute of Technology Dharwad,"Major in Physics (4 Years, Bachelor of Science)",AI,OPEN,Female-only (including Supernumerary),28578,29216
Indian Institute of Technology Dharwad,"Major in Physics (4 Years, Bachelor of Science)",AI,EWS,Gender-Neutral,2659,2772
Indian Institute of Technology Dharwad,"Major in Physics (4 Years, Bachelor of Science)",AI,OBC-NCL,Gender-Neutral,6037,6372
Indian Institute of Technology Dharwad,"Major in Physics (4 Years, Bachelor of Science)",AI,OBC-NCL,Female-only (including Supernumerary),11146,11146
Indian Institute of Technology Dharwad,"Major in Physics (4 Years, Bachelor of Science)",AI,SC,Gender-Neutral,3339,3362
Indian Institute of Technology Dharwad,"Major in Physics (4 Years, Bachelor of Science)",AI,ST,Gender-Neutral,1575,1575
Indian Institute of Technology Dharwad,"Mathematics and Computing (4 Years, Bachelor of Technology)",AI,OPEN,Gender-Neutral,7599,9148
Indian Institute of Technology Dharwad,"Mathematics and Computing (4 Years, Bachelor of Technology)",AI,OPEN,Female-only (including Supernumerary),10656,12659
Indian Institute of Technology Dharwad,"Mathematics and Computing (4 Years, Bachelor of Technology)",AI,OPEN (PwD),Gender-Neutral,238P,238P
Indian Institute of Technology Dharwad,"Mathematics and Computing (4 Years, Bachelor of Technology)",AI,EWS,Gender-Neutral,1214,1233
Indian Institute of Technology Dharwad,"Mathematics and Computing (4 Years, Bachelor of Technology)",AI,EWS,Female-only (including Supernumerary),2195,2195
Indian Institute of Technology Dharwad,"Mathematics and Computing (4 Years, Bachelor of Technology)",AI,OBC-NCL,Gender-Neutral,2798,3200
Indian Institute of Technology Dharwad,"Mathematics and Computing (4 Years, Bachelor of Technology)",AI,OBC-NCL,Female-only (including Supernumerary),5539,5733
Indian Institute of Technology Dharwad,"Mathematics and Computing (4 Years, Bachelor of Technology)",AI,SC,Gender-Neutral,1812,1842
Indian Institute of Technology Dharwad,"Mathematics and Computing (4 Years, Bachelor of Technology)",AI,SC,Female-only (including Supernumerary),2604,2604
Indian Institute of Technology Dharwad,"Mathematics and Computing (4 Years, Bachelor of Technology)",AI,ST,Gender-Neutral,901,1007
Indian Institute of Technology Dharwad,"Mechanical Engineering (4 Years, Bachelor of Technology)",AI,OPEN,Gender-Neutral,12335,15332
Indian Institute of Technology Dharwad,"Mechanical Engineering (4 Years, Bachelor of Technology)",AI,OPEN,Female-only (including Supernumerary),23759,24811
Indian Institute of Technology Dharwad,"Mechanical Engineering (4 Years, Bachelor of Technology)",AI,OPEN (PwD),Gender-Neutral,173P,173P
Indian Institute of Technology Dharwad,"Mechanical Engineering (4 Years, Bachelor of Technology)",AI,EWS,Gender-Neutral,2118,2270
Indian Institute of Technology Dharwad,"Mechanical Engineering (4 Years, Bachelor of Technology)",AI,EWS,Female-only (including Supernumerary),4173,4173
Indian Institute of Technology Dharwad,"Mechanical Engineering (4 Years, Bachelor of Technology)",AI,OBC-NCL,Gender-Neutral,4179,5570
Indian Institute of Technology Dharwad,"Mechanical Engineering (4 Years, Bachelor of Technology)",AI,OBC-NCL,Female-only (including Supernumerary),9135,10216
Indian Institute of Technology Dharwad,"Mechanical Engineering (4 Years, Bachelor of Technology)",AI,SC,Gender-Neutral,2345,2769
Indian Institute of Technology Dharwad,"Mechanical Engineering (4 Years, Bachelor of Technology)",AI,SC,Female-only (including Supernumerary),3030,3728
Indian Institute of Technology Dharwad,"Mechanical Engineering (4 Years, Bachelor of Technology)",AI,ST,Gender-Neutral,1185,1263
Indian Institute of Technology Dharwad,"Mechanical Engineering (4 Years, Bachelor of Technology)",AI,ST,Female-only (including Supernumerary),1629,1629
